Gender,Married,Dependents,Education,Self_Employed,ApplicantIncome,CoapplicantIncome,LoanAmount,Loan_Amount_Term,Credit_History,Credit_Score,Age,Existing_Loans,Property_Area,Debt_to_Income,Loan_Status
Male,Yes,0,Graduate,No,32359,24802,10.7,300.0,1.0,804,38,3,Urban,0.0624,Y
Female,Yes,0,Not Graduate,No,129334,19224,7.7,360.0,,592,31,1,Urban,0.0144,Y
Female,No,0,Graduate,No,102011,0,25.1,360.0,0.0,503,32,2,Semiurban,0.0683,N
Female,Yes,1,Graduate,No,63925,49666,18.1,180.0,0.0,529,44,0,Rural,0.0885,Y
Male,No,0,Graduate,No,37364,0,24.8,300.0,1.0,786,31,0,Semiurban,0.2212,Y
Male,Yes,2,Graduate,No,80847,16838,27.5,360.0,1.0,841,44,0,Urban,0.0782,Y
Male,No,0,Graduate,No,25167,0,31.6,240.0,1.0,757,45,1,Urban,0.5232,Y
Female,No,1,Graduate,Yes,75985,0,25.6,360.0,0.0,472,55,2,Urban,0.0936,N
Female,Yes,2,Graduate,No,70544,0,11.2,360.0,1.0,654,33,0,Urban,0.0441,Y
Female,Yes,2,Graduate,No,41123,0,28.4,180.0,1.0,850,34,1,Urban,0.3837,Y
Male,Yes,2,Graduate,No,78401,9357,22.9,360.0,1.0,713,21,1,Rural,0.0725,Y
Female,No,1,Graduate,Yes,35468,0,74.7,300.0,1.0,580,28,1,Semiurban,0.702,N
Female,Yes,3+,Not Graduate,Yes,23564,23030,20.2,300.0,0.0,787,27,0,Semiurban,0.1445,Y
Male,Yes,0,Graduate,No,72329,17352,25.3,360.0,1.0,659,44,0,Urban,0.0784,Y
Male,Yes,0,Not Graduate,No,42505,18123,19.0,360.0,1.0,704,58,0,Urban,0.0871,Y
Male,Yes,0,Not Graduate,No,59927,17025,20.7,300.0,1.0,648,44,0,Semiurban,0.0897,Y
Male,Yes,0,Graduate,No,110243,11142,19.9,240.0,0.0,504,49,0,Rural,0.0683,Y
Male,Yes,0,Graduate,No,30911,0,15.5,360.0,1.0,827,30,0,Semiurban,0.1393,Y
Male,Yes,0,Graduate,No,41287,26653,22.3,360.0,0.0,608,25,0,Rural,0.0912,N
Male,No,0,Graduate,No,97228,0,29.2,360.0,1.0,738,35,1,Rural,0.0834,Y
Female,No,0,Graduate,No,61968,0,15.6,360.0,1.0,595,31,3,Urban,0.0699,Y
Male,Yes,0,Not Graduate,No,31260,11963,33.2,360.0,1.0,683,29,2,Urban,0.2134,Y
Male,No,3+,Graduate,No,27515,0,30.8,300.0,1.0,654,40,0,Semiurban,0.3731,Y
Male,No,0,Not Graduate,No,34063,0,11.8,360.0,1.0,636,25,0,Semiurban,0.0962,Y
Male,No,1,Graduate,No,30662,0,,240.0,1.0,752,47,3,Urban,0.1536,Y
Female,Yes,0,Not Graduate,No,49945,72770,26.3,240.0,1.0,680,34,0,Semiurban,0.0893,Y
Male,Yes,3+,Graduate,Yes,46130,60866,14.1,360.0,0.0,652,38,3,Semiurban,0.0366,N
Male,Yes,2,Graduate,Yes,51002,18742,10.7,120.0,0.0,655,39,1,Rural,0.1278,N
Female,No,1,Graduate,No,29132,0,56.3,180.0,1.0,671,33,2,Urban,1.0736,N
Male,Yes,1,Graduate,Yes,42812,17092,11.2,240.0,1.0,751,52,0,Urban,0.0779,Y
Female,Yes,0,Graduate,No,15869,11306,8.1,240.0,1.0,668,21,1,Semiurban,0.1242,Y
Male,Yes,3+,Not Graduate,Yes,47691,74145,12.6,300.0,1.0,639,52,1,Semiurban,0.0345,Y
Male,Yes,2,Graduate,No,79835,10889,23.1,300.0,1.0,615,34,0,Semiurban,0.0849,Y
Female,Yes,2,Not Graduate,No,21756,40450,21.0,180.0,1.0,718,48,1,Rural,0.1875,Y
Female,Yes,1,Graduate,Yes,56484,0,62.3,240.0,1.0,643,40,0,Rural,0.4596,Y
Female,Yes,0,Not Graduate,No,32679,17794,12.7,120.0,1.0,834,47,0,Semiurban,0.2097,Y
Male,Yes,2,Graduate,No,66254,78201,23.1,300.0,1.0,850,37,2,Urban,0.0533,Y
Male,No,0,Graduate,No,48018,0,39.5,360.0,1.0,753,41,1,Semiurban,0.2285,Y
Female,No,1,Not Graduate,No,54304,0,13.5,240.0,0.0,612,50,0,Semiurban,0.1036,N
Male,No,0,Graduate,Yes,45817,0,30.6,360.0,0.0,592,39,0,Rural,0.1855,N
Male,No,3+,Graduate,No,86178,0,6.7,180.0,1.0,850,53,0,Rural,0.0432,Y
Male,Yes,0,Graduate,No,52770,28212,57.7,120.0,1.0,850,42,0,Semiurban,0.5937,Y
Male,Yes,0,Graduate,,31172,6574,36.5,300.0,1.0,692,30,0,Semiurban,0.3223,Y
Female,No,1,Graduate,No,46600,0,13.4,300.0,1.0,692,34,1,Urban,0.0958,Y
Male,Yes,2,Graduate,Yes,36885,30941,33.0,240.0,1.0,739,48,1,Urban,0.2027,Y
Female,Yes,1,Graduate,No,48108,10670,44.2,240.0,1.0,604,24,0,Urban,0.3133,Y
Male,Yes,0,Graduate,No,35958,17244,9.3,120.0,0.0,428,47,0,Urban,0.1457,N
Male,Yes,,Graduate,No,31622,8867,14.0,360.0,1.0,590,34,0,Semiurban,0.096,Y
Male,Yes,2,Graduate,No,49003,19544,45.0,300.0,1.0,683,24,0,Urban,0.2188,Y
Male,Yes,3+,Graduate,,45611,24467,20.9,240.0,1.0,625,40,1,Semiurban,0.1243,Y
Female,Yes,2,Not Graduate,Yes,75507,17426,26.1,360.0,0.0,721,30,2,Semiurban,0.078,N
Female,No,0,Not Graduate,No,36045,0,20.9,120.0,1.0,578,32,2,Semiurban,0.4832,N
Female,Yes,3+,Graduate,No,16475,7123,34.3,240.0,1.0,590,31,0,Semiurban,0.6056,Y
Female,Yes,0,Not Graduate,No,36977,27891,27.3,240.0,1.0,545,39,0,Urban,0.1754,Y
,Yes,0,Graduate,No,19669,5727,21.4,240.0,1.0,652,34,1,Rural,0.3511,N
Female,No,0,Not Graduate,No,54603,0,5.7,120.0,1.0,674,42,0,Urban,0.087,Y
Male,Yes,0,Graduate,No,19207,6252,,360.0,0.0,583,49,0,Rural,0.3219,N
Male,Yes,2,Graduate,Yes,27060,22819,31.1,360.0,1.0,707,44,1,Urban,0.1732,Y
Male,Yes,0,Graduate,No,37006,0,9.5,300.0,1.0,654,58,1,Semiurban,0.0856,Y
Male,Yes,0,Graduate,No,95988,29212,9.9,300.0,0.0,495,61,0,Urban,0.0264,Y
Male,No,0,Graduate,No,25940,0,27.4,360.0,1.0,748,35,0,Urban,0.2934,Y
Male,No,0,Graduate,,44632,0,22.6,300.0,1.0,629,25,3,Semiurban,0.1688,Y
Female,Yes,1,Graduate,No,59278,7136,6.1,360.0,1.0,780,35,1,Semiurban,0.0255,Y
Male,Yes,0,Graduate,No,93156,0,12.3,300.0,1.0,577,39,2,Urban,0.044,Y
Male,,0,Graduate,No,65441,0,24.2,240.0,1.0,643,62,3,Semiurban,0.1541,Y
Male,Yes,1,Graduate,No,76646,23942,30.1,180.0,1.0,850,34,2,Urban,0.1662,Y
Male,Yes,1,Graduate,No,68333,12309,14.1,360.0,1.0,850,41,3,Urban,0.0486,Y
Female,Yes,2,Graduate,No,24232,20831,18.4,120.0,1.0,588,31,1,Rural,0.3403,Y
Male,No,0,Graduate,No,53095,0,11.9,360.0,1.0,819,34,0,Rural,0.0623,Y
Female,Yes,2,Not Graduate,No,67801,9667,44.4,360.0,0.0,735,25,0,Semiurban,0.1592,Y
Female,Yes,3+,Not Graduate,No,27495,40472,22.3,300.0,0.0,686,22,0,Urban,0.1094,N
Male,No,2,Graduate,Yes,33194,0,13.5,240.0,0.0,584,53,0,Urban,0.1695,N
Male,Yes,1,Graduate,No,29685,0,10.0,300.0,1.0,536,50,0,Rural,0.1123,Y
Female,Yes,0,Graduate,No,65272,20634,9.4,360.0,1.0,718,34,2,Urban,0.0304,Y
Female,No,3+,Not Graduate,,42846,0,59.6,360.0,1.0,747,50,0,Rural,0.3864,Y
Female,Yes,0,Graduate,No,37782,7179,18.1,360.0,1.0,731,24,1,Urban,0.1118,Y
Female,Yes,0,Graduate,Yes,23369,8181,15.8,300.0,1.0,753,36,2,Rural,0.1669,Y
Male,,0,Graduate,No,42886,9080,17.7,300.0,1.0,637,40,0,Urban,0.1135,Y
Male,Yes,0,Graduate,No,33396,21144,13.8,360.0,0.0,546,52,0,Urban,0.0703,N
Male,Yes,3+,Graduate,No,50095,0,18.8,360.0,1.0,495,40,2,Semiurban,0.1042,Y
Female,Yes,1,Graduate,No,25047,11255,20.5,360.0,1.0,790,44,0,Rural,0.1569,Y
Female,Yes,1,Graduate,No,48482,16742,20.3,360.0,1.0,629,33,0,Rural,0.0865,Y
Male,No,1,Graduate,No,35615,0,9.4,180.0,1.0,688,41,0,Semiurban,0.1466,Y
Male,Yes,0,Graduate,No,23750,28274,34.3,180.0,1.0,733,52,0,Rural,0.3663,Y
Male,Yes,0,Graduate,Yes,22842,44414,14.4,300.0,1.0,660,21,2,Semiurban,0.0714,Y
Male,Yes,1,Graduate,No,24624,18773,13.5,360.0,0.0,493,50,1,Rural,0.0864,N
Female,No,1,Not Graduate,No,40007,0,13.2,300.0,0.0,613,36,0,Rural,0.11,N
Female,Yes,0,Graduate,Yes,47122,28104,10.7,360.0,,549,23,1,Semiurban,0.0395,Y
Female,Yes,2,Graduate,No,50762,15643,23.6,360.0,1.0,779,35,0,Semiurban,0.0987,Y
Male,Yes,0,Graduate,No,51729,0,34.4,120.0,1.0,769,52,0,Semiurban,0.5542,Y
Male,Yes,0,Graduate,No,30356,0,13.0,360.0,1.0,661,33,1,Semiurban,0.119,Y
Female,Yes,0,Graduate,No,75297,17777,6.6,300.0,1.0,666,41,1,Rural,0.0236,Y
Female,No,,Graduate,No,35557,0,10.8,120.0,1.0,621,21,0,Urban,0.2531,Y
Male,Yes,2,Graduate,No,55552,33798,15.3,360.0,1.0,676,21,1,Urban,0.0476,Y
Female,Yes,2,Graduate,No,40861,16529,9.6,360.0,1.0,692,26,2,Semiurban,0.0465,Y
Male,Yes,0,Graduate,,53520,149302,14.0,360.0,0.0,561,49,2,Urban,0.0192,Y
Male,No,1,Graduate,No,39848,0,14.4,360.0,1.0,840,37,1,Semiurban,0.1004,Y
Male,Yes,1,Graduate,No,54004,6803,19.9,360.0,1.0,553,50,0,Rural,0.0909,Y
Male,,0,Graduate,No,44192,0,8.4,360.0,1.0,628,51,1,Semiurban,0.0528,Y
Male,Yes,,Graduate,No,66631,33691,28.4,360.0,0.0,656,30,0,Rural,0.0786,N
Male,,3+,Graduate,No,29456,25905,54.4,240.0,1.0,850,55,0,Urban,0.4094,Y
Female,Yes,1,Graduate,Yes,18307,0,47.3,240.0,1.0,632,32,2,Rural,1.0765,N
Male,Yes,3+,Graduate,No,27264,29008,14.1,360.0,1.0,801,49,2,Semiurban,0.0696,Y
Male,Yes,0,Graduate,No,75694,0,30.0,360.0,0.0,486,49,0,Urban,0.1101,N
Female,Yes,1,Not Graduate,No,41057,25365,27.9,300.0,0.0,555,39,0,Semiurban,0.14,Y
Male,Yes,0,Not Graduate,Yes,46445,7871,19.6,300.0,1.0,711,39,1,Rural,0.1203,Y
Male,Yes,0,Graduate,No,26191,1964,22.3,360.0,1.0,648,42,3,Urban,0.22,Y
Female,Yes,0,Graduate,No,45834,0,30.3,360.0,0.0,552,39,1,Semiurban,0.1836,N
Male,No,0,Graduate,No,26598,0,34.1,360.0,1.0,587,34,2,Rural,0.3561,Y
Male,No,0,Graduate,No,28627,0,12.3,360.0,1.0,771,33,2,Urban,0.1193,Y
Male,No,0,Not Graduate,,36270,0,31.5,360.0,1.0,629,34,1,Semiurban,0.2412,Y
Male,No,0,Not Graduate,No,55412,0,54.6,120.0,1.0,650,51,1,Semiurban,0.8211,Y
Female,Yes,1,Not Graduate,No,58450,12891,34.1,240.0,1.0,640,21,1,Urban,0.1992,Y
Female,No,0,Graduate,No,59250,0,50.5,300.0,1.0,644,33,1,Semiurban,0.2841,Y
Female,Yes,0,Graduate,No,20049,37925,4.3,360.0,0.0,603,34,1,Urban,0.0206,Y
Female,Yes,0,Not Graduate,No,44208,32911,28.7,300.0,1.0,716,35,1,Rural,0.124,Y
Female,Yes,0,Graduate,No,40199,0,23.5,360.0,1.0,850,41,1,Urban,0.1624,Y
Male,Yes,1,Not Graduate,No,20618,0,37.2,360.0,0.0,568,23,1,Urban,0.5012,N
Female,No,0,Graduate,Yes,44712,0,10.2,300.0,1.0,701,49,1,Semiurban,0.076,Y
Male,Yes,2,Graduate,No,39136,46016,14.8,360.0,1.0,830,48,0,Urban,0.0483,Y
Female,Yes,0,Graduate,No,57283,0,34.5,300.0,1.0,730,45,1,Urban,0.2008,Y
Female,No,0,Graduate,No,46195,0,10.6,180.0,1.0,701,36,0,Rural,0.1275,Y
Male,Yes,2,Graduate,No,33703,44025,23.2,240.0,0.0,578,30,0,Rural,0.1244,N
Male,Yes,1,Graduate,No,70466,6353,19.9,120.0,0.0,607,34,2,Rural,0.2159,N
Male,No,0,Graduate,No,14609,0,17.9,360.0,1.0,798,39,0,Semiurban,0.3403,Y
Male,Yes,2,Graduate,No,42953,30974,,360.0,1.0,831,45,1,Rural,0.1063,Y
Female,Yes,0,Graduate,No,18368,5140,,360.0,1.0,803,37,1,Rural,0.1217,Y
Female,Yes,2,Graduate,Yes,28111,95320,12.6,360.0,1.0,752,42,1,Semiurban,0.0284,Y
Male,Yes,1,Not Graduate,No,57665,55753,18.5,360.0,1.0,729,33,0,Urban,0.0453,Y
Male,No,1,Graduate,No,23456,0,9.8,360.0,0.0,773,41,0,Urban,0.1161,Y
Male,Yes,3+,Graduate,No,21767,0,42.0,360.0,1.0,667,35,0,Semiurban,0.536,N
Male,Yes,0,Not Graduate,Yes,145943,21001,12.4,300.0,1.0,773,41,0,Rural,0.0248,Y
,Yes,1,Not Graduate,No,22479,38303,32.2,360.0,1.0,816,21,0,Semiurban,0.1472,Y
Male,Yes,0,Graduate,No,101241,10038,11.9,360.0,,804,43,1,Semiurban,0.0297,Y
,No,0,Not Graduate,Yes,40697,0,30.6,240.0,1.0,641,44,0,Urban,0.3133,Y
Male,Yes,0,Graduate,Yes,34118,41659,7.6,300.0,1.0,850,44,3,Urban,0.0334,Y
Male,Yes,0,Graduate,No,58888,7737,46.8,360.0,1.0,850,27,1,Semiurban,0.1951,Y
Female,Yes,1,Graduate,Yes,86534,0,39.7,360.0,1.0,805,30,1,Rural,0.1274,Y
Male,No,1,Graduate,No,25008,0,14.4,120.0,1.0,619,28,1,Urban,0.4798,N
Female,No,1,Not Graduate,No,34368,0,12.2,240.0,1.0,798,42,0,Rural,0.1479,Y
Female,Yes,0,Graduate,No,67740,15472,26.4,300.0,0.0,382,45,0,Urban,0.1058,N
Male,Yes,0,Not Graduate,Yes,51226,31555,,120.0,1.0,689,30,2,Semiurban,0.0805,Y
Male,Yes,3+,Graduate,No,76954,0,20.5,240.0,1.0,720,52,1,Semiurban,0.111,Y
Male,No,0,Graduate,No,57386,0,12.4,240.0,1.0,670,52,1,Rural,0.09,Y
Male,Yes,1,Graduate,No,109547,13615,17.2,240.0,1.0,850,40,3,Urban,0.0582,Y
Male,No,2,Not Graduate,No,48499,0,13.6,300.0,1.0,719,42,1,Urban,0.0935,Y
Female,Yes,2,Graduate,No,49558,52863,12.4,360.0,1.0,623,21,0,Urban,0.0336,Y
Male,No,0,Not Graduate,No,52097,0,55.9,240.0,0.0,658,32,0,Rural,0.4471,N
Male,Yes,2,Not Graduate,No,41306,37474,32.1,360.0,1.0,746,24,0,Urban,0.1132,Y
Male,Yes,0,Graduate,No,67781,22010,8.3,360.0,1.0,552,28,2,Urban,0.0257,Y
Female,Yes,2,Graduate,Yes,49937,14722,11.9,360.0,1.0,830,44,0,Semiurban,0.0511,Y
Male,Yes,0,Not Graduate,Yes,65781,0,33.6,300.0,0.0,599,46,0,Semiurban,0.1703,N
Male,No,0,Not Graduate,No,71129,0,35.9,240.0,1.0,799,47,2,Rural,0.2103,Y
Male,No,0,Graduate,No,54953,0,8.7,360.0,1.0,747,41,0,Rural,0.044,Y
Female,No,2,Graduate,No,57003,0,30.5,360.0,1.0,680,44,0,Semiurban,0.1486,Y
Male,Yes,0,Graduate,No,26765,0,23.5,360.0,1.0,748,21,2,Rural,0.2439,N
Female,Yes,0,Graduate,No,33686,0,6.3,180.0,1.0,701,24,1,Semiurban,0.1039,Y
Female,No,0,Graduate,No,67622,0,15.8,120.0,1.0,736,36,1,Urban,0.1947,Y
Male,Yes,3+,Graduate,No,90383,20769,18.5,240.0,1.0,764,45,0,Rural,0.0693,Y
Female,Yes,,Graduate,No,16811,0,20.7,240.0,,723,33,1,Semiurban,0.513,Y
Male,Yes,1,Graduate,No,33392,34591,9.1,180.0,0.0,632,23,2,Semiurban,0.0744,Y
Female,Yes,1,Graduate,No,44883,0,12.7,240.0,1.0,677,30,1,Semiurban,0.1179,Y
Female,Yes,0,Graduate,No,28577,18080,13.8,300.0,1.0,659,28,1,Semiurban,0.0986,Y
Male,Yes,0,Graduate,No,29400,52010,14.6,360.0,0.0,660,21,0,Urban,0.0498,Y
Male,Yes,3+,Graduate,No,56244,8767,14.7,360.0,1.0,841,62,2,Semiurban,0.0628,Y
Female,No,,Graduate,No,97801,0,18.5,180.0,1.0,663,52,1,Rural,0.1051,Y
Male,Yes,0,Graduate,No,16060,0,24.2,360.0,1.0,738,21,2,Semiurban,0.4185,Y
Male,Yes,0,Graduate,No,40732,0,58.2,360.0,0.0,463,21,0,Urban,0.3969,N
Male,Yes,0,Graduate,No,55918,67074,33.9,240.0,1.0,850,29,1,Rural,0.1148,Y
Female,No,0,Not Graduate,No,65520,0,44.3,180.0,0.0,693,22,3,Urban,0.3756,N
,Yes,0,Graduate,No,52029,63437,15.1,180.0,1.0,657,64,0,Urban,0.0727,Y
Male,Yes,0,Graduate,Yes,107013,22113,11.0,360.0,0.0,558,29,3,Urban,0.0237,N
Male,Yes,0,Not Graduate,Yes,45002,30399,32.5,240.0,1.0,819,42,0,Urban,0.1796,Y
Male,Yes,0,Graduate,Yes,85476,14705,19.9,180.0,0.0,606,32,0,Semiurban,0.1104,Y
Female,Yes,0,Not Graduate,No,32107,14820,31.1,300.0,1.0,767,25,2,Semiurban,0.2209,Y
Male,No,0,Graduate,Yes,45661,0,11.8,360.0,1.0,621,50,0,Rural,0.0718,Y
Female,No,2,Graduate,No,24189,0,29.6,300.0,1.0,762,45,1,Rural,0.4079,Y
Male,Yes,0,Graduate,Yes,69594,33476,18.1,300.0,1.0,697,37,0,Rural,0.0585,Y
Female,Yes,1,Graduate,No,41764,28672,15.2,240.0,1.0,737,64,1,Semiurban,0.0899,Y
Male,No,1,Graduate,No,53046,0,16.1,,1.0,674,41,1,Semiurban,0.1012,Y
Male,Yes,,Graduate,No,37923,12526,27.0,300.0,1.0,691,33,0,Rural,0.1784,Y
,No,0,Graduate,No,59469,0,32.0,300.0,1.0,719,59,0,Semiurban,0.1794,Y
Female,Yes,0,Not Graduate,No,54107,5592,16.1,300.0,1.0,657,42,3,Rural,0.0899,Y
Female,No,0,Graduate,No,26975,0,24.7,180.0,1.0,850,56,2,Semiurban,0.5087,Y
Male,No,1,Graduate,,27767,0,24.6,180.0,0.0,495,38,2,Urban,0.4922,N
Female,No,0,Graduate,No,43744,0,31.3,240.0,1.0,755,21,0,Semiurban,0.2981,Y
,No,2,Graduate,No,61684,0,36.3,180.0,1.0,737,21,1,Semiurban,0.3269,Y
Male,Yes,2,Graduate,No,112583,13839,59.5,240.0,1.0,778,50,3,Semiurban,0.1961,Y
Male,No,0,Graduate,No,51611,0,15.2,120.0,0.0,365,32,0,Urban,0.2454,N
Male,Yes,0,Graduate,Yes,73406,15276,48.2,300.0,1.0,558,41,2,Semiurban,0.1812,Y
Male,Yes,1,Not Graduate,Yes,19803,33059,21.5,240.0,1.0,661,50,0,Rural,0.1695,Y
Female,No,0,Graduate,No,121355,0,10.4,360.0,0.0,673,40,1,Rural,0.0238,N
Female,No,0,Graduate,No,60045,0,,360.0,1.0,686,29,0,Urban,0.0629,Y
Female,No,2,Graduate,No,43269,0,26.6,300.0,1.0,683,38,1,Urban,0.2049,Y
Male,Yes,0,Graduate,No,40850,25174,31.0,300.0,1.0,711,39,0,Semiurban,0.1565,Y
Male,No,3+,Graduate,No,25499,0,10.9,,1.0,634,34,0,Semiurban,0.1187,Y
Female,No,1,Not Graduate,No,29418,0,12.7,360.0,1.0,752,23,0,Urban,0.1199,Y
Female,Yes,2,Not Graduate,Yes,115291,18792,14.6,360.0,1.0,727,34,0,Urban,0.0302,Y
Female,Yes,0,Graduate,No,27052,24561,12.0,360.0,0.0,635,37,0,Rural,0.0646,N
Female,Yes,0,Graduate,No,26792,23425,6.5,360.0,1.0,846,22,0,Rural,0.036,Y
Female,Yes,0,Graduate,Yes,31222,20221,5.3,300.0,1.0,689,28,3,Semiurban,0.0343,Y
Male,No,0,Graduate,No,24365,0,16.0,120.0,1.0,720,30,0,Semiurban,0.5472,Y
Male,Yes,0,Graduate,No,44697,0,23.4,180.0,1.0,621,21,2,Semiurban,0.2908,Y
Female,No,0,Graduate,Yes,76455,0,29.8,360.0,1.0,597,39,0,Urban,0.1083,Y
Female,No,0,Graduate,No,32688,0,8.9,360.0,0.0,589,41,0,Semiurban,0.0756,Y
Male,Yes,0,Graduate,No,22322,0,9.0,240.0,1.0,719,32,0,Urban,0.168,Y
Male,No,2,Not Graduate,No,51325,0,14.6,240.0,1.0,772,23,2,Semiurban,0.1185,Y
Female,Yes,0,Not Graduate,No,43136,0,20.1,360.0,0.0,642,42,2,Urban,0.1294,N
Male,No,0,Graduate,No,73230,0,36.8,300.0,1.0,733,44,0,Semiurban,0.1675,Y
Male,Yes,1,Graduate,No,35339,0,30.9,360.0,1.0,850,39,0,Semiurban,0.2429,Y
Male,No,3+,Not Graduate,No,38946,0,16.1,360.0,1.0,682,38,1,Urban,0.1148,Y
Female,Yes,0,Graduate,Yes,41161,0,24.9,300.0,1.0,693,45,0,Urban,0.2016,Y
Female,Yes,0,Not Graduate,No,46374,7338,12.1,240.0,1.0,735,37,2,Urban,0.0939,Y
Male,No,1,Graduate,No,36451,0,21.0,360.0,1.0,603,28,2,Semiurban,0.16,Y
Female,Yes,3+,Graduate,No,33613,11723,19.3,,1.0,772,37,2,Urban,0.2365,Y
Male,Yes,2,Graduate,No,17585,28757,46.6,360.0,1.0,716,34,0,Urban,0.2793,Y
Male,Yes,1,Not Graduate,No,33433,0,27.0,360.0,1.0,718,37,0,Semiurban,0.2243,Y
Female,No,0,Graduate,No,63425,0,12.6,360.0,0.0,639,48,3,Rural,0.0552,N
Female,Yes,0,Graduate,No,67855,21208,12.7,360.0,1.0,744,25,0,Urban,0.0396,Y
Female,Yes,0,Graduate,No,35047,27916,16.4,300.0,0.0,627,40,0,Semiurban,0.0868,N
Female,Yes,1,Not Graduate,No,84944,0,7.9,360.0,1.0,675,24,1,Rural,0.0258,Y
Male,Yes,1,Not Graduate,No,43724,0,17.5,240.0,1.0,850,28,0,Rural,0.1668,Y
Male,Yes,3+,Not Graduate,No,22722,39511,18.4,360.0,1.0,578,55,2,Urban,0.0821,Y
Male,Yes,0,Not Graduate,No,19415,52590,26.6,120.0,0.0,528,43,3,Rural,0.3078,N
Male,Yes,0,Graduate,No,81563,0,29.0,360.0,1.0,660,40,0,Semiurban,0.0988,Y
Male,Yes,0,Graduate,No,36809,24146,21.3,360.0,1.0,645,21,0,Rural,0.0971,Y
Female,Yes,1,Graduate,No,24172,0,7.6,360.0,1.0,553,35,0,Semiurban,0.0873,Y
Male,No,2,Graduate,Yes,14334,0,9.7,300.0,1.0,850,21,0,Rural,0.2256,Y
Female,Yes,0,Not Graduate,No,36393,33046,14.0,240.0,1.0,768,38,0,Rural,0.084,Y
Female,Yes,0,Not Graduate,No,54305,90891,29.7,300.0,1.0,653,24,0,Semiurban,0.0682,Y
Female,No,0,Graduate,No,31293,0,29.1,360.0,1.0,773,44,0,Rural,0.2583,Y
Male,Yes,0,Graduate,No,26196,40288,17.3,360.0,1.0,696,40,1,Urban,0.0723,Y
Male,No,2,Not Graduate,No,33702,0,82.8,360.0,1.0,684,25,1,Urban,0.6824,N
Male,Yes,0,Graduate,No,82586,17337,51.3,360.0,1.0,624,42,3,Semiurban,0.1426,Y
Male,Yes,2,Graduate,No,22104,57221,42.3,300.0,1.0,712,61,0,Rural,0.1777,Y
Female,Yes,1,Graduate,Yes,32182,29192,30.6,360.0,1.0,653,36,1,Semiurban,0.1385,Y
Male,No,2,Graduate,Yes,81258,0,26.4,300.0,1.0,623,48,1,Semiurban,0.1083,Y
Male,No,0,Graduate,No,56788,0,25.3,120.0,1.0,796,21,0,Semiurban,0.3713,Y
Female,Yes,2,Graduate,No,48512,11337,6.8,360.0,1.0,636,43,1,Urban,0.0316,N
Male,Yes,0,Graduate,No,32073,15868,10.7,360.0,1.0,836,32,0,Urban,0.062,Y
Female,No,0,Not Graduate,No,45038,0,17.6,300.0,0.0,526,35,0,Semiurban,0.1303,N
Female,Yes,0,Graduate,No,33897,44024,21.7,300.0,0.0,455,45,0,Rural,0.0928,Y
Female,Yes,0,Graduate,No,28863,25715,18.6,360.0,1.0,757,35,0,Urban,0.0947,Y
Male,No,0,Not Graduate,,25848,0,23.7,360.0,0.0,550,21,0,Semiurban,0.2547,N
Male,No,0,Graduate,No,65647,0,5.7,360.0,1.0,568,55,0,Urban,0.0241,Y
Female,Yes,3+,Graduate,No,43036,0,27.2,300.0,1.0,733,22,0,Urban,0.2107,Y
Male,No,0,Not Graduate,No,51909,0,20.8,360.0,0.0,472,29,0,Urban,0.1113,N
Female,No,2,Graduate,No,47850,0,17.9,360.0,0.0,411,39,0,Semiurban,0.1039,N
Female,Yes,3+,Not Graduate,No,55296,19281,35.0,360.0,1.0,771,40,0,Urban,0.1304,Y
Female,Yes,0,Graduate,No,39052,0,10.7,300.0,1.0,844,43,1,Urban,0.0913,Y
Male,Yes,1,Graduate,No,34863,28853,17.4,360.0,0.0,554,39,0,Rural,0.0759,N
Male,No,0,Graduate,No,29506,0,23.8,300.0,1.0,819,51,3,Rural,0.2689,N
Female,No,0,Graduate,No,21873,0,12.0,240.0,,782,43,0,Urban,0.2286,Y
Male,Yes,0,Not Graduate,No,25311,22052,6.0,180.0,0.0,650,25,0,Semiurban,0.0704,Y
Male,No,3+,Graduate,No,36949,0,10.1,360.0,1.0,695,21,0,Urban,0.0759,Y
Male,Yes,0,Not Graduate,No,19900,21048,19.3,300.0,1.0,656,40,1,Rural,0.1571,Y
Female,Yes,1,Not Graduate,Yes,22222,24891,17.3,360.0,1.0,741,54,1,Semiurban,0.102,Y
Female,Yes,0,Graduate,No,74688,7516,19.9,240.0,1.0,768,24,2,Rural,0.1009,Y
Male,Yes,2,Not Graduate,No,49617,20995,13.5,300.0,1.0,597,26,0,Urban,0.0637,Y
Male,,0,Graduate,No,35386,0,9.1,360.0,1.0,681,42,0,Semiurban,0.0714,Y
Female,Yes,1,Graduate,No,138107,15347,21.8,360.0,1.0,693,43,2,Semiurban,0.0395,Y
Female,No,1,Not Graduate,No,19455,0,18.2,300.0,1.0,685,50,2,Urban,0.3118,Y
Male,Yes,1,Graduate,No,72244,37681,29.5,360.0,1.0,649,56,0,Urban,0.0745,Y
Male,Yes,3+,Graduate,No,41951,10944,12.8,360.0,0.0,470,41,2,Semiurban,0.0672,N
Female,No,2,Graduate,Yes,65678,0,6.0,360.0,1.0,683,28,1,Semiurban,0.0254,Y
Female,Yes,0,Graduate,Yes,46839,61571,4.2,360.0,1.0,685,28,0,Urban,0.0108,Y
Female,Yes,0,Graduate,No,17394,0,15.8,180.0,0.0,547,32,0,Semiurban,0.5046,N
Female,Yes,0,Graduate,No,46524,0,21.7,300.0,1.0,768,49,0,Urban,0.1555,Y
Male,No,0,Graduate,No,52459,0,17.5,360.0,1.0,587,32,1,Urban,0.0927,Y
Male,Yes,0,Graduate,No,14824,9562,14.3,300.0,1.0,735,49,0,Semiurban,0.1955,Y
Female,Yes,0,Graduate,No,117245,12416,7.7,360.0,1.0,549,21,0,Urban,0.0165,Y
Female,Yes,0,Graduate,No,51824,42038,6.5,240.0,1.0,704,41,0,Semiurban,0.0289,Y
Female,Yes,3+,Graduate,No,62068,81947,25.0,300.0,0.0,387,30,2,Urban,0.0579,Y
Female,No,0,Not Graduate,No,24766,0,17.5,300.0,1.0,630,44,0,Semiurban,0.2355,Y
Male,Yes,3+,Graduate,No,62649,13145,16.1,360.0,1.0,708,35,1,Semiurban,0.059,Y
Male,Yes,0,Graduate,No,76478,16189,8.0,240.0,0.0,462,47,1,Rural,0.036,N
Female,Yes,1,Graduate,No,50352,15011,11.2,120.0,0.0,462,33,2,Urban,0.1428,N
Female,Yes,2,Graduate,No,44148,85247,20.6,360.0,1.0,798,38,1,Semiurban,0.0442,Y
Female,No,0,Graduate,No,28373,0,23.8,360.0,1.0,566,47,1,Urban,0.233,Y
Female,Yes,0,Not Graduate,Yes,39811,0,18.2,300.0,1.0,699,37,0,Semiurban,0.1524,Y
Female,No,0,Not Graduate,No,34337,0,45.9,300.0,1.0,843,39,0,Semiurban,0.4456,Y
Male,Yes,0,Not Graduate,No,59042,32981,14.2,300.0,1.0,723,46,0,Urban,0.0514,Y
Male,Yes,3+,Not Graduate,No,29000,43920,43.5,360.0,1.0,713,37,1,Semiurban,0.1657,Y
Male,No,2,Graduate,No,58825,0,22.9,360.0,1.0,646,21,0,Urban,0.1081,Y
Male,Yes,0,Graduate,No,29159,15197,21.4,360.0,1.0,646,32,0,Urban,0.134,Y
Male,No,0,Not Graduate,No,38903,0,35.1,360.0,0.0,575,21,1,Urban,0.2506,N
Male,No,0,Graduate,No,60356,0,13.8,360.0,1.0,530,35,0,Semiurban,0.0635,Y
Male,Yes,0,Not Graduate,No,31198,51931,16.5,240.0,1.0,801,43,1,Rural,0.0827,Y
Male,Yes,,Graduate,No,61406,14475,9.6,300.0,1.0,729,39,2,Urban,0.0422,Y
Female,No,0,Not Graduate,No,58483,0,35.2,360.0,,553,53,1,Semiurban,0.1672,Y
Male,Yes,0,Graduate,No,38736,17600,24.6,360.0,1.0,802,52,0,Urban,0.1213,Y
Male,Yes,0,Not Graduate,No,79292,0,38.8,360.0,1.0,771,41,1,Urban,0.1359,Y
Female,Yes,0,Graduate,No,46115,13744,22.7,360.0,0.0,630,21,0,Rural,0.1053,Y
Male,Yes,1,Graduate,No,76967,37846,38.9,300.0,1.0,850,45,0,Semiurban,0.1129,Y
Male,No,0,Graduate,No,108742,0,12.8,300.0,1.0,719,30,1,Urban,0.0392,Y
Male,Yes,3+,Not Graduate,Yes,39315,23508,36.3,,1.0,848,48,0,Urban,0.1605,Y
Female,Yes,2,Not Graduate,No,61235,8817,15.8,180.0,1.0,712,41,1,Rural,0.1253,Y
Male,Yes,0,Graduate,No,32248,19914,20.1,300.0,1.0,751,45,1,Urban,0.1284,Y
Female,Yes,0,Graduate,No,26465,14849,31.1,180.0,0.0,540,44,0,Urban,0.4182,N
Male,Yes,2,Graduate,Yes,40226,0,81.2,360.0,,540,64,0,Semiurban,0.5607,Y
Male,No,3+,Not Graduate,No,22442,0,32.9,360.0,1.0,546,44,0,Semiurban,0.4072,Y
,Yes,2,Graduate,No,27756,39840,34.8,180.0,1.0,702,24,0,Semiurban,0.286,Y
Male,No,0,Graduate,No,59618,0,14.5,360.0,1.0,689,50,2,Rural,0.0676,Y
Female,No,3+,Graduate,Yes,34309,0,22.1,360.0,1.0,604,33,0,Urban,0.1789,Y
Female,Yes,0,Graduate,No,63276,0,19.0,360.0,1.0,685,53,1,Semiurban,0.0834,Y
Female,Yes,1,Graduate,No,51519,0,46.7,360.0,1.0,751,55,2,Urban,0.2518,Y
Male,Yes,3+,Graduate,No,111924,8284,18.4,240.0,1.0,826,45,1,Semiurban,0.0638,Y
Male,Yes,0,Not Graduate,No,57651,54198,44.6,240.0,0.0,528,24,0,Rural,0.1661,N
Female,No,3+,Not Graduate,No,77428,0,9.2,240.0,1.0,745,33,2,Semiurban,0.0495,Y
Male,No,0,Graduate,No,54227,0,46.5,360.0,1.0,850,53,0,Semiurban,0.2382,Y
Male,Yes,3+,Not Graduate,No,51829,8589,12.0,360.0,1.0,778,60,1,Rural,0.0552,Y
Male,Yes,0,Graduate,No,79409,0,33.5,360.0,1.0,641,39,2,Urban,0.1172,Y
Male,No,3+,Graduate,No,61970,0,12.0,300.0,1.0,719,35,0,Semiurban,0.0645,Y
Female,No,0,Graduate,No,49268,0,29.1,360.0,0.0,607,25,0,Rural,0.1641,N
Female,Yes,1,Graduate,No,49160,80753,11.3,360.0,1.0,767,25,1,Semiurban,0.0242,Y
Female,Yes,0,Not Graduate,Yes,58053,0,37.4,360.0,1.0,714,41,0,Urban,0.179,Y
Male,Yes,0,Graduate,No,31708,33402,33.4,240.0,1.0,754,46,2,Urban,0.2137,Y
Male,No,0,Graduate,No,31042,0,14.0,240.0,0.0,682,22,2,Urban,0.1879,N
Male,Yes,1,Not Graduate,Yes,90464,200000,28.4,180.0,1.0,615,47,1,Urban,0.0543,Y
Male,Yes,0,Graduate,No,112669,10363,35.5,360.0,0.0,471,53,0,Semiurban,0.0802,Y
Male,Yes,1,Not Graduate,No,27877,14212,11.5,360.0,1.0,765,45,0,Urban,0.0759,Y
Female,Yes,0,Not Graduate,No,31745,38993,10.8,180.0,0.0,576,56,0,Urban,0.0848,N
Female,Yes,3+,Graduate,No,78532,0,10.6,240.0,1.0,788,42,0,Semiurban,0.0562,Y
Male,,0,Not Graduate,No,57917,0,9.7,300.0,1.0,808,42,0,Semiurban,0.0558,Y
Female,Yes,0,Graduate,No,62206,43056,10.5,360.0,1.0,543,42,0,Semiurban,0.0277,Y
Female,Yes,0,Graduate,No,69446,0,35.0,360.0,1.0,635,53,1,Semiurban,0.14,Y
Male,Yes,0,Graduate,Yes,39326,11798,28.1,360.0,1.0,699,44,1,Urban,0.1527,Y
Female,Yes,0,Graduate,No,52312,0,7.3,360.0,1.0,618,32,3,Urban,0.0388,Y
Male,Yes,0,Not Graduate,No,50317,28644,14.8,180.0,1.0,667,43,0,Urban,0.1041,Y
Male,Yes,2,Graduate,No,28876,17694,10.0,240.0,0.0,475,43,0,Semiurban,0.0895,Y
Male,Yes,1,Graduate,No,51924,17116,33.7,300.0,0.0,551,36,0,Urban,0.1627,Y
Female,,1,Not Graduate,No,82360,11609,15.3,300.0,1.0,623,49,3,Semiurban,0.0543,Y
Male,Yes,0,Graduate,No,37531,36591,8.0,360.0,1.0,741,39,0,Urban,0.03,Y
Male,Yes,1,Graduate,No,47872,17119,22.2,300.0,1.0,791,46,2,Rural,0.1139,Y
Male,No,0,Graduate,No,49186,0,28.9,300.0,1.0,747,44,2,Semiurban,0.1959,Y
Male,No,2,Not Graduate,No,38471,0,11.3,,1.0,850,30,0,Semiurban,0.0816,Y
Female,Yes,0,Graduate,No,62221,28984,17.1,240.0,1.0,794,27,0,Rural,0.0781,Y
Female,Yes,0,Graduate,Yes,31570,15429,11.7,300.0,0.0,671,30,0,Semiurban,0.083,Y
Male,No,0,Graduate,No,86364,0,42.4,360.0,1.0,703,37,0,Semiurban,0.1364,Y
Male,Yes,2,Graduate,No,60664,9487,15.5,360.0,0.0,562,56,0,Rural,0.0614,N
Male,No,0,Graduate,No,27767,0,13.0,120.0,1.0,825,37,0,Semiurban,0.3901,Y
Male,No,1,Graduate,No,103674,0,19.5,360.0,1.0,687,42,1,Rural,0.0522,Y
Male,Yes,0,Graduate,No,48245,18574,17.7,360.0,1.0,713,48,0,Urban,0.0736,Y
Male,Yes,1,Graduate,Yes,30900,16849,30.4,360.0,1.0,695,34,0,Rural,0.1768,Y
Male,No,3+,Graduate,No,77055,0,41.7,360.0,0.0,639,33,1,Urban,0.1503,N
Female,Yes,0,Not Graduate,No,56803,11942,41.9,360.0,0.0,670,50,0,Urban,0.1693,N
Female,Yes,0,Graduate,No,18288,0,16.0,180.0,1.0,806,44,0,Semiurban,0.486,Y
Male,Yes,3+,Graduate,Yes,34104,0,24.1,300.0,1.0,683,32,0,Urban,0.2355,Y
Male,Yes,0,Graduate,No,50998,33010,49.1,360.0,1.0,726,33,0,Urban,0.1624,Y
Female,No,0,Graduate,No,15066,0,50.2,360.0,1.0,740,39,2,Urban,0.9255,Y
Male,No,1,Graduate,No,46283,0,11.9,240.0,1.0,842,42,1,Semiurban,0.1071,Y
Female,No,1,Graduate,No,48002,0,28.7,360.0,1.0,549,52,0,Rural,0.1661,Y
Female,Yes,,Graduate,No,24545,0,25.9,240.0,1.0,711,44,0,Semiurban,0.4397,Y
Male,Yes,2,Not Graduate,No,50783,10055,35.0,360.0,1.0,652,27,0,Rural,0.1598,Y
Male,Yes,0,Graduate,,44522,10178,42.4,360.0,0.0,542,29,0,Semiurban,0.2153,N
Female,Yes,0,Not Graduate,No,24449,28500,10.8,240.0,1.0,633,41,1,Urban,0.085,Y
Male,Yes,2,Graduate,No,70248,42733,13.3,360.0,1.0,759,40,0,Urban,0.0327,Y
Female,No,0,Not Graduate,No,67436,0,34.6,360.0,0.0,369,29,0,Semiurban,0.1425,N
Female,No,0,Graduate,No,38374,0,22.0,240.0,1.0,698,50,0,Urban,0.2389,Y
Male,Yes,1,Graduate,No,40163,0,5.3,360.0,1.0,546,21,1,Urban,0.0367,Y
Male,Yes,2,Not Graduate,No,63776,12788,7.4,180.0,1.0,648,42,0,Semiurban,0.0537,Y
Female,Yes,2,Graduate,No,40122,0,29.9,300.0,0.0,571,21,2,Semiurban,0.2484,N
Male,Yes,3+,Graduate,No,16891,44922,33.2,360.0,1.0,673,48,0,Urban,0.1492,Y
Male,No,2,Graduate,No,56583,0,8.9,360.0,1.0,771,35,0,Rural,0.0437,Y
,Yes,0,Not Graduate,Yes,29536,0,38.8,240.0,1.0,822,46,2,Semiurban,0.5473,N
Male,No,0,Graduate,No,36500,0,17.8,360.0,1.0,850,34,1,Semiurban,0.1355,Y
Female,Yes,,Not Graduate,No,91944,26141,10.9,120.0,0.0,589,53,0,Rural,0.0769,N
Female,Yes,0,Graduate,No,41482,15394,14.4,360.0,1.0,814,21,1,Urban,0.0703,Y
Male,No,1,Graduate,,44394,0,9.6,240.0,1.0,842,48,0,Semiurban,0.0901,Y
Male,Yes,1,Graduate,No,57230,0,13.9,360.0,1.0,667,31,1,Rural,0.0675,Y
Male,Yes,0,Graduate,Yes,57106,47300,6.5,360.0,0.0,701,42,0,Semiurban,0.0173,Y
Male,Yes,3+,Graduate,No,28012,107620,19.2,180.0,1.0,514,43,2,Rural,0.0786,Y
Male,Yes,0,Graduate,No,43039,26095,28.6,240.0,1.0,737,23,0,Semiurban,0.1724,Y
Female,No,0,Graduate,No,45165,0,8.9,240.0,1.0,850,49,1,Semiurban,0.0821,Y
Male,,3+,Graduate,No,50818,0,20.3,360.0,0.0,599,42,1,Urban,0.111,Y
Male,No,0,Graduate,No,51257,0,12.4,300.0,1.0,693,39,0,Rural,0.0806,Y
Female,Yes,0,Not Graduate,No,161736,10962,30.0,360.0,1.0,692,42,2,Rural,0.0483,Y
Male,Yes,0,Not Graduate,No,24639,0,5.0,120.0,1.0,842,39,0,Rural,0.1691,Y
,No,2,Not Graduate,No,72406,0,30.8,120.0,1.0,567,47,0,Semiurban,0.3545,Y
Male,Yes,2,Graduate,No,80153,25039,6.7,360.0,1.0,675,33,1,Urban,0.0177,Y
Male,Yes,2,Not Graduate,No,56749,7349,17.7,360.0,1.0,786,47,3,Urban,0.0767,Y
Female,Yes,1,Graduate,No,32043,17156,13.1,360.0,1.0,739,44,0,Rural,0.074,Y
Female,Yes,0,Graduate,No,101960,7937,16.2,360.0,1.0,817,36,3,Urban,0.0409,Y
Female,Yes,2,Not Graduate,No,14824,14592,8.0,360.0,0.0,651,58,0,Urban,0.0755,N
Female,Yes,2,Not Graduate,No,31520,41856,54.4,180.0,,668,43,2,Semiurban,0.4119,Y
Female,Yes,0,Graduate,No,79685,52143,9.3,240.0,1.0,762,40,1,Semiurban,0.0294,Y
Male,Yes,0,Graduate,No,36862,0,9.7,240.0,1.0,591,44,0,Semiurban,0.1096,Y
Male,,3+,Graduate,No,98541,0,59.0,360.0,1.0,528,37,2,Semiurban,0.1663,Y
Female,Yes,2,Graduate,No,20829,0,24.4,300.0,1.0,655,51,0,Semiurban,0.3905,Y
Female,No,2,Not Graduate,Yes,25437,0,9.5,360.0,1.0,717,38,1,Rural,0.1037,Y
Female,Yes,2,Graduate,No,34002,9947,18.6,360.0,1.0,637,47,2,Urban,0.1176,Y
Male,Yes,0,Not Graduate,,54650,35866,17.4,360.0,0.0,606,26,2,Urban,0.0534,N
Male,No,1,Graduate,No,39695,0,7.3,180.0,0.0,595,21,1,Semiurban,0.1022,N
Female,Yes,0,Not Graduate,No,34711,15066,12.7,300.0,1.0,543,42,0,Rural,0.085,Y
Male,No,0,Not Graduate,Yes,90237,0,19.8,180.0,0.0,541,34,1,Urban,0.1219,N
Female,Yes,1,Graduate,No,94535,30017,42.9,300.0,1.0,795,36,1,Urban,0.1148,Y
Female,Yes,0,Graduate,Yes,36055,0,17.9,240.0,1.0,754,21,2,Semiurban,0.2069,N
Male,Yes,1,Not Graduate,No,18866,30371,18.8,120.0,0.0,527,57,0,Semiurban,0.3182,N
Female,,0,Graduate,No,15082,15460,12.3,360.0,0.0,646,39,0,Rural,0.1119,N
Female,No,0,Graduate,No,49993,0,38.8,360.0,0.0,748,53,0,Rural,0.2156,N
Male,Yes,0,Graduate,No,61573,0,34.5,360.0,1.0,672,23,0,Semiurban,0.1556,Y
Female,No,0,Graduate,No,45775,0,32.3,240.0,1.0,777,39,0,Semiurban,0.294,Y
Male,No,0,Not Graduate,No,42811,0,21.5,360.0,0.0,643,42,0,Urban,0.1395,N
Female,Yes,0,Graduate,No,29665,20568,7.7,360.0,,667,39,1,Semiurban,0.0426,Y
Male,Yes,3+,Not Graduate,No,61543,8008,38.6,360.0,0.0,488,41,0,Semiurban,0.1542,N
Female,No,0,Graduate,No,102651,0,20.8,360.0,1.0,850,23,1,Urban,0.0563,Y
Male,No,0,Not Graduate,No,14641,0,16.7,360.0,1.0,808,41,2,Urban,0.3168,Y
Male,Yes,1,Graduate,No,42670,8555,26.3,240.0,1.0,685,29,0,Rural,0.2139,Y
Female,Yes,1,Graduate,No,27305,0,23.0,360.0,1.0,819,31,0,Semiurban,0.234,Y
Male,Yes,0,Graduate,No,21052,116921,10.6,360.0,0.0,640,38,0,Semiurban,0.0213,Y
Male,No,2,Not Graduate,No,25210,0,16.6,240.0,1.0,819,34,1,Urban,0.2744,Y
Female,Yes,2,Graduate,No,53629,16837,6.4,300.0,1.0,549,35,1,Semiurban,0.0303,Y
Female,No,0,Not Graduate,No,54311,0,21.1,240.0,1.0,673,50,0,Rural,0.1619,Y
Male,Yes,0,Graduate,No,92055,0,44.6,,1.0,850,36,1,Urban,0.1346,Y
Female,Yes,3+,Graduate,No,44551,12451,6.8,360.0,1.0,850,34,0,Semiurban,0.0331,Y
Male,Yes,2,Not Graduate,No,18414,18578,21.7,360.0,1.0,675,37,2,Urban,0.1629,Y
,,1,Graduate,No,39376,0,30.0,360.0,1.0,673,26,0,Semiurban,0.2116,Y
Male,Yes,0,Graduate,No,22177,46101,32.8,240.0,1.0,771,40,2,Rural,0.2002,Y
Female,Yes,0,Graduate,No,24260,23322,12.8,360.0,0.0,621,46,0,Semiurban,0.0747,Y
Female,Yes,1,Graduate,No,59295,10915,10.4,120.0,1.0,758,41,0,Rural,0.1234,Y
Female,Yes,0,Graduate,No,48878,39678,14.1,300.0,0.0,395,38,1,Rural,0.0531,N
Female,Yes,0,Graduate,No,59503,11262,41.0,360.0,1.0,689,45,0,Rural,0.1609,Y
Male,,1,Graduate,No,37096,0,7.2,360.0,1.0,782,32,0,Rural,0.0539,Y
Male,Yes,0,Graduate,No,65859,0,9.7,360.0,1.0,498,38,1,Urban,0.0409,Y
Male,Yes,2,Not Graduate,No,36073,83708,15.3,180.0,1.0,564,53,0,Rural,0.071,Y
Male,Yes,2,Graduate,No,77524,6128,11.2,240.0,0.0,430,35,0,Urban,0.0558,Y
Male,No,0,Graduate,No,52697,0,19.6,360.0,1.0,769,45,0,Urban,0.1033,Y
Female,Yes,2,Graduate,Yes,39995,0,46.9,120.0,1.0,626,45,2,Urban,0.9772,N
Male,No,0,Not Graduate,Yes,49318,0,9.8,300.0,0.0,482,30,0,Urban,0.0662,N
Male,No,2,Graduate,Yes,43962,0,18.4,300.0,0.0,595,46,1,Semiurban,0.1395,N
Male,Yes,0,Graduate,No,98524,12256,20.0,300.0,0.0,478,31,0,Semiurban,0.0602,Y
Female,Yes,0,Not Graduate,No,50147,24328,16.4,300.0,1.0,751,43,0,Urban,0.0734,Y
Female,No,1,Graduate,No,44320,0,7.8,300.0,1.0,850,31,0,Semiurban,0.0587,Y
Male,Yes,0,Not Graduate,No,39370,9545,13.7,360.0,1.0,677,41,0,Semiurban,0.0778,Y
Male,Yes,3+,Graduate,No,67615,45100,13.7,180.0,1.0,535,39,0,Rural,0.0675,Y
,No,0,Graduate,No,63193,0,29.4,,1.0,669,39,0,Urban,0.1938,Y
Male,Yes,0,Not Graduate,No,38680,7766,25.8,360.0,1.0,754,41,0,Urban,0.1543,Y
Female,No,0,Graduate,No,24889,0,7.9,300.0,1.0,745,32,0,Urban,0.1058,Y
Female,Yes,0,Graduate,Yes,28255,23178,15.9,300.0,1.0,785,25,1,Urban,0.103,Y
Male,No,0,Graduate,Yes,40454,0,14.9,300.0,1.0,657,39,1,Semiurban,0.1228,Y
Male,Yes,1,Not Graduate,No,87070,0,64.9,240.0,0.0,565,50,0,Semiurban,0.3106,N
Female,Yes,2,Graduate,No,39140,17236,23.9,240.0,1.0,489,44,1,Urban,0.1766,Y
Male,Yes,2,Graduate,No,32956,23134,10.5,360.0,0.0,645,43,2,Urban,0.052,N
Male,No,3+,Graduate,No,18391,0,12.6,300.0,0.0,472,32,2,Urban,0.2284,N
Female,Yes,0,Graduate,No,94539,37132,16.0,300.0,1.0,728,40,1,Rural,0.0405,Y
Female,Yes,1,Graduate,No,58954,0,25.0,180.0,1.0,632,29,0,Urban,0.2356,Y
Female,Yes,0,Graduate,Yes,66039,54373,26.9,240.0,1.0,702,33,0,Rural,0.0931,Y
Female,Yes,1,Graduate,Yes,71743,0,22.7,300.0,0.0,676,42,0,Semiurban,0.1055,Y
Male,Yes,0,Graduate,No,40849,0,17.7,300.0,1.0,671,21,1,Urban,0.1444,Y
Male,Yes,3+,Graduate,No,46272,23286,18.5,360.0,1.0,643,57,0,Rural,0.0739,Y
Female,Yes,1,Graduate,No,93368,8984,18.6,120.0,1.0,710,23,0,Rural,0.1514,Y
Male,Yes,3+,Graduate,No,48523,31879,6.9,360.0,1.0,652,59,2,Semiurban,0.0238,Y
Male,Yes,2,Not Graduate,No,59502,0,19.4,360.0,0.0,505,29,2,Semiurban,0.0906,N
Female,Yes,3+,Graduate,No,68547,46544,14.2,360.0,0.0,758,29,2,Semiurban,0.0343,Y
Male,No,2,Graduate,No,61173,0,7.5,360.0,1.0,543,34,0,Urban,0.0341,Y
Male,Yes,0,Graduate,No,41602,7735,85.7,360.0,1.0,769,33,2,Urban,0.4825,Y
Male,Yes,0,Not Graduate,Yes,43611,64453,24.2,240.0,1.0,698,31,1,Rural,0.0933,Y
Male,Yes,0,Graduate,No,65436,25007,20.2,300.0,0.0,516,34,1,Rural,0.0744,Y
Male,No,0,Graduate,No,65382,0,16.1,180.0,1.0,741,39,0,Urban,0.1368,Y
Male,No,0,Graduate,No,79548,0,31.1,360.0,0.0,593,28,2,Rural,0.1086,N
Male,No,0,Graduate,No,58428,0,10.0,240.0,1.0,829,47,0,Semiurban,0.0713,Y
Female,Yes,0,Not Graduate,Yes,59773,71157,16.6,360.0,1.0,608,54,0,Urban,0.0352,Y
Female,Yes,3+,Graduate,No,35486,21928,11.3,300.0,1.0,664,21,0,Semiurban,0.0656,Y
Female,Yes,3+,Graduate,Yes,33171,31068,31.0,360.0,1.0,801,58,1,Semiurban,0.134,Y
Female,Yes,0,Not Graduate,No,65533,34878,12.2,240.0,0.0,572,46,1,Rural,0.0506,N
Male,Yes,0,Graduate,Yes,33287,17417,38.9,360.0,1.0,759,41,3,Rural,0.2131,Y
Male,No,0,Not Graduate,No,43899,0,18.9,360.0,0.0,699,32,0,Urban,0.1196,N
Female,No,0,Graduate,No,88390,0,32.0,300.0,0.0,641,40,0,Semiurban,0.1207,Y
Male,No,2,Not Graduate,No,81657,0,25.5,360.0,,535,48,1,Rural,0.0867,N
Female,Yes,0,Not Graduate,Yes,51580,42594,37.9,300.0,1.0,678,67,0,Rural,0.1341,Y
Male,No,1,Graduate,No,38251,0,11.5,240.0,1.0,820,62,0,Urban,0.1253,Y
Female,Yes,2,Not Graduate,Yes,41702,48370,34.6,360.0,1.0,724,21,0,Semiurban,0.1067,Y
Male,Yes,2,Graduate,No,68448,7590,6.6,300.0,0.0,572,36,1,Rural,0.0289,N
Female,No,0,Graduate,Yes,43554,0,20.6,240.0,1.0,745,39,2,Urban,0.1971,Y
Male,Yes,1,Graduate,No,33552,28953,14.5,300.0,1.0,594,53,0,Semiurban,0.0773,Y
Female,Yes,0,Graduate,No,81462,20596,8.6,360.0,0.0,569,37,0,Rural,0.0234,Y
Male,Yes,0,Not Graduate,No,48572,0,11.8,360.0,1.0,703,30,0,Urban,0.0675,Y
Male,No,,Graduate,No,33235,0,13.7,360.0,1.0,701,39,1,Rural,0.1145,Y
Female,No,0,Not Graduate,No,56357,0,17.9,360.0,1.0,675,34,1,Urban,0.0882,Y
Male,Yes,0,Graduate,No,72086,19069,14.7,180.0,0.0,562,49,2,Urban,0.0896,N
Female,No,0,Graduate,No,26800,0,21.1,300.0,1.0,700,64,3,Urban,0.2624,Y
Female,Yes,1,Graduate,Yes,40126,0,12.2,360.0,0.0,721,48,3,Urban,0.0845,N
Male,,2,Graduate,No,39209,0,15.1,360.0,1.0,512,48,0,Urban,0.107,Y
Female,No,0,Not Graduate,No,55611,0,16.9,180.0,0.0,653,52,1,Semiurban,0.1688,N
Female,No,0,Not Graduate,No,60840,0,22.4,300.0,1.0,702,43,2,Urban,0.1227,Y
Female,No,2,Not Graduate,No,33667,0,33.4,360.0,1.0,704,34,1,Rural,0.2756,N
Male,Yes,0,Not Graduate,No,21028,10917,33.5,360.0,0.0,553,35,2,Semiurban,0.2913,N
Male,No,3+,Graduate,No,74302,0,23.2,360.0,1.0,755,50,0,Semiurban,0.0867,Y
Female,Yes,1,Graduate,No,25337,39825,26.0,180.0,1.0,796,41,0,Semiurban,0.2217,Y
Female,No,0,Graduate,No,50797,0,24.2,360.0,1.0,539,27,0,Semiurban,0.1323,Y
Male,Yes,0,Graduate,No,41523,0,16.6,120.0,1.0,850,52,0,Semiurban,0.3331,N
Female,No,0,Graduate,Yes,48109,0,34.5,360.0,1.0,723,29,1,Urban,0.1992,Y
Male,Yes,0,Graduate,Yes,101277,32329,11.6,360.0,1.0,720,26,0,Rural,0.0241,Y
Male,Yes,0,Graduate,No,202631,9300,5.9,300.0,1.0,585,28,1,Semiurban,0.0093,Y
Male,Yes,1,Graduate,No,19600,29173,10.8,120.0,1.0,659,41,0,Urban,0.1845,Y
Male,Yes,0,Not Graduate,No,72544,0,46.6,360.0,1.0,832,49,2,Semiurban,0.1784,Y
Female,Yes,0,Graduate,No,41023,0,16.8,360.0,0.0,596,41,2,Semiurban,0.1138,N
Male,No,1,Graduate,,74901,0,23.7,360.0,1.0,747,32,1,Urban,0.0879,Y
Female,Yes,0,Graduate,No,71584,19474,17.0,360.0,1.0,668,29,0,Rural,0.0519,Y
Female,Yes,0,Not Graduate,No,89758,92363,28.1,180.0,1.0,850,46,0,Semiurban,0.0857,Y
Female,Yes,0,Not Graduate,No,51148,29277,21.0,360.0,1.0,696,37,1,Semiurban,0.0725,Y
Male,Yes,0,Graduate,No,28430,0,19.3,360.0,0.0,692,42,3,Semiurban,0.1886,N
Male,Yes,1,Graduate,Yes,70532,118133,29.0,,1.0,696,36,1,Rural,0.0512,Y
Female,Yes,0,Not Graduate,No,47052,39376,15.2,360.0,1.0,741,41,2,Urban,0.0489,Y
Female,Yes,2,Graduate,No,39461,16021,25.1,360.0,1.0,742,42,1,Semiurban,0.1257,Y
Male,Yes,0,Not Graduate,No,34957,0,18.1,360.0,1.0,793,65,1,Urban,0.1438,Y
Female,Yes,0,Not Graduate,No,73362,34361,18.8,240.0,1.0,776,42,1,Semiurban,0.0727,Y
Female,Yes,0,Graduate,No,98882,0,12.3,240.0,1.0,667,34,1,Urban,0.0518,Y
Female,Yes,1,Graduate,No,24400,24191,17.6,360.0,1.0,814,40,1,Urban,0.1006,Y
Female,Yes,0,Graduate,No,60535,0,14.5,300.0,1.0,621,28,0,Rural,0.0798,Y
Female,Yes,0,Graduate,Yes,36820,6771,39.6,180.0,1.0,603,27,2,Semiurban,0.5047,Y
Male,No,1,Not Graduate,No,21298,0,7.3,360.0,1.0,684,52,2,Urban,0.0952,Y
Female,No,0,Not Graduate,No,47756,0,34.2,240.0,1.0,745,41,1,Semiurban,0.2984,Y
Female,No,0,Not Graduate,No,29244,0,7.1,300.0,1.0,618,50,1,Semiurban,0.0809,Y
Male,Yes,1,Graduate,No,20153,14716,27.7,240.0,1.0,703,21,0,Urban,0.331,Y
Male,No,0,Graduate,No,30005,0,12.2,360.0,1.0,585,27,2,Urban,0.1129,Y
Male,No,1,Graduate,No,26532,0,28.2,300.0,1.0,686,41,3,Rural,0.3543,N
Female,No,0,Graduate,No,32101,0,18.7,360.0,1.0,797,29,2,Semiurban,0.1618,Y
Female,Yes,1,Graduate,No,22858,13813,8.5,360.0,1.0,634,22,0,Urban,0.0644,Y
Male,Yes,1,Graduate,No,36404,16164,45.4,120.0,1.0,600,26,2,Rural,0.7197,N
Female,No,0,Graduate,No,31051,0,32.0,300.0,0.0,624,34,0,Semiurban,0.3435,N
Male,Yes,1,Not Graduate,No,53520,14278,27.2,300.0,0.0,519,43,1,Urban,0.1337,N
Female,Yes,2,Graduate,Yes,59681,0,13.7,360.0,1.0,850,57,3,Urban,0.0638,Y
Female,Yes,0,Not Graduate,No,50517,11971,32.7,360.0,1.0,727,26,0,Urban,0.1454,Y
Female,Yes,0,Graduate,No,39430,0,9.3,360.0,1.0,802,27,0,Rural,0.0655,Y
Male,Yes,2,Graduate,Yes,38901,0,,300.0,0.0,472,22,0,Urban,0.0454,N
Male,Yes,1,Not Graduate,No,29187,52758,7.9,300.0,0.0,631,44,0,Urban,0.0321,N
Male,Yes,0,Graduate,No,29540,60751,11.6,360.0,1.0,619,39,0,Rural,0.0357,Y
Male,Yes,2,Graduate,No,63057,0,12.8,360.0,1.0,694,27,1,Urban,0.0564,Y
Female,Yes,0,Graduate,No,18401,28013,15.5,360.0,1.0,642,29,2,Semiurban,0.0928,Y
Female,Yes,1,Graduate,No,42601,14613,15.9,360.0,1.0,804,37,2,Urban,0.0772,Y
Female,Yes,2,Graduate,No,37731,0,13.6,360.0,1.0,739,37,0,Semiurban,0.1001,Y
Female,No,3+,Not Graduate,No,59848,0,5.6,120.0,1.0,721,27,1,Urban,0.078,N
Male,No,0,Graduate,No,21753,0,22.5,360.0,0.0,712,40,2,Urban,0.2873,N
Female,Yes,1,Graduate,No,44634,8072,17.1,,1.0,711,23,1,Semiurban,0.0901,Y
Female,Yes,0,Not Graduate,No,52654,17821,13.2,360.0,1.0,803,39,2,Semiurban,0.052,Y
Female,Yes,0,Graduate,Yes,17114,41792,46.5,360.0,1.0,850,36,2,Semiurban,0.2193,Y
Male,No,0,Graduate,No,25922,0,17.4,360.0,0.0,603,42,0,Semiurban,0.1864,N
Male,Yes,1,Graduate,Yes,42366,9491,20.8,360.0,1.0,733,51,2,Semiurban,0.1114,Y
Male,Yes,0,Graduate,No,57358,99395,32.4,240.0,1.0,796,34,1,Semiurban,0.0861,Y
Female,Yes,0,Graduate,No,48594,0,8.2,300.0,1.0,839,38,0,Semiurban,0.0562,Y
Female,Yes,1,Graduate,Yes,58702,0,19.8,360.0,1.0,722,21,1,Semiurban,0.0937,Y
Male,No,1,Graduate,No,25856,0,32.3,360.0,1.0,653,60,2,Semiurban,0.347,Y
Female,No,2,Not Graduate,Yes,20043,0,19.0,240.0,1.0,788,21,1,Semiurban,0.395,N
Female,Yes,3+,Not Graduate,No,46270,11638,9.2,360.0,0.0,641,37,2,Urban,0.0441,N
Male,Yes,0,Graduate,No,23988,39187,15.0,240.0,1.0,787,21,3,Urban,0.0989,Y
Male,Yes,3+,Graduate,No,28777,12487,22.5,300.0,1.0,773,29,2,Urban,0.1818,Y
Female,Yes,2,Graduate,Yes,70696,18169,,300.0,1.0,729,57,0,Rural,0.0214,Y
Male,Yes,0,Graduate,,48754,20860,8.9,300.0,1.0,734,51,2,Rural,0.0426,Y
Female,Yes,0,Not Graduate,No,33387,9008,65.6,120.0,1.0,773,49,2,Semiurban,1.2894,N
Male,Yes,0,Graduate,No,31288,17110,26.9,360.0,1.0,580,36,2,Urban,0.1544,Y
Female,Yes,0,Graduate,No,60504,41779,48.9,360.0,1.0,830,56,1,Urban,0.1328,Y
Male,No,1,Graduate,Yes,49315,0,33.8,360.0,1.0,750,41,2,Rural,0.1904,Y
Male,Yes,1,Graduate,No,24166,48007,25.4,240.0,1.0,634,46,0,Rural,0.1466,Y
Female,No,1,Graduate,,16749,0,16.7,240.0,1.0,727,67,3,Urban,0.4154,N
Male,No,0,Not Graduate,No,113653,0,25.2,180.0,1.0,829,50,0,Rural,0.1232,Y
Male,Yes,0,Not Graduate,No,24071,27686,47.9,240.0,1.0,736,37,2,Semiurban,0.3856,Y
Male,No,2,Not Graduate,No,57748,0,33.0,360.0,1.0,644,44,2,Urban,0.1587,Y
Female,Yes,0,Not Graduate,Yes,94405,14201,22.2,300.0,0.0,475,53,0,Semiurban,0.0681,Y
Female,Yes,3+,Not Graduate,Yes,47753,0,18.1,180.0,1.0,850,45,2,Semiurban,0.2106,Y
Female,Yes,0,Graduate,Yes,32852,13593,27.1,240.0,1.0,553,47,2,Rural,0.2431,N
Male,No,3+,Graduate,Yes,21741,0,14.6,360.0,0.0,620,52,2,Urban,0.1865,N
Male,Yes,0,Not Graduate,No,21590,0,27.1,360.0,1.0,657,66,0,Urban,0.3487,N
Male,Yes,0,Graduate,No,53549,0,13.2,360.0,1.0,804,28,1,Urban,0.0685,Y
Male,No,0,Graduate,No,91628,0,16.2,360.0,,601,46,0,Urban,0.0491,Y
Female,Yes,1,Graduate,No,36398,27351,10.8,,1.0,850,43,0,Semiurban,0.0941,Y
Male,No,2,Graduate,No,33595,0,15.4,360.0,1.0,699,34,1,Urban,0.1273,Y
Male,No,0,Graduate,No,62865,0,13.3,180.0,1.0,690,31,0,Semiurban,0.1175,Y
Female,No,3+,Graduate,No,31477,0,55.4,360.0,1.0,682,56,2,Urban,0.4889,N
Male,No,1,Graduate,No,50881,0,11.7,180.0,0.0,537,27,1,Semiurban,0.1277,N
Male,No,1,Not Graduate,No,45293,0,25.3,300.0,1.0,677,23,0,Semiurban,0.1862,Y
Female,Yes,2,Graduate,Yes,36144,48569,11.4,360.0,1.0,775,32,0,Semiurban,0.0374,Y
Male,No,0,Not Graduate,Yes,44013,0,20.7,360.0,1.0,555,21,0,Urban,0.1306,Y
Female,Yes,0,Graduate,No,107106,32980,23.9,300.0,1.0,643,29,0,Urban,0.0569,Y
Female,Yes,3+,Graduate,No,60010,23686,6.6,360.0,1.0,845,26,1,Urban,0.0219,Y
Female,Yes,3+,Graduate,No,76592,0,8.7,240.0,1.0,702,39,2,Urban,0.0473,Y
Male,No,3+,Graduate,No,28019,0,11.3,360.0,0.0,538,54,1,Urban,0.112,N
Female,No,3+,Graduate,No,76724,0,9.2,360.0,0.0,475,32,1,Urban,0.0333,N
Male,No,0,Not Graduate,No,61054,0,21.1,300.0,1.0,605,48,0,Semiurban,0.1152,Y
Male,Yes,,Not Graduate,No,20956,11220,23.2,300.0,1.0,798,46,1,Rural,0.2403,Y
Male,Yes,0,Not Graduate,No,58099,68210,10.6,240.0,1.0,636,21,1,Urban,0.035,Y
Female,Yes,3+,Graduate,No,34316,19807,21.6,360.0,1.0,782,32,1,Rural,0.1109,Y
Male,No,0,Graduate,No,20478,0,15.6,300.0,1.0,622,34,1,Urban,0.2539,Y
Male,No,1,Graduate,No,47329,0,18.9,300.0,1.0,699,42,0,Semiurban,0.1331,Y
Female,Yes,0,Graduate,No,58077,26242,13.8,360.0,1.0,704,44,0,Semiurban,0.0455,Y
Male,Yes,0,Graduate,No,47849,0,26.9,240.0,1.0,642,42,0,Rural,0.2342,Y
Male,Yes,0,Graduate,No,42000,12643,53.6,240.0,1.0,717,28,3,Urban,0.4087,Y
Male,Yes,2,Graduate,No,37598,46382,32.0,300.0,1.0,520,31,0,Urban,0.127,Y
Male,No,2,Graduate,No,152252,0,46.3,240.0,1.0,702,21,2,Urban,0.1267,Y
Male,Yes,0,Graduate,No,24556,13722,8.7,360.0,0.0,630,39,0,Semiurban,0.0631,N
Male,Yes,2,Graduate,No,68628,33204,13.4,360.0,1.0,635,34,0,Rural,0.0366,Y
Female,Yes,1,Graduate,No,44699,37104,28.2,,1.0,729,44,1,Rural,0.1915,Y
Male,,0,Graduate,No,28934,8314,49.6,180.0,1.0,724,46,0,Semiurban,0.7398,Y
Male,No,0,Graduate,No,43295,0,29.7,240.0,1.0,727,34,2,Semiurban,0.2858,Y
,Yes,2,Graduate,Yes,22104,0,10.9,180.0,1.0,589,41,2,Rural,0.2739,Y
Male,Yes,1,Graduate,Yes,32934,11586,15.5,,1.0,719,36,1,Semiurban,0.1934,Y
Female,Yes,0,Graduate,No,43327,12680,24.5,240.0,1.0,555,26,2,Urban,0.1823,Y
Male,No,1,Not Graduate,No,20423,0,18.2,300.0,1.0,653,29,2,Rural,0.297,N
Male,No,0,Not Graduate,No,57136,0,12.4,360.0,1.0,710,21,2,Urban,0.0603,Y
Male,No,0,Graduate,No,27395,0,16.9,240.0,1.0,729,34,1,Urban,0.257,Y
Male,Yes,0,Graduate,No,21464,8934,19.9,360.0,1.0,601,31,0,Urban,0.1818,Y
Male,Yes,0,Not Graduate,No,25843,38532,10.5,180.0,1.0,684,26,2,Semiurban,0.0906,Y
Male,Yes,1,Graduate,No,131660,14738,36.3,360.0,1.0,782,47,0,Semiurban,0.0689,Y
Male,No,3+,Not Graduate,No,16498,0,15.4,360.0,1.0,622,44,0,Urban,0.2593,Y
Male,Yes,0,Graduate,No,55164,15565,19.2,360.0,1.0,516,44,0,Semiurban,0.0754,Y
Male,Yes,0,Graduate,No,30460,17080,37.4,240.0,1.0,758,46,1,Rural,0.3278,Y
Male,No,1,Not Graduate,Yes,37232,0,18.6,300.0,1.0,625,38,0,Rural,0.1665,Y
Male,No,2,Graduate,Yes,59992,0,36.2,360.0,1.0,652,38,0,Semiurban,0.1676,Y
Male,Yes,1,Graduate,No,58537,0,10.8,,0.0,602,47,1,Rural,0.0615,N
Female,Yes,2,Graduate,,31560,41315,26.0,240.0,1.0,717,45,2,Rural,0.1487,Y
Male,Yes,0,Graduate,No,22496,23789,33.2,360.0,1.0,802,49,0,Urban,0.1992,Y
Female,No,2,Not Graduate,No,60541,0,12.2,360.0,1.0,688,38,2,Urban,0.056,Y
Female,No,0,Graduate,No,58465,0,18.0,360.0,0.0,596,27,0,Semiurban,0.0855,N
Male,Yes,0,Graduate,No,38465,9322,18.3,120.0,1.0,558,41,3,Urban,0.3191,N
Female,Yes,0,Not Graduate,No,55325,30705,22.8,300.0,1.0,767,32,0,Urban,0.0883,Y
Female,No,0,Graduate,Yes,35493,0,26.7,300.0,1.0,648,45,0,Semiurban,0.2507,Y
Male,No,,Graduate,No,29333,0,11.6,360.0,1.0,850,41,2,Urban,0.1098,Y
Male,Yes,2,Graduate,No,44444,5896,19.4,240.0,1.0,691,39,0,Urban,0.1606,Y
Female,Yes,0,Not Graduate,No,57499,10471,52.2,300.0,0.0,628,34,0,Semiurban,0.256,N
Female,Yes,0,Graduate,No,51773,29484,37.8,360.0,1.0,767,49,0,Semiurban,0.1292,Y
Male,Yes,0,Graduate,No,57216,120395,32.3,300.0,1.0,702,48,0,Rural,0.0606,Y
Male,No,0,Not Graduate,No,30324,0,17.9,360.0,1.0,749,32,2,Semiurban,0.164,Y
Male,,1,Not Graduate,No,97826,0,72.0,300.0,0.0,793,24,2,Semiurban,0.2453,Y
Male,No,3+,Not Graduate,No,37377,0,37.3,300.0,1.0,642,40,1,Urban,0.3326,Y
Female,Yes,3+,Graduate,No,41795,27799,,180.0,1.0,508,51,3,Urban,0.1636,Y
Male,No,1,Graduate,Yes,22941,0,22.9,,1.0,593,24,2,Urban,0.2773,N
Male,Yes,2,Graduate,No,40258,42885,15.3,240.0,1.0,800,43,1,Rural,0.0767,Y
Female,Yes,,Not Graduate,No,57880,20927,25.4,360.0,1.0,667,29,0,Semiurban,0.0895,Y
Male,Yes,0,Not Graduate,No,64942,35772,28.7,360.0,1.0,850,27,1,Rural,0.0792,Y
Male,Yes,0,Graduate,No,96855,22505,30.6,360.0,1.0,775,48,0,Semiurban,0.0712,Y
Female,No,1,Graduate,No,57533,0,18.0,360.0,,651,45,0,Urban,0.0869,Y
Female,Yes,1,Graduate,No,50943,20715,8.3,240.0,1.0,640,36,1,Semiurban,0.0483,Y
,Yes,0,Not Graduate,,35485,0,23.2,360.0,1.0,670,47,0,Semiurban,0.1816,Y
Male,Yes,0,Graduate,No,31861,44358,30.7,300.0,1.0,524,46,0,Semiurban,0.1343,Y
Male,Yes,0,Graduate,Yes,72051,9078,11.2,360.0,0.0,615,22,1,Semiurban,0.0383,N
Male,Yes,3+,Graduate,No,71363,7746,19.0,360.0,0.0,652,39,0,Rural,0.0667,N
,Yes,0,Graduate,No,25887,0,44.9,360.0,0.0,503,54,1,Rural,0.4818,N
Male,No,2,Graduate,No,63675,0,9.8,240.0,1.0,570,43,2,Rural,0.0641,Y
Male,Yes,2,Not Graduate,No,61402,72036,16.9,240.0,0.0,508,21,0,Urban,0.0528,N
Male,Yes,0,Not Graduate,Yes,25415,9348,49.0,120.0,1.0,800,26,0,Urban,1.1746,N
Male,Yes,1,Graduate,No,58118,0,22.1,360.0,0.0,662,49,2,Urban,0.1056,N
Male,No,2,Graduate,No,26245,0,14.6,300.0,1.0,729,32,1,Urban,0.1854,Y
Male,Yes,0,Not Graduate,Yes,13165,14982,20.0,300.0,1.0,850,50,0,Semiurban,0.2368,Y
Male,Yes,3+,Graduate,Yes,40944,48339,33.0,360.0,1.0,558,61,0,Semiurban,0.1027,Y
Male,Yes,0,Graduate,No,50459,0,17.8,360.0,0.0,571,35,1,Semiurban,0.098,N
Female,Yes,0,Not Graduate,No,41876,16954,28.7,180.0,1.0,760,31,1,Rural,0.271,Y
Female,Yes,2,Not Graduate,Yes,186010,32259,23.1,360.0,0.0,661,27,0,Rural,0.0294,N
Female,No,2,Not Graduate,No,53607,0,24.3,120.0,1.0,782,46,0,Urban,0.3777,N
Female,Yes,3+,Graduate,Yes,47742,67177,29.9,180.0,1.0,775,31,1,Rural,0.1445,Y
Male,Yes,1,Graduate,No,54984,22139,16.8,360.0,1.0,829,34,1,Semiurban,0.0605,Y
Male,No,3+,Graduate,No,35573,0,11.4,300.0,1.0,779,26,0,Semiurban,0.1068,Y
Male,No,2,Graduate,No,70597,0,,360.0,1.0,606,33,3,Rural,0.1051,Y
Female,Yes,,Not Graduate,No,53130,0,18.6,300.0,0.0,549,30,0,Urban,0.1167,N
Female,Yes,1,Graduate,No,51927,0,15.4,360.0,0.0,437,21,0,Rural,0.0824,Y
Male,Yes,0,Not Graduate,No,32466,0,27.5,,1.0,800,29,0,Semiurban,0.3529,Y
Male,Yes,3+,Graduate,No,20289,47110,43.2,360.0,0.0,698,46,2,Rural,0.178,N
Male,No,0,Graduate,Yes,34520,0,18.3,360.0,1.0,600,53,3,Rural,0.1473,Y
Male,No,0,Not Graduate,No,51089,0,20.2,300.0,1.0,676,37,0,Semiurban,0.1318,Y
Female,No,0,Graduate,No,35513,0,9.9,120.0,1.0,552,38,0,Urban,0.2323,Y
Male,Yes,1,Graduate,Yes,51321,10220,17.6,180.0,1.0,699,41,1,Urban,0.1589,Y
Male,Yes,,Graduate,No,39491,13106,22.9,360.0,1.0,636,60,1,Urban,0.1209,Y
Female,Yes,0,Graduate,No,55011,0,19.8,300.0,1.0,605,27,0,Urban,0.12,Y
Female,No,2,Graduate,No,27217,0,16.2,360.0,1.0,708,24,2,Rural,0.1653,Y
Male,Yes,0,Graduate,No,48847,9239,31.0,360.0,1.0,850,37,1,Urban,0.1482,Y
Male,Yes,1,Graduate,No,32194,6487,20.8,360.0,1.0,782,42,0,Rural,0.1494,Y
Male,No,0,Not Graduate,No,20555,0,94.9,300.0,1.0,687,38,0,Semiurban,1.5389,N
Male,No,0,Graduate,No,40840,0,22.8,360.0,1.0,706,23,1,Urban,0.1551,Y
Male,No,0,Graduate,No,95622,0,3.9,300.0,1.0,850,48,1,Semiurban,0.0136,Y
Male,Yes,1,Graduate,No,21391,50061,10.3,360.0,1.0,823,36,0,Semiurban,0.04,Y
Male,No,0,Graduate,No,47084,0,27.6,120.0,1.0,682,44,1,Semiurban,0.4885,Y
Male,No,3+,Graduate,Yes,66091,0,13.7,180.0,1.0,755,55,0,Semiurban,0.1152,Y
Female,,0,Graduate,No,140086,0,14.2,360.0,0.0,500,22,0,Urban,0.0282,Y
Male,Yes,0,Graduate,No,34667,17257,9.5,300.0,1.0,712,21,1,Semiurban,0.061,Y
Male,Yes,0,Not Graduate,No,32338,38173,15.1,,1.0,779,44,2,Semiurban,0.0714,Y
Male,No,0,Not Graduate,No,24752,0,22.6,360.0,1.0,802,21,2,Rural,0.2536,N
Female,Yes,2,Not Graduate,Yes,78453,0,25.3,360.0,1.0,652,34,0,Rural,0.0896,Y
Male,Yes,2,Graduate,No,28747,44410,10.9,180.0,1.0,800,32,0,Urban,0.0828,Y
Male,Yes,1,Graduate,,36853,0,32.6,360.0,1.0,723,42,3,Urban,0.2457,Y
Female,No,0,Not Graduate,No,17598,0,9.8,360.0,1.0,684,31,0,Semiurban,0.1547,Y
Female,Yes,0,Graduate,Yes,69009,0,26.1,360.0,1.0,850,43,2,Rural,0.1051,Y
Female,Yes,,Not Graduate,No,79152,0,24.6,360.0,1.0,678,26,0,Semiurban,0.0863,Y
Male,Yes,3+,Graduate,No,67703,14366,,300.0,1.0,610,24,2,Urban,0.0467,Y
Male,No,0,Graduate,No,19877,0,10.7,300.0,1.0,649,38,1,Urban,0.1794,Y
Female,Yes,1,Not Graduate,No,60089,0,25.3,120.0,1.0,775,39,1,Urban,0.3509,Y
Female,Yes,0,Not Graduate,No,19219,24364,14.4,120.0,0.0,501,41,3,Urban,0.2753,N
Male,No,0,Not Graduate,No,45662,0,17.9,180.0,1.0,785,54,3,Semiurban,0.2178,Y
Male,Yes,0,Not Graduate,No,49145,23679,30.3,360.0,0.0,513,52,0,Semiurban,0.1156,N
Male,No,0,Graduate,No,51797,0,26.8,360.0,1.0,703,43,0,Urban,0.1437,Y
Female,Yes,2,Graduate,No,57949,17928,11.6,300.0,1.0,850,47,0,Urban,0.051,Y
Male,Yes,0,Not Graduate,No,44178,7255,19.5,240.0,1.0,631,41,0,Urban,0.158,Y
Male,Yes,1,Graduate,No,16627,0,11.5,180.0,,408,51,0,Rural,0.3842,N
Male,Yes,0,Graduate,No,57963,0,33.9,240.0,1.0,833,42,3,Semiurban,0.2437,N
Male,No,3+,Graduate,No,46574,0,50.5,360.0,1.0,584,32,0,Rural,0.3012,Y
Male,Yes,0,Graduate,No,28246,17267,12.1,360.0,1.0,637,30,3,Semiurban,0.0738,Y
Male,No,2,Graduate,No,20238,0,19.7,360.0,1.0,776,51,0,Urban,0.2704,Y
Female,Yes,2,Graduate,No,95799,0,34.8,360.0,1.0,772,36,0,Urban,0.1009,Y
Male,Yes,3+,Not Graduate,No,82096,23842,20.4,360.0,1.0,496,59,1,Semiurban,0.0535,Y
Female,Yes,0,Graduate,No,63132,96745,28.1,360.0,1.0,679,26,1,Semiurban,0.0488,Y
Male,No,1,Graduate,No,31630,0,20.7,120.0,0.0,667,52,0,Semiurban,0.5454,N
Male,Yes,0,Graduate,No,12601,52012,10.7,300.0,1.0,850,33,1,Rural,0.0552,Y
Male,Yes,0,Graduate,No,65013,30816,21.6,360.0,0.0,479,42,2,Semiurban,0.0626,N
Male,Yes,0,Graduate,No,53281,14760,39.5,300.0,1.0,806,24,1,Urban,0.1935,Y
Male,Yes,0,Graduate,No,36779,8769,24.3,300.0,1.0,650,21,0,Rural,0.1778,Y
Male,Yes,3+,Graduate,No,77839,10688,53.2,360.0,1.0,804,54,0,Semiurban,0.1669,Y
Male,No,0,Graduate,No,67778,0,6.9,300.0,1.0,616,33,0,Urban,0.0339,Y
Female,Yes,1,Graduate,No,48438,74167,25.2,360.0,0.0,569,49,1,Semiurban,0.0571,Y
,No,1,Graduate,No,45140,0,13.6,180.0,1.0,745,31,3,Semiurban,0.1674,Y
Female,Yes,0,Graduate,No,45501,24360,11.9,360.0,1.0,796,49,0,Urban,0.0473,Y
Male,No,,Graduate,No,62316,0,44.7,120.0,1.0,761,33,1,Semiurban,0.5978,Y
Female,No,0,Graduate,No,28890,0,17.2,300.0,0.0,551,25,3,Urban,0.1984,N
Female,Yes,1,Graduate,No,54885,47562,16.3,240.0,1.0,665,45,0,Urban,0.0663,Y
Female,No,0,Not Graduate,No,27993,0,24.7,180.0,1.0,850,48,1,Urban,0.4902,Y
Male,Yes,3+,Graduate,No,86533,24219,5.5,360.0,0.0,615,45,0,Urban,0.0138,Y
Male,No,2,Not Graduate,No,57876,0,45.3,360.0,1.0,667,36,3,Urban,0.2174,N
Male,No,3+,Graduate,Yes,31442,0,63.0,360.0,0.0,638,21,0,Urban,0.5566,N
Female,Yes,0,Not Graduate,No,46180,2413,34.8,240.0,1.0,766,26,0,Rural,0.2984,Y
Female,Yes,0,Graduate,Yes,28944,0,25.7,300.0,0.0,468,30,0,Urban,0.296,N
Female,Yes,0,Not Graduate,No,94095,0,,120.0,1.0,754,35,0,Semiurban,0.1559,Y
Male,Yes,0,Graduate,No,99851,16643,10.5,360.0,0.0,454,50,3,Urban,0.025,N
Female,Yes,0,Not Graduate,No,62825,5618,41.1,180.0,1.0,652,37,1,Rural,0.3336,Y
Female,Yes,1,Graduate,No,96599,14072,34.8,360.0,1.0,621,21,1,Urban,0.0873,Y
Male,Yes,0,Graduate,No,47853,12834,26.3,180.0,1.0,698,21,1,Urban,0.2408,Y
Male,No,,Not Graduate,No,64975,0,24.5,120.0,1.0,671,30,0,Urban,0.3142,Y
Female,Yes,2,Graduate,No,81827,27805,24.1,360.0,0.0,572,32,0,Rural,0.0611,Y
Male,Yes,1,Not Graduate,Yes,44229,23994,14.6,360.0,1.0,539,42,1,Semiurban,0.0594,Y
Female,Yes,0,Graduate,,45961,8494,90.1,180.0,1.0,703,22,1,Urban,0.9192,N
Male,Yes,0,Graduate,No,70744,8880,16.9,240.0,1.0,611,23,1,Urban,0.0884,Y
Female,Yes,0,Not Graduate,No,61282,0,15.5,360.0,1.0,850,43,1,Urban,0.0703,Y
Male,Yes,0,Graduate,No,30402,78227,39.3,,1.0,674,53,1,Urban,0.1005,Y
Male,No,1,Graduate,No,14862,0,,360.0,1.0,687,21,0,Rural,0.3682,Y
Male,No,0,Not Graduate,No,40629,0,19.9,300.0,1.0,773,30,1,Semiurban,0.1633,Y
Female,Yes,2,Not Graduate,No,15546,5521,46.9,120.0,0.0,709,50,0,Semiurban,1.8551,N
Female,No,2,Not Graduate,No,27024,0,30.2,120.0,1.0,604,48,1,Urban,0.9312,N
Male,Yes,1,Graduate,No,28649,22762,31.1,360.0,1.0,762,28,0,Semiurban,0.168,Y
Male,No,0,Graduate,No,33379,0,8.6,360.0,1.0,797,51,0,Urban,0.0716,Y
Female,No,0,Graduate,No,66851,0,25.5,360.0,1.0,727,38,0,Urban,0.106,Y
Male,Yes,2,Graduate,,74521,0,11.0,360.0,0.0,605,45,2,Semiurban,0.041,N
,Yes,0,Not Graduate,,57203,10082,15.3,240.0,0.0,544,30,0,Urban,0.0947,N
,Yes,0,Graduate,No,60855,0,22.3,360.0,1.0,681,41,0,Semiurban,0.1018,Y
Male,Yes,0,Graduate,No,61578,40042,19.7,360.0,1.0,700,25,1,Rural,0.0538,Y
Male,No,0,Graduate,No,12728,0,29.7,360.0,1.0,672,32,0,Urban,0.6481,N
Male,Yes,2,Graduate,No,44583,27173,31.9,300.0,1.0,790,35,0,Rural,0.1482,Y
Female,No,0,Not Graduate,No,18066,0,33.4,360.0,1.0,632,40,0,Urban,0.5135,N
Male,No,0,Graduate,No,57215,0,9.0,360.0,1.0,787,64,0,Urban,0.0437,Y
Male,Yes,0,Graduate,No,15575,8701,82.9,360.0,1.0,830,66,1,Semiurban,0.9485,N
Female,No,1,Not Graduate,No,40529,0,19.8,240.0,0.0,623,34,0,Semiurban,0.2036,Y
Male,No,2,Graduate,No,58331,0,41.6,360.0,1.0,549,54,2,Urban,0.1981,Y
Male,No,2,Graduate,No,25365,0,4.4,360.0,0.0,645,26,0,Rural,0.0482,N
Female,No,0,Graduate,No,71744,0,17.1,240.0,1.0,652,42,0,Rural,0.0993,Y
Female,No,0,Graduate,No,57143,0,8.4,300.0,1.0,663,30,1,Urban,0.049,Y
Male,Yes,0,Graduate,No,53659,7041,12.0,300.0,1.0,743,33,2,Rural,0.0659,Y
Female,No,1,Not Graduate,No,62881,0,20.7,360.0,0.0,689,67,0,Semiurban,0.0914,N
Female,Yes,1,Graduate,No,37064,41292,16.4,360.0,1.0,560,34,1,Rural,0.0581,Y
Male,No,1,Graduate,No,47856,0,44.2,300.0,1.0,715,31,1,Urban,0.3079,Y
Male,No,0,Not Graduate,No,44579,0,58.1,360.0,1.0,850,27,0,Rural,0.362,Y
Female,Yes,1,Not Graduate,Yes,44078,37003,11.2,240.0,1.0,611,30,1,Urban,0.0576,Y
Female,Yes,0,Graduate,No,31697,0,15.0,240.0,0.0,572,22,0,Rural,0.1972,N
Male,Yes,2,Graduate,No,23831,13644,10.8,240.0,0.0,535,40,2,Semiurban,0.1201,Y
Female,Yes,0,Graduate,No,37480,8273,40.2,120.0,1.0,773,40,2,Urban,0.7322,N
Female,Yes,1,Graduate,No,36462,21816,22.1,360.0,0.0,477,42,0,Urban,0.1053,N
Male,No,0,Graduate,No,30688,0,20.5,360.0,1.0,569,38,0,Rural,0.1856,Y
Male,No,,Graduate,Yes,67916,0,,300.0,1.0,785,32,1,Semiurban,0.1188,Y
Male,No,1,Graduate,No,24684,0,16.7,360.0,1.0,731,31,0,Urban,0.1879,Y
Female,Yes,0,Graduate,No,40711,13668,,360.0,0.0,483,40,0,Semiurban,0.0613,N
Male,No,2,Graduate,No,79473,0,20.7,240.0,0.0,584,37,0,Rural,0.1085,N
Male,No,1,Graduate,No,69882,0,17.1,120.0,1.0,595,31,0,Urban,0.2039,Y
Female,Yes,1,Graduate,No,81483,36546,24.7,360.0,1.0,793,35,1,Urban,0.0581,Y
Female,Yes,0,Graduate,No,33011,0,7.5,360.0,1.0,735,55,0,Rural,0.0631,Y
Male,Yes,0,Graduate,No,65653,38023,22.5,240.0,0.0,526,60,1,Urban,0.0904,Y
Female,No,1,Graduate,Yes,26069,0,13.3,300.0,1.0,658,36,1,Urban,0.1701,Y
Male,Yes,0,Graduate,Yes,38641,0,22.0,360.0,0.0,549,30,1,Urban,0.1581,N
Female,No,1,Graduate,Yes,40503,0,34.6,240.0,1.0,613,38,1,Rural,0.3559,Y
Male,Yes,0,Graduate,No,33259,27707,14.4,360.0,1.0,831,50,0,Urban,0.0656,Y
Male,No,0,Not Graduate,Yes,37016,0,41.2,240.0,1.0,815,38,0,Semiurban,0.4638,N
Female,Yes,0,Not Graduate,No,34659,0,,300.0,1.0,674,42,0,Rural,0.0683,Y
Male,Yes,0,Graduate,No,27141,48511,50.7,300.0,1.0,682,31,0,Urban,0.2234,Y
Male,Yes,0,Not Graduate,No,68064,28286,42.2,300.0,1.0,609,25,3,Rural,0.146,Y
Female,Yes,1,Graduate,No,40489,0,11.8,240.0,1.0,696,46,3,Semiurban,0.1214,Y
Female,No,2,Graduate,No,49056,0,11.9,240.0,1.0,754,40,0,Semiurban,0.1011,Y
Female,Yes,0,Not Graduate,No,48141,41667,8.2,360.0,1.0,816,45,0,Urban,0.0254,Y
Female,No,3+,Graduate,No,45586,0,34.9,240.0,1.0,629,21,0,Semiurban,0.319,Y
Male,Yes,0,Graduate,Yes,46463,17198,16.5,360.0,1.0,558,58,2,Urban,0.072,Y
Male,Yes,3+,Graduate,Yes,38074,0,15.8,360.0,1.0,619,41,0,Urban,0.1153,Y
Male,Yes,1,Graduate,No,90147,41345,10.2,360.0,1.0,760,21,1,Rural,0.0215,Y
Male,Yes,1,Graduate,No,64885,33843,59.6,240.0,1.0,706,49,0,Urban,0.2515,Y
Female,No,0,Graduate,Yes,44765,0,11.2,360.0,0.0,679,34,2,Rural,0.0695,N
Female,Yes,0,Graduate,No,35471,0,20.4,360.0,0.0,594,38,2,Urban,0.1598,N
Male,No,0,Graduate,No,41797,0,22.9,240.0,1.0,850,33,1,Urban,0.2283,Y
Male,No,1,Graduate,No,54656,0,15.8,300.0,1.0,567,37,1,Rural,0.0964,Y
Female,Yes,0,Not Graduate,No,93899,47834,14.0,240.0,0.0,366,37,0,Urban,0.0412,N
Male,Yes,2,Not Graduate,Yes,22325,17979,16.1,360.0,1.0,832,21,1,Rural,0.111,Y
Female,No,0,Graduate,No,61691,0,28.2,360.0,1.0,638,48,0,Semiurban,0.127,Y
Male,No,2,Graduate,No,77914,0,16.3,360.0,1.0,722,39,1,Urban,0.0581,Y
Female,No,0,Not Graduate,No,21092,0,53.3,360.0,1.0,722,43,3,Semiurban,0.7019,N
Male,Yes,0,Graduate,No,40515,0,12.6,300.0,1.0,739,47,2,Urban,0.1037,Y
Female,No,0,Graduate,,26049,0,31.6,360.0,1.0,667,39,1,Urban,0.337,Y
Female,Yes,0,Graduate,No,55010,5615,,360.0,1.0,624,42,3,Semiurban,0.0321,Y
Male,No,0,Not Graduate,No,37080,0,12.6,300.0,1.0,617,22,1,Urban,0.1133,Y
Female,No,2,Graduate,No,41562,0,12.3,360.0,1.0,764,29,0,Urban,0.0822,Y
Female,Yes,0,Graduate,No,36115,0,10.4,240.0,1.0,779,39,1,Rural,0.12,Y
Female,Yes,0,Graduate,No,63582,20939,23.8,240.0,0.0,567,40,2,Rural,0.1173,N
Male,Yes,,Graduate,No,49738,36000,18.8,360.0,1.0,656,42,0,Semiurban,0.0609,Y
Male,Yes,0,Graduate,Yes,49785,0,5.1,360.0,1.0,761,53,1,Semiurban,0.0285,Y
Female,No,3+,Graduate,No,48065,0,,180.0,1.0,577,37,2,Semiurban,0.7686,N
Male,Yes,3+,Graduate,No,59056,19894,22.3,360.0,1.0,850,42,0,Semiurban,0.0785,Y
Female,Yes,0,Graduate,Yes,38910,0,20.1,300.0,0.0,631,39,1,Semiurban,0.1722,N
Female,,0,Graduate,No,103817,35532,44.1,360.0,1.0,696,35,0,Rural,0.0879,Y
Female,No,0,Not Graduate,No,23923,0,36.4,180.0,1.0,785,36,1,Urban,0.8453,N
Male,Yes,2,Not Graduate,No,18714,14296,16.8,360.0,1.0,767,29,1,Semiurban,0.1414,Y
,Yes,,Graduate,No,17956,6624,6.2,360.0,1.0,731,37,0,Rural,0.0701,Y
Female,Yes,1,Graduate,,15681,16308,28.2,300.0,0.0,420,36,0,Semiurban,0.2938,N
Female,No,2,Graduate,No,62105,0,11.3,360.0,1.0,747,36,3,Rural,0.0505,Y
Male,No,0,Graduate,Yes,58436,0,42.2,360.0,0.0,721,21,0,Urban,0.2006,N
Female,Yes,2,Graduate,No,81137,12106,12.6,300.0,1.0,660,37,2,Urban,0.045,Y
Female,Yes,1,Graduate,Yes,26152,47872,15.3,360.0,1.0,796,28,0,Rural,0.0574,Y
Male,Yes,1,Graduate,No,64391,78643,9.0,360.0,0.0,666,37,2,Urban,0.0175,Y
Female,Yes,2,Graduate,No,45634,0,9.4,240.0,1.0,736,26,0,Semiurban,0.0858,Y
Male,Yes,1,Not Graduate,No,48209,20537,18.8,180.0,1.0,725,39,0,Urban,0.1519,Y
Male,No,0,Graduate,No,60646,0,17.8,300.0,1.0,760,35,0,Rural,0.0978,Y
Male,Yes,0,Graduate,No,30390,15472,15.1,300.0,1.0,747,31,0,Semiurban,0.1097,Y
Female,No,0,Graduate,No,161720,0,68.8,180.0,1.0,850,41,0,Urban,0.2363,Y
Male,Yes,0,Not Graduate,Yes,86331,28166,28.9,180.0,,797,42,0,Semiurban,0.1402,Y
Male,No,3+,Not Graduate,No,34001,0,20.2,360.0,1.0,774,37,0,Semiurban,0.165,N
Male,No,0,Graduate,No,25710,0,3.8,360.0,1.0,805,44,0,Urban,0.0411,Y
Male,Yes,1,Graduate,No,42449,35861,33.0,360.0,1.0,774,33,0,Semiurban,0.1171,Y
Female,Yes,0,Graduate,No,48588,19861,121.1,360.0,0.0,403,42,2,Semiurban,0.4914,N
Male,Yes,0,Graduate,No,75569,0,17.9,300.0,1.0,699,38,1,Urban,0.079,Y
Male,Yes,3+,Graduate,No,24727,12866,12.4,360.0,1.0,654,27,3,Rural,0.0916,Y
Female,Yes,2,Graduate,No,51162,0,22.2,240.0,1.0,740,29,0,Urban,0.1808,Y
Male,Yes,0,Graduate,No,20650,19065,8.5,360.0,1.0,660,51,0,Urban,0.0594,Y
Male,No,0,Not Graduate,No,55170,0,26.5,240.0,1.0,763,55,0,Semiurban,0.2001,Y
Male,Yes,0,Graduate,No,42035,9199,49.4,240.0,1.0,672,46,0,Semiurban,0.4017,Y
Male,No,0,Graduate,No,116814,0,13.4,180.0,1.0,850,32,2,Rural,0.0637,Y
Male,Yes,0,Graduate,No,20476,16766,13.7,360.0,1.0,850,54,0,Urban,0.1022,Y
Male,No,0,Not Graduate,No,88019,0,19.1,360.0,1.0,580,45,0,Urban,0.0603,Y
Male,Yes,3+,Graduate,No,18922,16829,14.9,180.0,1.0,739,42,0,Urban,0.2315,N
Female,No,1,Not Graduate,No,22843,0,8.1,360.0,0.0,548,58,3,Rural,0.0985,N
Male,Yes,2,Graduate,No,19177,12961,15.9,360.0,1.0,733,29,2,Semiurban,0.1374,Y
Female,Yes,1,Not Graduate,No,50271,10202,14.1,300.0,0.0,643,47,0,Semiurban,0.0777,Y
Female,Yes,0,Not Graduate,No,24665,0,45.6,360.0,1.0,595,29,1,Urban,0.5135,Y
Male,Yes,2,Graduate,Yes,22603,4466,40.2,240.0,1.0,622,31,0,Rural,0.6188,Y
Female,Yes,0,Not Graduate,No,49089,0,46.5,120.0,1.0,634,67,0,Semiurban,0.7894,Y
Male,Yes,2,Graduate,No,55597,0,32.5,300.0,1.0,660,44,1,Rural,0.1949,Y
Female,Yes,0,Graduate,No,45248,20290,22.7,360.0,1.0,663,58,0,Urban,0.0962,Y
Male,No,0,Graduate,No,40900,0,11.9,240.0,0.0,662,44,0,Semiurban,0.1212,N
Male,Yes,2,Graduate,No,110686,0,44.5,240.0,0.0,610,42,0,Rural,0.1675,Y
Male,Yes,1,Not Graduate,No,47711,7419,24.7,360.0,1.0,632,31,1,Semiurban,0.1245,Y
Female,No,2,Not Graduate,No,66360,0,9.5,240.0,1.0,681,49,0,Urban,0.0596,Y
Male,Yes,3+,Graduate,No,47642,35464,11.6,300.0,1.0,497,38,1,Rural,0.0465,Y
Female,Yes,0,Graduate,No,25618,8716,9.4,360.0,1.0,850,39,1,Urban,0.076,Y
Male,Yes,0,Graduate,No,58393,0,5.9,360.0,1.0,712,35,1,Urban,0.0281,Y
Female,No,0,Graduate,No,31956,0,25.4,300.0,0.0,679,37,0,Semiurban,0.2649,N
Male,No,1,Graduate,Yes,42383,0,9.6,300.0,1.0,781,38,0,Semiurban,0.0755,Y
Female,No,2,Not Graduate,No,51674,0,12.8,360.0,0.0,587,39,0,Rural,0.0688,N
Male,Yes,0,Graduate,No,16803,5803,20.6,360.0,1.0,496,37,0,Urban,0.2531,Y
Male,,1,Graduate,No,19836,0,17.9,360.0,1.0,660,21,1,Semiurban,0.2507,Y
Male,Yes,1,Not Graduate,No,69894,0,13.1,360.0,1.0,742,44,1,Semiurban,0.0521,Y
Male,Yes,0,Graduate,No,31829,125432,50.0,360.0,1.0,715,37,0,Urban,0.0883,Y
Male,Yes,2,Graduate,No,32593,18094,8.0,180.0,1.0,804,21,1,Rural,0.0877,Y
Male,Yes,1,Graduate,No,48205,17351,8.2,120.0,0.0,590,21,1,Rural,0.1042,N
Female,Yes,3+,Graduate,No,36577,29778,26.4,360.0,1.0,850,33,0,Semiurban,0.1105,Y
Male,Yes,0,Not Graduate,No,54655,12597,13.8,240.0,1.0,615,52,1,Urban,0.0855,Y
Male,Yes,0,Graduate,No,43236,3711,13.5,360.0,1.0,757,45,2,Rural,0.0799,Y
Male,Yes,0,Graduate,No,48987,0,10.5,360.0,1.0,617,30,0,Urban,0.0595,Y
Male,No,0,Graduate,Yes,31228,0,24.6,300.0,1.0,792,36,1,Urban,0.2626,Y
Male,Yes,3+,Graduate,Yes,48864,45940,23.0,360.0,1.0,642,50,0,Urban,0.0674,Y
Male,No,0,Not Graduate,No,77076,0,21.6,360.0,1.0,552,31,0,Urban,0.0778,Y
Male,Yes,2,Not Graduate,No,33394,23986,14.2,360.0,0.0,456,26,2,Rural,0.0687,N
Female,No,0,Not Graduate,No,70099,0,12.8,360.0,0.0,548,48,2,Semiurban,0.0507,N
Female,Yes,0,Graduate,No,43227,46595,18.2,360.0,1.0,850,50,0,Rural,0.0563,Y
Male,Yes,0,Graduate,No,64039,25928,35.9,360.0,1.0,777,31,1,Urban,0.1108,Y
Male,Yes,1,Graduate,No,47306,0,51.5,360.0,1.0,750,43,1,Semiurban,0.3024,Y
Female,Yes,1,Graduate,Yes,43621,0,39.1,300.0,,704,38,0,Rural,0.2988,Y
Male,No,0,Graduate,No,52832,0,27.2,360.0,1.0,609,32,0,Rural,0.143,Y
Male,Yes,3+,Graduate,Yes,81373,8921,36.2,360.0,,626,51,2,Semiurban,0.1114,Y
Male,Yes,0,Not Graduate,No,49914,9041,9.9,360.0,1.0,660,31,2,Urban,0.0466,Y
Female,No,0,Graduate,No,56346,0,13.1,360.0,1.0,652,46,1,Rural,0.0646,Y
Female,No,0,Graduate,No,36892,0,27.5,360.0,1.0,651,39,0,Urban,0.2071,Y
Male,Yes,0,Graduate,No,97289,16697,18.7,240.0,1.0,624,36,2,Semiurban,0.0684,Y
Male,Yes,3+,Graduate,No,61094,39110,24.6,180.0,1.0,711,32,3,Semiurban,0.1364,Y
Male,Yes,0,Graduate,No,46113,0,36.2,360.0,1.0,642,27,1,Semiurban,0.2181,Y
Female,Yes,0,Graduate,No,41717,10919,32.9,360.0,1.0,812,35,0,Semiurban,0.1736,Y
Male,Yes,0,Graduate,No,72327,20249,10.4,180.0,1.0,811,32,0,Semiurban,0.0624,Y
Male,No,1,Graduate,No,32758,0,20.2,300.0,0.0,644,39,2,Urban,0.2055,N
Female,Yes,0,Not Graduate,No,18189,14379,,240.0,1.0,754,25,0,Semiurban,0.1484,Y
Male,Yes,1,Graduate,Yes,45991,41802,12.6,360.0,1.0,570,36,0,Semiurban,0.0399,Y
Female,Yes,0,Graduate,No,80419,0,7.2,360.0,1.0,850,42,2,Urban,0.0249,Y
Male,No,0,Graduate,No,98288,0,,360.0,1.0,685,31,0,Urban,0.0616,Y
Male,No,2,Graduate,No,42039,0,6.9,240.0,1.0,781,46,2,Urban,0.0684,Y
Male,Yes,0,Not Graduate,No,45333,0,25.4,360.0,1.0,785,47,1,Semiurban,0.1556,Y
Female,No,2,Graduate,No,57513,0,45.4,360.0,1.0,616,25,1,Rural,0.2193,Y
Female,Yes,0,Graduate,No,38864,8311,27.6,360.0,1.0,653,30,1,Urban,0.1625,Y
Female,Yes,2,Not Graduate,Yes,57423,51917,,300.0,1.0,746,23,0,Semiurban,0.0631,Y
Male,Yes,0,Graduate,No,42502,37751,50.4,360.0,1.0,571,43,1,Semiurban,0.1744,Y
Female,Yes,1,Graduate,No,73547,50599,24.4,240.0,0.0,582,39,1,Urban,0.0819,N
Male,Yes,0,Graduate,No,63671,38921,12.0,180.0,1.0,494,21,1,Rural,0.065,Y
Male,No,0,Graduate,No,66510,0,21.7,,0.0,591,31,0,Urban,0.1088,N
Female,Yes,0,Not Graduate,Yes,40028,91401,65.1,240.0,1.0,834,41,2,Rural,0.2064,Y
Male,No,0,Graduate,No,116188,0,10.4,240.0,1.0,710,39,0,Urban,0.0373,Y
Male,Yes,0,Graduate,No,56498,16252,8.8,360.0,0.0,458,51,0,Urban,0.0336,Y
Male,Yes,0,Graduate,No,50194,0,29.0,300.0,1.0,660,25,0,Urban,0.1926,Y
Male,Yes,1,Graduate,Yes,30319,43507,17.6,360.0,1.0,765,38,3,Urban,0.0662,Y
Male,Yes,2,Graduate,No,42254,0,14.6,240.0,1.0,725,27,0,Rural,0.144,Y
Female,Yes,1,Graduate,No,46967,0,9.4,360.0,1.0,751,39,2,Urban,0.0556,Y
Male,Yes,1,Graduate,No,29916,23432,6.2,300.0,0.0,574,36,0,Semiurban,0.0387,Y
Female,Yes,0,Graduate,No,38324,0,8.4,360.0,1.0,641,41,0,Urban,0.0609,Y
Female,Yes,0,Not Graduate,No,40827,12391,52.9,180.0,0.0,601,33,0,Rural,0.5522,N
Male,No,0,Graduate,No,45614,0,20.0,360.0,1.0,716,46,2,Rural,0.1218,Y
Male,Yes,,Graduate,No,18373,63743,6.2,360.0,1.0,802,30,1,Semiurban,0.021,Y
Male,Yes,0,Graduate,Yes,41455,18838,40.9,360.0,1.0,668,27,2,Urban,0.1884,Y
Female,Yes,0,Not Graduate,No,36729,2000,42.1,240.0,1.0,714,40,0,Semiurban,0.4529,Y
Male,No,1,Not Graduate,No,43895,0,42.0,300.0,1.0,697,58,3,Urban,0.3189,N
Female,No,0,Not Graduate,No,74432,0,15.6,300.0,1.0,850,21,0,Urban,0.0699,Y
Male,Yes,2,Graduate,Yes,123772,5963,17.1,180.0,1.0,642,25,1,Semiurban,0.0732,Y
Male,Yes,2,Not Graduate,No,62267,12300,,360.0,0.0,555,41,0,Rural,0.0812,N
Male,Yes,0,Graduate,No,23928,11927,46.6,300.0,0.0,504,50,2,Rural,0.4332,N
Male,No,,Graduate,No,37320,0,14.4,300.0,1.0,827,41,2,Semiurban,0.1286,Y
Female,No,0,Graduate,No,59753,0,12.8,240.0,1.0,834,31,1,Semiurban,0.0893,Y
Female,Yes,1,Not Graduate,No,56480,19847,30.5,240.0,0.0,570,43,0,Rural,0.1665,N
Male,Yes,0,Not Graduate,No,72668,16333,41.5,360.0,1.0,817,44,2,Semiurban,0.1295,Y
Female,Yes,1,Not Graduate,No,42249,0,19.5,120.0,1.0,740,31,2,Semiurban,0.3846,Y
Male,No,1,Not Graduate,No,36984,0,30.0,300.0,1.0,773,47,1,Rural,0.2704,N
Female,Yes,0,Graduate,No,106533,0,21.5,360.0,0.0,500,38,2,Urban,0.0561,N
,Yes,0,Graduate,No,45676,0,17.3,300.0,1.0,725,21,1,Urban,0.1262,Y
Male,Yes,2,Graduate,No,26680,27595,12.2,300.0,1.0,850,37,1,Semiurban,0.0749,Y
Male,No,0,Not Graduate,No,92741,0,10.1,360.0,1.0,843,32,1,Urban,0.0303,Y
Male,No,2,Graduate,No,20993,0,13.9,360.0,1.0,782,52,0,Urban,0.1839,Y
Male,No,0,Not Graduate,Yes,12000,0,11.2,360.0,1.0,796,23,1,Semiurban,0.2592,Y
Female,Yes,1,Graduate,Yes,65166,12999,23.8,360.0,1.0,850,33,1,Semiurban,0.0846,Y
Male,,2,Graduate,No,69937,0,41.7,360.0,1.0,781,41,1,Rural,0.1656,Y
Male,Yes,2,Graduate,No,54557,42162,,240.0,1.0,650,65,3,Urban,0.0978,Y
Female,Yes,0,Graduate,No,23127,13996,11.6,240.0,1.0,819,60,0,Urban,0.1302,Y
Female,Yes,0,Not Graduate,No,43069,28737,33.6,,1.0,703,38,0,Urban,0.13,Y
Male,No,2,Graduate,No,38596,0,24.0,300.0,0.0,634,42,0,Semiurban,0.2073,N
Male,Yes,0,Graduate,Yes,33906,23136,27.0,300.0,1.0,721,45,1,Semiurban,0.1578,Y
Male,No,0,Graduate,Yes,89862,0,14.7,360.0,1.0,646,27,0,Semiurban,0.0454,Y
Male,No,3+,Graduate,No,26283,0,39.6,120.0,1.0,738,38,1,Urban,1.2555,N
Female,Yes,0,Graduate,,51951,0,39.5,360.0,0.0,677,53,1,Semiurban,0.2112,N
Male,Yes,0,Graduate,Yes,80581,45159,18.0,360.0,1.0,776,40,1,Semiurban,0.0398,Y
Male,Yes,0,Not Graduate,No,53676,0,30.9,360.0,1.0,753,59,1,Urban,0.1599,Y
Male,Yes,1,Graduate,No,82500,19922,38.9,300.0,1.0,692,33,1,Semiurban,0.1266,Y
Male,Yes,1,Graduate,No,58798,20607,15.2,360.0,1.0,561,37,1,Semiurban,0.0532,Y
Female,Yes,0,Graduate,No,54977,68090,19.1,120.0,1.0,706,37,1,Rural,0.1293,Y
Female,No,0,Graduate,No,53285,0,21.1,360.0,1.0,760,24,1,Rural,0.11,Y
Male,No,0,Graduate,No,60278,0,10.4,360.0,1.0,516,50,2,Semiurban,0.0479,Y
Male,Yes,1,Graduate,No,36579,0,26.2,360.0,1.0,704,34,1,Rural,0.199,Y
Male,Yes,0,Graduate,No,23134,0,37.1,240.0,1.0,701,41,0,Semiurban,0.6682,Y
Female,Yes,3+,Graduate,No,71469,50617,18.4,360.0,1.0,628,31,0,Rural,0.0419,Y
Female,No,0,Graduate,No,79290,0,24.6,360.0,1.0,778,57,0,Urban,0.0862,Y
Female,No,3+,Not Graduate,No,50312,0,46.5,360.0,1.0,795,52,0,Semiurban,0.2567,Y
Female,Yes,0,Not Graduate,No,33719,0,15.8,300.0,1.0,850,39,0,Semiurban,0.1562,Y
Female,Yes,2,Graduate,No,20356,0,24.9,300.0,1.0,707,25,0,Semiurban,0.4077,N
Male,No,0,Graduate,No,46300,0,14.3,360.0,1.0,826,46,0,Urban,0.0858,Y
Female,Yes,0,Graduate,No,22596,36442,14.0,360.0,1.0,636,50,0,Urban,0.0659,Y
Male,Yes,2,Graduate,No,21068,43835,24.7,300.0,0.0,557,28,1,Urban,0.1269,Y
Male,Yes,2,Not Graduate,No,43898,0,23.2,360.0,,771,36,3,Urban,0.1468,Y
Male,Yes,0,Not Graduate,No,30276,19980,28.0,360.0,1.0,651,39,0,Urban,0.1548,Y
Male,Yes,1,Graduate,No,52715,13574,21.0,360.0,1.0,695,50,0,Semiurban,0.088,Y
Male,No,1,Graduate,No,40960,0,26.6,240.0,0.0,666,36,0,Rural,0.2706,N
Female,No,2,Graduate,No,32751,0,54.6,360.0,0.0,589,49,0,Semiurban,0.4631,N
Male,Yes,0,Graduate,No,18912,76374,37.9,360.0,0.0,507,29,0,Rural,0.1105,N
Female,No,,Not Graduate,Yes,28957,0,24.6,360.0,1.0,657,26,0,Rural,0.236,N
Male,Yes,0,Graduate,No,29494,14950,27.2,360.0,0.0,565,58,2,Semiurban,0.17,N
Male,No,0,Graduate,No,24037,0,16.8,300.0,1.0,763,24,1,Urban,0.233,Y
Male,Yes,2,Graduate,No,37627,46149,18.3,360.0,1.0,681,30,0,Urban,0.0607,Y
Male,No,0,Graduate,No,24994,0,27.0,240.0,1.0,490,47,0,Rural,0.4501,N
Female,No,0,Graduate,,40869,0,21.2,300.0,0.0,661,32,1,Urban,0.1729,N
Male,Yes,1,Graduate,No,50021,28961,32.3,300.0,1.0,768,32,1,Semiurban,0.1363,Y
Male,No,1,Graduate,No,29346,0,43.0,240.0,0.0,494,36,0,Urban,0.6105,N
Male,No,0,Graduate,No,54869,0,18.9,360.0,0.0,488,21,0,Rural,0.0957,Y
Female,No,0,Not Graduate,No,22456,0,6.0,360.0,1.0,832,50,0,Semiurban,0.0742,Y
Female,Yes,3+,Graduate,No,25436,29672,68.1,240.0,0.0,568,40,0,Rural,0.5149,N
Female,No,0,Not Graduate,No,41915,0,13.6,360.0,1.0,778,29,0,Urban,0.0901,Y
Male,No,1,Graduate,No,62537,0,22.6,240.0,1.0,648,21,1,Urban,0.1506,Y
Male,Yes,1,Graduate,No,68439,6344,31.1,240.0,1.0,769,23,1,Semiurban,0.1733,Y
Male,No,0,Not Graduate,No,99329,0,46.8,360.0,0.0,507,21,0,Rural,0.1309,N
Female,Yes,3+,Graduate,Yes,36743,27273,59.4,300.0,0.0,628,40,3,Semiurban,0.3093,N
Male,Yes,1,Not Graduate,,41616,29475,16.1,360.0,1.0,742,41,1,Rural,0.0629,Y
Male,Yes,0,Graduate,No,26467,19543,41.0,240.0,1.0,524,45,2,Rural,0.3713,Y
Female,Yes,1,Graduate,No,23697,24650,22.6,360.0,1.0,721,46,2,Rural,0.1298,Y
Male,Yes,1,Graduate,No,49726,0,104.2,240.0,1.0,645,45,2,Semiurban,0.8731,Y
Female,Yes,1,Not Graduate,No,30093,0,38.9,240.0,1.0,808,55,0,Urban,0.5386,N
Male,No,2,Not Graduate,Yes,82141,0,18.1,300.0,,731,51,0,Urban,0.0735,Y
Male,Yes,0,Graduate,No,21350,9956,12.5,360.0,1.0,688,49,0,Rural,0.1109,Y
Female,Yes,0,Graduate,No,56567,19686,4.2,240.0,1.0,847,41,0,Rural,0.0229,Y
Male,Yes,0,Graduate,Yes,26826,0,30.1,180.0,1.0,539,46,0,Semiurban,0.6233,N
Female,Yes,0,Not Graduate,No,29430,66897,36.8,120.0,1.0,850,33,0,Urban,0.3184,Y
Male,No,0,Graduate,No,58079,0,31.4,300.0,1.0,850,36,2,Urban,0.1802,Y
Male,No,2,Not Graduate,No,31636,0,4.9,240.0,0.0,555,57,1,Rural,0.0645,N
Female,No,1,Graduate,No,34273,0,9.4,240.0,1.0,790,32,3,Urban,0.1143,Y
Female,Yes,1,Graduate,No,29552,99661,26.8,360.0,1.0,754,31,0,Rural,0.0576,Y
Female,Yes,1,Graduate,Yes,108284,0,58.6,240.0,1.0,486,34,0,Urban,0.2255,Y
Male,Yes,2,Not Graduate,No,32574,16912,19.4,300.0,1.0,700,32,0,Semiurban,0.1307,Y
Female,Yes,0,Graduate,Yes,45514,35869,38.7,360.0,0.0,476,33,0,Rural,0.1321,Y
Male,Yes,2,Not Graduate,No,40096,0,10.8,120.0,1.0,588,41,0,Urban,0.2245,Y
Male,No,0,Graduate,Yes,49549,0,22.7,360.0,,684,41,3,Urban,0.1273,N
Female,Yes,3+,Graduate,No,32618,88945,17.0,300.0,0.0,567,48,0,Rural,0.0466,N
Male,No,1,Graduate,No,40118,0,41.0,360.0,1.0,819,62,0,Semiurban,0.2839,Y
Female,Yes,0,Not Graduate,No,54013,23753,14.5,,1.0,642,34,0,Rural,0.0518,Y
Male,Yes,1,Not Graduate,No,28811,22347,54.9,300.0,1.0,674,37,2,Rural,0.3577,Y
Male,Yes,0,Graduate,No,76471,16700,16.7,240.0,1.0,833,21,1,Urban,0.0747,Y
Male,Yes,0,Graduate,No,80237,27451,10.6,300.0,1.0,693,24,2,Urban,0.0328,Y
Female,No,1,Graduate,No,60069,0,10.8,360.0,1.0,664,36,0,Semiurban,0.0499,Y
Female,Yes,0,Graduate,Yes,45933,17461,13.8,240.0,1.0,787,43,1,Urban,0.0907,Y
Female,Yes,0,Not Graduate,No,12000,3852,25.1,360.0,0.0,638,43,1,Semiurban,0.4398,N
Female,No,3+,Graduate,No,54838,0,13.9,360.0,0.0,599,45,0,Rural,0.0704,N
Female,Yes,1,Graduate,No,36473,98046,12.3,240.0,1.0,793,52,1,Urban,0.0381,Y
Female,Yes,2,Graduate,Yes,39217,0,34.3,360.0,1.0,598,57,1,Semiurban,0.2429,N
Male,Yes,1,Graduate,Yes,17177,7865,2.9,120.0,1.0,658,35,0,Urban,0.0965,Y
Male,Yes,0,Graduate,Yes,56772,35390,15.5,360.0,1.0,850,29,0,Urban,0.0467,N
Male,No,0,Graduate,,21498,0,9.0,300.0,1.0,437,45,0,Semiurban,0.1395,Y
Female,No,1,Graduate,No,47062,0,,300.0,1.0,649,48,1,Rural,0.0843,Y
Female,No,3+,Graduate,No,69726,0,23.2,300.0,0.0,483,39,1,Urban,0.1109,N
Male,Yes,0,Not Graduate,Yes,35078,0,17.8,360.0,1.0,716,36,1,Semiurban,0.141,N
Female,Yes,2,Graduate,No,81473,36127,16.8,360.0,0.0,644,32,0,Semiurban,0.0397,Y
Female,No,3+,Graduate,No,30531,0,41.0,360.0,0.0,690,38,0,Urban,0.373,N
Male,Yes,1,Not Graduate,No,59887,26897,19.9,360.0,1.0,673,46,0,Semiurban,0.0637,Y
Male,Yes,3+,Not Graduate,No,23100,0,59.4,360.0,1.0,627,31,1,Rural,0.7143,N
Female,Yes,0,Not Graduate,Yes,74278,21065,30.8,360.0,1.0,579,29,2,Semiurban,0.0897,Y
Male,Yes,,Not Graduate,No,68734,18440,11.2,300.0,1.0,714,45,0,Urban,0.0428,Y
Female,Yes,1,Graduate,No,56060,25795,64.1,180.0,1.0,850,29,0,Semiurban,0.435,Y
Male,No,0,Graduate,No,36438,0,23.7,180.0,0.0,537,40,2,Semiurban,0.3613,N
Female,No,3+,Graduate,No,22004,0,61.7,300.0,0.0,584,39,0,Urban,0.9346,N
Female,Yes,0,Graduate,No,36486,11915,17.1,360.0,1.0,722,38,1,Urban,0.0981,Y
Female,Yes,0,Not Graduate,No,77277,18487,23.6,360.0,1.0,672,31,0,Urban,0.0685,Y
Male,Yes,1,Graduate,No,47334,27761,26.0,360.0,1.0,838,57,1,Urban,0.0962,Y
Female,No,0,Graduate,No,20404,0,18.2,300.0,1.0,819,42,0,Urban,0.2973,Y
Female,Yes,0,Not Graduate,No,25277,5561,43.1,360.0,0.0,664,32,0,Semiurban,0.3882,N
Male,No,2,Graduate,No,82998,0,64.0,360.0,1.0,796,42,3,Urban,0.2142,Y
Female,Yes,0,Not Graduate,No,56611,8089,5.1,300.0,1.0,648,58,0,Rural,0.0263,Y
Male,Yes,0,Graduate,No,23933,36265,32.7,300.0,1.0,607,39,0,Semiurban,0.1811,Y
Female,Yes,0,Graduate,No,18344,0,11.7,360.0,1.0,649,55,3,Rural,0.1772,N
Male,No,0,Not Graduate,No,32451,0,4.2,360.0,1.0,735,25,0,Semiurban,0.036,Y
Male,Yes,1,Graduate,Yes,17577,0,27.4,360.0,1.0,681,29,1,Urban,0.433,Y
Male,Yes,2,Not Graduate,No,41031,22958,27.4,,1.0,761,21,1,Semiurban,0.1189,Y
Female,Yes,3+,Graduate,No,151117,0,30.2,360.0,0.0,600,60,2,Rural,0.0555,Y
Male,No,1,Graduate,No,19961,0,25.1,180.0,1.0,589,21,1,Urban,0.6985,Y
Female,No,0,Not Graduate,No,40416,0,34.0,360.0,0.0,702,40,2,Urban,0.2337,N
Male,Yes,3+,Graduate,No,85474,0,14.0,360.0,0.0,544,57,1,Urban,0.0455,Y
Male,No,2,Graduate,No,64508,0,23.5,,1.0,781,49,0,Urban,0.2024,Y
Male,Yes,1,Graduate,No,41177,16671,30.5,360.0,1.0,634,42,1,Urban,0.1465,Y
Female,Yes,1,Not Graduate,No,41226,18925,45.2,300.0,1.0,631,52,1,Urban,0.2505,Y
Male,Yes,3+,Graduate,No,24886,22429,20.6,360.0,1.0,626,31,0,Urban,0.1209,Y
Female,Yes,1,Not Graduate,No,38800,0,17.7,240.0,0.0,461,44,0,Semiurban,0.1901,N
Female,No,0,Graduate,No,50097,0,19.4,300.0,0.0,463,37,1,Urban,0.1291,N
Female,No,1,Graduate,No,77077,0,9.8,360.0,1.0,744,37,3,Semiurban,0.0353,Y
Male,Yes,0,Not Graduate,No,32530,30667,31.9,360.0,1.0,627,40,1,Semiurban,0.1402,Y
Male,Yes,0,Graduate,No,40339,15213,8.4,360.0,0.0,621,51,1,Semiurban,0.042,Y
Female,No,,Graduate,No,27595,0,25.4,360.0,1.0,719,55,0,Urban,0.2557,Y
Male,No,0,Not Graduate,Yes,49645,0,21.1,180.0,0.0,669,35,0,Semiurban,0.2361,N
Female,Yes,0,Not Graduate,No,65637,0,7.9,240.0,1.0,618,26,1,Urban,0.0501,Y
Male,No,0,Graduate,No,60768,0,8.2,120.0,0.0,685,29,0,Semiurban,0.1124,N
Female,Yes,1,Graduate,No,24709,51501,12.0,300.0,1.0,628,59,1,Semiurban,0.0525,Y
Female,Yes,2,Not Graduate,No,47736,0,16.3,360.0,1.0,463,54,0,Urban,0.0948,Y
Female,No,3+,Not Graduate,No,31614,0,48.8,300.0,1.0,727,26,0,Urban,0.5145,Y
Male,Yes,0,Not Graduate,No,73536,27094,18.8,180.0,0.0,511,56,0,Urban,0.1038,Y
Female,Yes,1,Graduate,No,40919,23227,27.9,240.0,1.0,845,30,0,Urban,0.1812,Y
,Yes,3+,Not Graduate,No,20749,34950,42.9,240.0,1.0,737,45,1,Urban,0.3209,Y
Male,No,0,Graduate,No,39739,0,38.2,360.0,1.0,702,30,0,Rural,0.267,N
Female,No,1,Graduate,No,55784,0,20.0,360.0,0.0,608,62,0,Urban,0.0996,N
Female,Yes,,Graduate,No,50111,0,13.2,300.0,1.0,665,32,0,Semiurban,0.0878,Y
Female,Yes,0,Graduate,No,34341,0,27.1,180.0,1.0,850,26,1,Semiurban,0.4384,Y
Female,Yes,2,Graduate,No,33102,34857,13.3,360.0,1.0,661,33,0,Semiurban,0.0544,Y
Male,Yes,2,Graduate,No,27072,23519,59.7,360.0,1.0,752,67,1,Rural,0.3278,Y
Male,Yes,0,Graduate,No,36411,0,33.8,240.0,1.0,636,41,0,Rural,0.3868,Y
Female,No,0,Graduate,No,28916,0,22.8,300.0,1.0,710,27,0,Rural,0.2628,Y
Male,Yes,0,Graduate,No,72045,69744,27.3,180.0,0.0,479,29,2,Rural,0.107,Y
Male,Yes,0,Graduate,No,28266,6562,22.4,240.0,1.0,731,21,0,Urban,0.268,Y
Male,Yes,0,Graduate,No,47152,0,16.1,360.0,1.0,716,44,0,Semiurban,0.0948,Y
Male,Yes,0,Graduate,No,45577,35298,27.1,300.0,1.0,759,24,2,Rural,0.1117,Y
Male,No,0,Graduate,Yes,71171,0,17.4,360.0,1.0,752,50,2,Semiurban,0.0679,Y
Male,Yes,3+,Graduate,No,76472,26474,64.2,360.0,1.0,713,47,0,Rural,0.1732,Y
Male,Yes,0,Not Graduate,Yes,62817,35145,13.3,360.0,0.0,774,37,0,Urban,0.0377,Y
Male,Yes,0,Not Graduate,Yes,52916,25586,27.3,300.0,1.0,708,52,1,Semiurban,0.1159,Y
,Yes,0,Not Graduate,No,26257,14891,12.6,300.0,1.0,714,48,1,Rural,0.1021,Y
Male,Yes,0,Graduate,Yes,25993,34206,12.5,240.0,1.0,702,40,1,Urban,0.0865,Y
Male,Yes,0,Graduate,No,29061,0,6.9,360.0,1.0,728,30,1,Semiurban,0.066,Y
Female,Yes,0,Graduate,No,64599,16102,25.7,180.0,0.0,564,43,1,Urban,0.1769,N
Male,Yes,0,Not Graduate,Yes,46012,35712,14.6,180.0,1.0,677,42,3,Semiurban,0.0992,Y
Female,Yes,2,Graduate,No,68482,0,38.5,,1.0,778,43,2,Rural,0.3123,Y
Female,Yes,3+,Graduate,No,73233,25600,25.7,240.0,1.0,706,39,0,Urban,0.1083,Y
Male,No,0,Graduate,No,30854,0,22.0,360.0,0.0,685,42,0,Urban,0.1981,Y
Male,Yes,0,Graduate,No,45073,55758,8.6,360.0,1.0,540,41,0,Urban,0.0237,Y
Female,Yes,1,Not Graduate,No,44069,44414,28.5,360.0,0.0,727,53,0,Rural,0.0895,N
Female,Yes,1,Not Graduate,No,37651,0,13.5,360.0,1.0,791,24,3,Semiurban,0.0996,Y
Male,Yes,0,Not Graduate,Yes,33948,0,8.5,180.0,1.0,705,27,0,Urban,0.1391,Y
Female,No,3+,Graduate,No,80208,0,26.0,240.0,1.0,703,39,1,Urban,0.1351,Y
Male,Yes,1,Not Graduate,No,45524,0,9.4,180.0,1.0,768,30,2,Rural,0.1147,Y
Female,No,0,Graduate,No,44648,0,5.7,180.0,1.0,618,40,0,Rural,0.0709,Y
Male,Yes,1,Not Graduate,No,29691,22211,43.7,360.0,1.0,713,26,2,Urban,0.2339,Y
Female,Yes,3+,Graduate,No,62169,11046,14.3,360.0,1.0,724,27,1,Urban,0.0543,Y
Female,No,2,Graduate,No,26835,0,7.1,360.0,1.0,526,61,0,Rural,0.0735,Y
Female,Yes,0,Graduate,No,55684,7866,11.3,360.0,0.0,621,35,0,Semiurban,0.0494,N
Male,Yes,0,Graduate,No,56450,0,13.0,360.0,1.0,588,25,0,Rural,0.064,Y
Male,Yes,0,Not Graduate,No,36089,21791,39.9,300.0,1.0,807,37,0,Semiurban,0.2298,Y
Male,No,0,Not Graduate,Yes,51991,0,7.4,360.0,1.0,830,49,1,Semiurban,0.0395,Y
Male,Yes,1,Graduate,No,48671,6438,9.0,360.0,1.0,846,51,3,Semiurban,0.0454,Y
Male,No,2,Graduate,Yes,43491,0,36.2,300.0,1.0,681,22,0,Rural,0.2774,Y
Female,Yes,1,Graduate,No,44644,0,15.3,300.0,1.0,680,30,0,Urban,0.1142,Y
Male,No,3+,Not Graduate,No,45747,0,23.0,180.0,1.0,532,40,0,Urban,0.2793,Y
Male,Yes,0,Graduate,No,47333,26964,15.0,360.0,1.0,771,38,3,Urban,0.0561,Y
Female,No,2,Graduate,Yes,45712,0,67.5,240.0,1.0,574,21,1,Rural,0.6153,N
Female,Yes,2,Graduate,No,25542,0,9.3,360.0,1.0,580,22,0,Semiurban,0.1011,Y
Female,No,0,Graduate,No,41105,0,23.8,360.0,1.0,683,26,2,Urban,0.1608,Y
Female,Yes,1,Not Graduate,Yes,50639,0,49.5,360.0,1.0,610,21,2,Semiurban,0.2715,N
Male,Yes,0,Graduate,Yes,46567,4115,16.0,180.0,1.0,623,33,0,Urban,0.1754,Y
Male,Yes,2,Graduate,No,71459,18580,12.8,120.0,0.0,594,51,0,Urban,0.1185,N
Female,Yes,0,Not Graduate,No,60479,15029,31.8,360.0,1.0,789,31,0,Urban,0.117,Y
Female,Yes,0,Graduate,Yes,28704,44767,36.7,300.0,1.0,759,50,0,Semiurban,0.1665,Y
Male,No,1,Graduate,No,40810,0,12.4,240.0,0.0,607,38,0,Semiurban,0.1266,Y
Female,No,1,Graduate,No,37962,0,48.3,360.0,1.0,813,36,0,Rural,0.3534,Y
Male,Yes,0,Graduate,Yes,44260,15007,20.7,360.0,1.0,721,21,2,Rural,0.097,Y
Male,No,0,Graduate,No,44290,0,27.3,360.0,1.0,663,51,0,Semiurban,0.1712,Y
Male,Yes,0,Not Graduate,Yes,60220,18461,49.1,360.0,1.0,641,39,0,Semiurban,0.1733,Y
Female,Yes,1,Not Graduate,Yes,48468,57942,31.9,240.0,1.0,760,21,0,Urban,0.1249,Y
Female,No,2,Not Graduate,Yes,82065,0,20.1,360.0,1.0,611,42,0,Urban,0.068,Y
Male,No,3+,Not Graduate,No,50036,0,13.4,360.0,1.0,741,32,1,Urban,0.0744,Y
Female,No,0,Graduate,No,29281,0,102.0,360.0,1.0,671,39,0,Semiurban,0.9676,Y
Male,Yes,2,Graduate,No,35114,16471,12.5,360.0,1.0,635,41,3,Urban,0.0673,Y
Male,No,0,Graduate,No,59988,0,24.3,360.0,1.0,633,51,0,Urban,0.1125,Y
Female,Yes,1,Not Graduate,No,19790,0,27.3,,1.0,797,26,0,Semiurban,0.3832,Y
Female,Yes,0,Graduate,,22631,0,28.1,300.0,1.0,633,44,2,Urban,0.4139,N
Female,Yes,0,Graduate,No,44594,17451,72.0,360.0,1.0,685,53,3,Semiurban,0.3223,N
Female,No,1,Graduate,No,71358,0,20.7,240.0,1.0,668,66,3,Semiurban,0.1209,Y
Female,No,0,Graduate,No,85265,0,19.0,300.0,0.0,685,50,2,Urban,0.0743,Y
Male,No,1,Graduate,No,39793,0,51.0,300.0,1.0,848,42,3,Urban,0.4272,Y
Male,Yes,2,Not Graduate,No,75389,7492,18.5,240.0,1.0,792,41,2,Urban,0.093,Y
Male,Yes,0,Graduate,No,45988,4309,34.0,360.0,1.0,676,55,0,Urban,0.1878,Y
Male,Yes,0,Not Graduate,No,20626,0,22.6,300.0,1.0,741,35,2,Semiurban,0.3652,Y
Male,Yes,2,Graduate,No,44177,17903,34.9,360.0,1.0,628,47,0,Rural,0.1562,Y
Female,Yes,,Not Graduate,No,32550,18556,31.0,240.0,1.0,729,62,0,Urban,0.2527,N
Male,No,0,Not Graduate,Yes,70201,0,15.8,300.0,1.0,552,37,0,Urban,0.075,Y
Male,Yes,0,Not Graduate,No,43790,11902,6.6,360.0,1.0,731,21,1,Rural,0.0329,Y
Male,Yes,1,Graduate,No,23413,77157,7.4,300.0,1.0,705,29,1,Urban,0.0245,Y
Female,Yes,1,Graduate,No,20955,21519,6.7,360.0,1.0,750,41,2,Urban,0.0438,Y
Male,Yes,0,Graduate,Yes,43893,54204,19.0,360.0,1.0,709,29,0,Semiurban,0.0538,Y
Female,Yes,0,Graduate,No,13225,6796,4.9,300.0,0.0,665,34,0,Semiurban,0.0816,Y
Male,No,2,Graduate,No,34232,0,18.2,300.0,1.0,641,35,0,Semiurban,0.1772,Y
Male,Yes,1,Not Graduate,Yes,49787,0,21.8,180.0,1.0,778,44,0,Semiurban,0.2433,Y
Female,No,3+,Graduate,Yes,26147,0,33.6,360.0,0.0,633,28,1,Urban,0.3569,N
Female,Yes,2,Graduate,No,72911,10392,27.2,360.0,1.0,808,32,0,Semiurban,0.0907,Y
Male,Yes,3+,Graduate,Yes,80459,6081,34.5,360.0,1.0,814,53,0,Urban,0.1107,Y
Female,Yes,0,Not Graduate,Yes,26679,36800,25.7,240.0,1.0,624,33,0,Rural,0.1687,Y
Male,No,2,Not Graduate,No,38215,0,16.5,240.0,1.0,757,46,1,Rural,0.1799,Y
Male,,0,Graduate,No,72937,0,18.8,240.0,1.0,605,38,0,Urban,0.1074,Y
Female,,1,Graduate,No,44327,15566,12.0,120.0,1.0,814,38,0,Urban,0.167,Y
Female,Yes,0,Not Graduate,No,22087,10106,23.0,300.0,1.0,633,46,0,Urban,0.2381,N
Female,Yes,0,Graduate,No,41289,21225,7.8,240.0,1.0,676,21,3,Urban,0.052,Y
Female,Yes,2,Graduate,No,28956,8772,38.1,360.0,1.0,730,43,3,Urban,0.2805,N
Female,No,2,Not Graduate,,77196,0,11.3,360.0,1.0,776,44,1,Semiurban,0.0407,Y
Female,Yes,0,Not Graduate,No,60052,53257,22.0,180.0,1.0,743,47,1,Rural,0.1079,Y
Female,Yes,1,Graduate,No,37916,6029,24.4,360.0,1.0,779,34,0,Urban,0.1542,Y
,Yes,0,Graduate,No,47623,35393,40.4,360.0,,711,38,0,Urban,0.1352,Y
Female,Yes,0,Graduate,No,23062,62689,7.3,360.0,0.0,612,21,1,Urban,0.0236,N
Female,Yes,2,Graduate,No,30428,0,16.5,240.0,1.0,551,31,1,Urban,0.2259,Y
Female,Yes,0,Graduate,No,96436,29107,27.9,360.0,1.0,802,40,0,Urban,0.0617,Y
Male,No,3+,Graduate,No,45559,0,57.4,360.0,0.0,564,54,0,Rural,0.35,N
Female,No,0,Graduate,No,70618,0,19.6,360.0,1.0,671,58,0,Urban,0.0771,Y
Female,Yes,1,Graduate,No,49812,4566,14.1,360.0,1.0,850,34,1,Rural,0.072,Y
Male,No,1,Graduate,Yes,85574,0,67.8,180.0,1.0,466,48,1,Semiurban,0.4402,Y
Female,Yes,0,Graduate,Yes,16327,16621,32.5,240.0,1.0,719,36,2,Semiurban,0.411,Y
Male,Yes,0,Graduate,Yes,40372,0,45.8,360.0,0.0,388,21,1,Urban,0.3151,N
Male,Yes,2,Graduate,No,100951,21719,9.7,240.0,1.0,741,45,0,Semiurban,0.0329,Y
Female,Yes,2,Graduate,Yes,71545,23009,27.5,300.0,1.0,647,58,2,Semiurban,0.0969,Y
Male,Yes,0,Graduate,No,86050,14117,10.5,180.0,1.0,446,34,0,Urban,0.0582,Y
Female,Yes,0,Not Graduate,No,44206,68129,9.2,360.0,0.0,688,28,2,Urban,0.0227,N
Female,Yes,0,Graduate,No,33909,36733,28.5,360.0,1.0,594,39,0,Rural,0.1121,Y
Male,No,0,Not Graduate,No,26540,0,29.7,360.0,1.0,795,37,0,Urban,0.3108,N
Male,Yes,0,Graduate,No,25630,20490,15.0,360.0,1.0,622,67,1,Semiurban,0.0903,Y
Male,Yes,0,Graduate,No,66405,31504,47.4,360.0,0.0,548,49,0,Urban,0.1345,Y
Female,Yes,2,Graduate,No,57332,11766,16.1,360.0,1.0,504,39,2,Urban,0.0647,Y
Female,Yes,1,Graduate,No,42904,0,17.1,300.0,0.0,628,21,1,Urban,0.1329,N
Female,Yes,,Not Graduate,Yes,57188,0,19.7,180.0,0.0,538,36,0,Urban,0.1914,N
Male,No,1,Not Graduate,Yes,47630,0,17.4,360.0,0.0,557,58,0,Semiurban,0.1015,N
Female,Yes,3+,Not Graduate,No,71762,21678,43.2,360.0,1.0,701,39,1,Semiurban,0.1284,Y
Male,Yes,1,Graduate,No,71421,17954,10.8,300.0,1.0,562,47,0,Rural,0.0403,Y
Female,Yes,1,Graduate,Yes,26032,111988,12.8,,1.0,772,42,0,Semiurban,0.0515,Y
Male,Yes,3+,Graduate,No,50860,29875,9.8,360.0,1.0,659,33,1,Urban,0.0337,Y
Female,Yes,1,Graduate,,19256,66556,62.2,300.0,1.0,850,57,0,Semiurban,0.2416,Y
Male,Yes,0,Graduate,No,47406,48625,16.5,240.0,1.0,667,40,0,Semiurban,0.0716,Y
Female,Yes,1,Not Graduate,Yes,60003,22617,12.7,360.0,1.0,675,30,0,Semiurban,0.0427,Y
Male,Yes,3+,Not Graduate,No,22997,0,16.9,240.0,1.0,588,38,0,Semiurban,0.3062,Y
Female,Yes,2,Graduate,Yes,36018,6515,33.4,360.0,1.0,565,54,0,Semiurban,0.2181,Y
Female,No,1,Graduate,No,44568,0,29.9,360.0,0.0,669,22,0,Urban,0.1864,N
Male,Yes,1,Graduate,No,49859,35029,14.2,360.0,1.0,806,41,0,Semiurban,0.0465,Y
Female,No,3+,Graduate,Yes,38588,0,15.8,360.0,1.0,659,39,0,Urban,0.1137,Y
Female,No,0,Graduate,No,24683,0,8.4,360.0,1.0,721,21,3,Semiurban,0.0945,N
Male,Yes,1,Not Graduate,Yes,43174,5318,21.8,180.0,1.0,822,46,1,Urban,0.2497,Y
Male,Yes,0,Graduate,No,19416,0,43.4,360.0,1.0,736,41,0,Rural,0.6209,N
Female,,1,Graduate,No,39485,47455,14.2,120.0,1.0,754,48,0,Semiurban,0.1361,Y
Male,,1,Graduate,No,35572,0,,240.0,1.0,718,51,2,Semiurban,0.3444,Y
Female,Yes,0,Graduate,,41476,28569,14.2,180.0,1.0,651,37,0,Rural,0.1126,Y
Male,No,0,Not Graduate,No,33535,0,10.4,360.0,1.0,745,32,2,Rural,0.0861,Y
Female,No,1,Graduate,No,20872,0,30.2,300.0,1.0,850,22,1,Semiurban,0.4823,Y
Male,No,0,Not Graduate,No,36932,0,82.2,300.0,1.0,663,31,0,Urban,0.7419,N
Female,Yes,0,Graduate,No,70644,0,27.8,240.0,0.0,668,38,2,Rural,0.164,N
Female,Yes,2,Graduate,No,83344,59925,15.7,240.0,0.0,606,27,1,Semiurban,0.0457,N
Female,No,0,Graduate,No,150192,0,16.3,360.0,1.0,657,44,1,Semiurban,0.0301,Y
Female,Yes,0,Graduate,No,103345,0,63.1,120.0,1.0,791,28,0,Rural,0.5088,Y
Male,Yes,3+,Not Graduate,Yes,24380,0,24.1,360.0,0.0,660,21,0,Urban,0.2746,N
Female,No,0,Not Graduate,Yes,36163,0,12.7,360.0,0.0,642,32,0,Urban,0.0975,N
Male,Yes,0,Not Graduate,No,43853,14255,19.3,360.0,1.0,850,40,0,Semiurban,0.0923,Y
Male,No,1,Graduate,No,42498,0,22.9,360.0,1.0,850,24,0,Rural,0.1497,Y
Male,No,2,Not Graduate,No,45925,0,,240.0,1.0,715,28,0,Semiurban,0.2413,Y
Male,Yes,3+,Not Graduate,No,147827,13526,49.8,180.0,1.0,700,31,2,Semiurban,0.1715,Y
Female,No,3+,Graduate,Yes,25822,0,43.2,360.0,1.0,582,33,0,Semiurban,0.4647,Y
Female,Yes,2,Not Graduate,No,31046,37519,22.6,360.0,1.0,848,41,1,Semiurban,0.0916,Y
Male,Yes,0,Graduate,No,100903,92669,19.6,360.0,1.0,703,45,3,Rural,0.0281,Y
Male,Yes,0,Graduate,Yes,32598,5247,25.5,360.0,0.0,535,33,0,Urban,0.1872,N
Female,Yes,0,Graduate,Yes,54003,87869,13.9,300.0,1.0,626,27,0,Semiurban,0.0327,Y
Male,Yes,0,Not Graduate,No,74409,0,36.2,240.0,1.0,625,40,1,Rural,0.2027,Y
Male,Yes,1,Graduate,,56571,43279,17.8,,0.0,748,44,1,Semiurban,0.0594,Y
Male,Yes,1,Graduate,No,48819,49651,27.0,240.0,1.0,791,56,0,Urban,0.1142,Y
Female,Yes,0,Graduate,No,70920,65851,56.1,300.0,0.0,456,51,0,Urban,0.1367,Y
Female,No,2,Graduate,No,28381,0,28.0,180.0,1.0,580,24,0,Rural,0.5481,N
Male,No,0,Graduate,Yes,34607,0,23.1,240.0,0.0,601,36,1,Urban,0.2781,N
Male,Yes,0,Graduate,No,57978,0,14.7,360.0,1.0,619,43,0,Urban,0.0704,Y
Female,Yes,1,Graduate,No,15761,17151,19.2,180.0,1.0,687,29,1,Urban,0.3241,Y
Female,Yes,0,Not Graduate,No,90065,0,10.2,240.0,1.0,850,34,0,Semiurban,0.0472,Y
Male,Yes,0,Not Graduate,No,51622,20873,27.7,360.0,0.0,686,45,1,Semiurban,0.1061,N
Female,No,0,Not Graduate,No,47883,0,5.6,360.0,1.0,556,41,2,Rural,0.0325,N
Male,No,0,Graduate,No,19629,0,35.9,360.0,1.0,619,38,2,Urban,0.508,Y
Male,Yes,2,Graduate,No,23311,7296,31.2,360.0,1.0,732,31,0,Semiurban,0.2832,Y
Female,Yes,3+,Graduate,No,36341,0,21.3,360.0,0.0,692,22,3,Semiurban,0.1628,N
Male,Yes,0,Graduate,No,66417,35270,14.6,240.0,1.0,636,35,1,Urban,0.0598,Y
Female,,0,Not Graduate,No,15704,13931,19.9,300.0,1.0,743,37,2,Urban,0.2238,N
Male,Yes,1,Graduate,No,65787,16612,6.9,360.0,1.0,669,22,1,Rural,0.0233,Y
Male,No,3+,Not Graduate,Yes,37049,0,32.9,360.0,1.0,850,39,0,Semiurban,0.2467,Y
Female,No,0,Graduate,Yes,39668,0,18.2,240.0,1.0,766,42,1,Semiurban,0.1912,Y
Male,Yes,0,Not Graduate,No,50352,31611,49.9,240.0,1.0,693,30,0,Urban,0.2537,Y
Female,Yes,2,Graduate,No,50750,38757,25.4,300.0,1.0,575,42,0,Rural,0.0946,Y
Male,,1,Graduate,Yes,31063,0,23.1,360.0,1.0,614,41,0,Semiurban,0.2066,Y
Male,Yes,0,Graduate,No,60625,24015,25.5,240.0,1.0,483,35,2,Rural,0.1255,Y
Male,Yes,1,Graduate,No,13909,0,11.2,360.0,1.0,735,33,2,Rural,0.2237,Y
Female,Yes,0,Graduate,No,35411,0,15.3,360.0,,770,34,2,Rural,0.12,Y
Male,No,0,Graduate,No,47899,0,21.8,360.0,1.0,774,29,2,Rural,0.1264,Y
Female,Yes,0,Graduate,No,37329,0,16.8,360.0,0.0,535,42,3,Urban,0.125,N
Male,No,2,Not Graduate,Yes,17793,0,14.2,240.0,1.0,825,29,1,Rural,0.3325,Y
Female,No,0,Graduate,No,64797,0,17.0,360.0,,850,29,0,Urban,0.0729,Y
Male,No,0,Not Graduate,No,23761,0,20.6,,1.0,650,43,1,Rural,0.2408,Y
Female,No,0,Graduate,No,42884,0,80.7,240.0,1.0,816,35,0,Urban,0.7841,Y
Female,Yes,2,Graduate,No,47883,136119,16.5,300.0,0.0,603,39,0,Semiurban,0.0299,Y
Female,Yes,0,Graduate,Yes,44798,0,13.4,300.0,1.0,663,21,1,Urban,0.0997,Y
Female,No,0,Graduate,No,79579,0,18.3,360.0,1.0,821,32,0,Rural,0.0639,Y
Female,No,0,Graduate,No,43190,0,49.4,360.0,1.0,601,56,0,Urban,0.3177,Y
Female,Yes,2,Graduate,No,54925,0,51.6,360.0,1.0,576,21,1,Semiurban,0.261,Y
Male,Yes,0,Graduate,No,43133,22613,64.7,360.0,1.0,674,57,0,Rural,0.2734,Y
Male,No,0,Graduate,No,60263,0,20.8,240.0,1.0,689,41,0,Semiurban,0.1438,Y
Female,No,0,Graduate,No,89032,0,29.5,360.0,1.0,562,32,0,Urban,0.092,Y
Female,Yes,2,Graduate,Yes,47514,0,10.7,360.0,1.0,754,36,1,Semiurban,0.0626,Y
Female,Yes,1,Graduate,No,65573,0,16.2,240.0,0.0,520,52,0,Urban,0.1029,N
Male,Yes,1,Graduate,Yes,91827,0,10.3,360.0,1.0,592,21,1,Semiurban,0.0312,Y
Male,Yes,2,Graduate,Yes,87430,27811,26.7,360.0,1.0,768,54,2,Rural,0.0644,Y
Male,Yes,3+,Graduate,No,36584,26302,20.6,360.0,0.0,551,41,2,Semiurban,0.091,N
Female,Yes,0,Graduate,No,74475,21125,23.0,360.0,1.0,805,49,2,Urban,0.0668,Y
Male,Yes,3+,Not Graduate,Yes,50231,40236,12.1,360.0,1.0,751,21,3,Urban,0.0372,Y
Male,Yes,0,Not Graduate,No,77545,18399,33.5,180.0,1.0,692,35,0,Rural,0.194,Y
Male,No,0,Graduate,No,58942,0,4.7,360.0,1.0,809,21,2,Urban,0.0221,Y
Male,No,2,Graduate,No,50911,0,17.3,120.0,0.0,628,51,0,Semiurban,0.2832,Y
Female,Yes,0,Graduate,No,55104,34883,,240.0,1.0,708,27,0,Semiurban,0.087,Y
Male,Yes,0,Graduate,Yes,50394,31004,6.0,240.0,0.0,636,27,1,Rural,0.0307,N
Female,No,0,Not Graduate,No,51388,0,25.3,300.0,1.0,759,21,0,Rural,0.1641,Y
Male,Yes,1,Not Graduate,No,40970,17177,18.1,360.0,1.0,612,43,0,Urban,0.0865,Y
Male,No,0,Graduate,No,39110,0,28.1,300.0,1.0,850,39,1,Semiurban,0.2395,Y
Male,No,,Graduate,No,107107,0,66.7,360.0,1.0,716,30,0,Semiurban,0.173,Y
Male,Yes,2,Not Graduate,No,56318,6473,24.4,360.0,0.0,598,41,0,Urban,0.1079,Y
,No,1,Not Graduate,Yes,33301,0,36.0,360.0,1.0,552,29,2,Urban,0.3003,Y
Male,Yes,0,Graduate,No,38611,15989,46.0,180.0,1.0,722,21,0,Semiurban,0.468,Y
Female,Yes,3+,Graduate,No,75217,48422,27.0,240.0,1.0,725,34,1,Urban,0.091,Y
Male,Yes,0,Graduate,No,30697,6078,11.9,120.0,1.0,607,56,0,Rural,0.2697,Y
Female,Yes,0,Graduate,No,21141,121992,7.5,180.0,1.0,616,49,2,Urban,0.0291,Y
Female,No,0,Not Graduate,No,21934,0,25.1,300.0,0.0,509,43,0,Urban,0.3814,N
Female,Yes,1,Not Graduate,No,18686,59932,15.8,360.0,1.0,683,41,0,Urban,0.0558,Y
Male,Yes,0,Graduate,No,23170,20985,43.4,240.0,1.0,729,34,0,Urban,0.4095,N
Male,Yes,0,Not Graduate,No,24577,12418,15.1,300.0,0.0,570,46,2,Semiurban,0.1361,N
Male,No,0,Graduate,Yes,88665,0,19.9,300.0,1.0,737,44,0,Urban,0.0748,Y
Male,Yes,0,Graduate,No,43343,45269,,360.0,0.0,651,37,1,Semiurban,0.0313,N
Female,Yes,1,Graduate,No,36989,0,16.3,360.0,1.0,759,40,0,Rural,0.1224,Y
Male,No,2,Graduate,No,21553,0,11.4,360.0,1.0,743,21,2,Rural,0.1469,Y
Male,Yes,2,Graduate,No,41293,21839,12.1,360.0,1.0,736,33,0,Urban,0.0532,Y
Female,,0,Graduate,No,18608,0,19.5,360.0,1.0,736,25,0,Rural,0.2911,Y
Female,Yes,0,Not Graduate,No,36875,22196,14.0,360.0,1.0,697,25,1,Urban,0.0658,Y
Male,No,3+,Not Graduate,No,124523,0,97.3,360.0,1.0,651,43,1,Semiurban,0.217,Y
Male,No,0,Graduate,No,61815,0,33.2,360.0,1.0,702,24,1,Semiurban,0.1492,Y
Male,Yes,2,Graduate,No,39939,35272,,360.0,1.0,769,46,0,Urban,0.1422,Y
Male,Yes,0,Graduate,No,62885,35140,18.8,300.0,0.0,648,49,1,Rural,0.0639,Y
Male,No,3+,Not Graduate,No,34174,0,21.4,360.0,1.0,756,37,0,Urban,0.1739,Y
Male,Yes,0,Graduate,No,29723,0,15.5,120.0,1.0,667,31,3,Semiurban,0.4346,Y
Male,No,0,Graduate,Yes,103992,0,97.0,300.0,1.0,691,49,0,Urban,0.3109,Y
Male,Yes,1,Graduate,No,25056,58938,18.8,300.0,1.0,691,44,0,Rural,0.0746,Y
Male,Yes,1,Graduate,No,37158,5922,14.0,360.0,1.0,655,51,2,Rural,0.0903,Y
Male,Yes,0,Graduate,No,51690,0,,240.0,1.0,790,26,0,Urban,0.1032,Y
Male,No,1,Not Graduate,No,27775,0,24.6,300.0,1.0,544,35,3,Semiurban,0.2952,Y
Female,Yes,1,Not Graduate,No,61408,0,47.1,360.0,1.0,850,36,1,Semiurban,0.2131,Y
Female,No,0,Graduate,No,38052,0,38.6,360.0,1.0,850,40,1,Semiurban,0.2818,Y
Male,No,0,Graduate,No,61818,0,12.8,360.0,1.0,715,45,0,Semiurban,0.0575,Y
Male,Yes,0,Graduate,,59456,6920,12.6,300.0,0.0,626,40,1,Semiurban,0.0633,N
Male,Yes,0,Not Graduate,No,39281,16863,42.4,360.0,1.0,786,53,0,Urban,0.2098,Y
Female,No,1,Graduate,No,104332,0,70.9,360.0,1.0,642,34,2,Semiurban,0.1888,Y
Female,Yes,0,Graduate,No,31804,18707,18.4,360.0,1.0,761,26,0,Semiurban,0.1012,Y
Male,,0,Graduate,No,87067,0,41.4,360.0,1.0,829,31,0,Semiurban,0.1321,Y
Female,Yes,0,Graduate,No,79815,17318,8.3,180.0,1.0,548,29,0,Rural,0.0475,Y
Male,Yes,0,Graduate,No,107521,16717,12.1,360.0,1.0,580,33,2,Urban,0.0271,Y
Male,No,0,Graduate,No,48389,0,11.0,120.0,1.0,778,35,1,Urban,0.1894,Y
Female,,0,Graduate,Yes,29903,45753,25.7,300.0,1.0,686,36,1,Urban,0.1132,Y
Female,Yes,0,Graduate,No,125291,67648,18.0,300.0,1.0,675,41,0,Urban,0.0311,Y
Female,Yes,3+,Graduate,Yes,37521,18902,23.2,360.0,0.0,561,33,0,Urban,0.1142,N
Female,Yes,0,Graduate,Yes,29532,0,41.7,240.0,1.0,609,50,0,Rural,0.5883,N
Male,Yes,1,Graduate,No,40340,40688,13.6,360.0,1.0,673,21,0,Urban,0.0466,Y
Female,No,0,Graduate,No,27151,0,21.3,240.0,1.0,591,21,2,Semiurban,0.3269,N
Male,Yes,0,Graduate,No,57704,9110,9.0,360.0,1.0,828,49,0,Urban,0.0374,Y
Female,Yes,0,Not Graduate,No,32767,14704,40.4,360.0,1.0,722,48,0,Semiurban,0.2364,Y
Male,No,0,Graduate,No,38417,0,38.8,360.0,1.0,720,52,2,Rural,0.2805,Y
Female,Yes,3+,Graduate,No,71962,15507,25.0,360.0,,770,45,3,Urban,0.0794,Y
Male,Yes,3+,Graduate,No,60588,5857,21.6,300.0,1.0,850,38,1,Rural,0.1084,Y
Female,No,2,Graduate,No,44703,0,14.8,360.0,1.0,615,35,0,Rural,0.092,Y
Male,No,1,Graduate,No,48312,0,8.7,360.0,1.0,544,21,0,Semiurban,0.05,Y
Female,Yes,0,Not Graduate,Yes,44628,10525,24.1,360.0,1.0,707,40,0,Urban,0.1214,Y
Male,Yes,0,Graduate,No,35754,14604,31.6,360.0,1.0,546,22,1,Semiurban,0.1743,Y
Male,,3+,Graduate,No,44300,24459,67.5,360.0,1.0,680,65,0,Rural,0.2727,Y
Male,Yes,1,Not Graduate,Yes,56694,45112,15.9,180.0,1.0,789,27,0,Urban,0.0868,Y
Male,Yes,1,Not Graduate,No,41644,35807,23.6,300.0,1.0,848,37,0,Semiurban,0.1016,Y
Female,Yes,0,Not Graduate,No,54714,9648,39.2,360.0,1.0,569,55,1,Urban,0.1692,Y
Male,Yes,0,Not Graduate,No,29192,16980,39.9,120.0,1.0,625,34,0,Urban,0.7201,N
Female,Yes,3+,Not Graduate,No,32796,23236,13.8,360.0,1.0,743,34,0,Rural,0.0684,Y
Male,Yes,0,Graduate,No,30725,18333,17.0,300.0,1.0,778,21,1,Semiurban,0.1155,Y
Male,No,0,Graduate,No,33438,0,14.7,240.0,1.0,783,24,0,Urban,0.1832,Y
Female,Yes,0,Graduate,No,84423,0,11.7,360.0,1.0,843,44,0,Semiurban,0.0385,Y
Female,Yes,2,Graduate,No,63769,9829,48.6,360.0,1.0,776,56,0,Urban,0.1834,Y
Male,,0,Not Graduate,No,25888,16613,20.9,,0.0,579,28,1,Urban,0.1639,N
Male,Yes,2,Graduate,No,55202,2527,19.2,180.0,1.0,806,40,2,Semiurban,0.1848,Y
Female,No,0,Graduate,No,36487,0,23.3,300.0,1.0,716,68,2,Semiurban,0.2129,Y
Male,Yes,2,Not Graduate,No,31534,8426,20.7,360.0,1.0,735,44,1,Urban,0.1439,N
Female,Yes,1,Not Graduate,No,21102,35624,17.6,180.0,0.0,546,49,3,Urban,0.1724,N
Female,Yes,0,Graduate,No,72111,33498,12.7,240.0,0.0,604,30,0,Semiurban,0.0501,Y
Female,,1,Not Graduate,No,22428,0,51.4,360.0,1.0,563,55,1,Rural,0.6366,N
Male,Yes,0,Graduate,No,43218,44373,14.3,360.0,1.0,803,30,1,Rural,0.0453,Y
Female,Yes,0,Graduate,Yes,27635,37058,11.5,360.0,1.0,619,28,0,Urban,0.0494,Y
Male,Yes,2,Graduate,Yes,65377,17743,19.1,240.0,1.0,630,54,0,Semiurban,0.0957,Y
Male,Yes,0,Graduate,No,37527,16396,73.3,240.0,1.0,501,31,3,Rural,0.5664,N
Male,Yes,0,Graduate,No,41472,47480,12.3,240.0,1.0,636,38,1,Semiurban,0.0576,Y
Male,Yes,0,Not Graduate,No,42177,25911,30.7,360.0,1.0,624,56,0,Rural,0.1252,Y
Female,No,0,Not Graduate,No,51600,0,17.3,300.0,0.0,610,28,1,Rural,0.1118,N
Female,No,2,Not Graduate,No,44645,0,23.3,120.0,1.0,593,35,1,Urban,0.4349,Y
Female,Yes,0,Graduate,No,43406,23599,34.9,240.0,1.0,670,31,3,Urban,0.217,Y
Male,Yes,3+,Graduate,No,34228,0,7.2,360.0,1.0,649,34,1,Urban,0.0584,Y
Male,Yes,3+,Graduate,No,20184,21632,11.7,360.0,1.0,552,38,1,Urban,0.0777,N
Male,No,,Graduate,No,25355,0,34.6,360.0,1.0,731,53,2,Rural,0.379,Y
Female,Yes,0,Graduate,No,63528,0,21.3,180.0,0.0,570,56,1,Rural,0.1863,N
Male,No,2,Graduate,No,38067,0,22.8,360.0,0.0,594,40,3,Urban,0.1664,N
Female,Yes,0,Graduate,No,31825,15245,30.8,360.0,1.0,785,30,0,Semiurban,0.1818,Y
Male,Yes,0,Not Graduate,No,21963,0,11.8,300.0,1.0,711,45,1,Semiurban,0.1791,Y
Male,Yes,0,Graduate,No,18773,11135,37.8,360.0,1.0,680,38,1,Urban,0.3511,N
Female,Yes,1,Not Graduate,No,31207,43695,32.8,,0.0,673,38,1,Semiurban,0.3649,N
Male,No,2,Graduate,No,69150,0,23.2,360.0,1.0,681,27,0,Rural,0.0932,Y
Female,No,0,Not Graduate,Yes,33573,0,26.6,360.0,1.0,665,21,2,Urban,0.2201,N
Female,Yes,0,Graduate,No,54190,34000,40.4,180.0,1.0,770,38,0,Urban,0.2545,Y
Male,Yes,3+,Graduate,No,32809,0,14.1,300.0,1.0,640,26,0,Urban,0.1432,Y
Male,No,2,Graduate,Yes,61049,0,29.9,360.0,1.0,815,32,1,Urban,0.136,Y
Female,No,1,Not Graduate,No,37202,0,57.2,240.0,1.0,724,54,1,Urban,0.6406,N
Female,Yes,2,Graduate,No,23958,12097,29.5,360.0,1.0,850,37,0,Semiurban,0.2273,Y
Male,Yes,0,Graduate,No,38775,23756,17.6,360.0,1.0,705,50,2,Semiurban,0.0782,Y
Female,Yes,2,Not Graduate,No,110968,0,80.7,300.0,1.0,795,41,0,Rural,0.2424,Y
Female,Yes,0,Graduate,No,108547,9677,23.1,300.0,1.0,562,44,0,Urban,0.0651,Y
Female,Yes,0,Graduate,No,56572,7535,46.5,180.0,0.0,705,32,0,Urban,0.403,Y
Male,Yes,1,Graduate,No,41418,0,15.6,240.0,1.0,772,51,2,Rural,0.1569,Y
Female,Yes,0,Graduate,No,51635,12869,38.1,360.0,1.0,652,41,0,Rural,0.1641,Y
Female,Yes,3+,Graduate,No,51970,0,14.5,360.0,1.0,788,35,0,Urban,0.0775,Y
Male,Yes,0,Graduate,No,43480,0,24.4,300.0,0.0,476,41,1,Urban,0.1871,N
Male,No,3+,Graduate,No,55297,0,14.0,300.0,1.0,665,30,0,Rural,0.0844,Y
Female,No,3+,Graduate,No,49223,0,62.8,300.0,1.0,633,35,3,Urban,0.4253,N
Male,Yes,0,Not Graduate,No,37874,9713,17.6,300.0,1.0,793,37,2,Urban,0.1233,Y
Female,No,2,Graduate,Yes,24401,0,10.3,360.0,1.0,822,32,0,Semiurban,0.1172,Y
Male,No,0,Graduate,Yes,35241,0,21.3,120.0,1.0,670,55,1,Urban,0.5037,Y
Male,Yes,3+,Graduate,No,66155,0,27.7,360.0,0.0,476,33,0,Urban,0.1163,N
Female,Yes,0,Graduate,No,43664,72097,19.8,300.0,1.0,622,61,0,Semiurban,0.057,Y
Male,No,1,Graduate,No,51542,0,12.3,360.0,0.0,598,39,0,Rural,0.0663,N
Male,No,0,Graduate,No,38503,0,37.4,300.0,1.0,713,35,1,Rural,0.3238,Y
Male,No,0,Graduate,No,26113,0,42.8,360.0,1.0,679,32,1,Rural,0.4553,N
Female,No,0,Not Graduate,No,39367,0,7.5,360.0,0.0,515,43,1,Urban,0.0529,N
Male,Yes,0,Graduate,Yes,26603,0,11.9,300.0,1.0,850,48,0,Urban,0.1491,Y
Male,Yes,2,Graduate,No,25767,26321,18.3,360.0,0.0,534,21,0,Rural,0.0976,Y
Female,Yes,1,Graduate,Yes,81050,47811,14.6,360.0,0.0,515,38,2,Semiurban,0.0315,Y
Male,,1,Graduate,No,35953,24577,27.5,300.0,1.0,813,21,0,Urban,0.1514,Y
Female,Yes,0,Not Graduate,No,30615,109055,60.6,300.0,1.0,685,49,1,Urban,0.1446,Y
Male,Yes,0,Graduate,No,99606,43147,16.0,300.0,1.0,756,49,2,Urban,0.0374,Y
Female,Yes,0,Graduate,No,66669,0,51.7,300.0,1.0,631,38,0,Semiurban,0.2585,Y
Male,No,2,Graduate,Yes,36837,0,8.3,360.0,1.0,756,40,2,Urban,0.0626,Y
Female,Yes,3+,Graduate,No,54930,29084,26.4,120.0,1.0,776,22,1,Rural,0.2619,Y
Male,Yes,0,Graduate,No,39423,22723,14.1,,0.0,490,32,1,Urban,0.063,Y
Male,Yes,0,Graduate,No,31372,0,26.7,360.0,0.0,542,31,0,Rural,0.2364,N
Male,Yes,0,Graduate,Yes,56238,0,7.0,300.0,1.0,629,33,1,Rural,0.0415,Y
Male,No,1,Graduate,No,37716,0,9.3,180.0,1.0,662,48,2,Semiurban,0.137,Y
Male,No,1,Graduate,No,46062,0,26.7,360.0,1.0,850,52,1,Semiurban,0.161,Y
Male,No,2,Graduate,No,73916,0,13.8,120.0,1.0,733,45,1,Semiurban,0.1556,Y
Female,Yes,0,Graduate,Yes,69955,0,16.5,360.0,0.0,765,34,1,Urban,0.0655,N
Male,Yes,2,Graduate,No,33690,0,,180.0,1.0,843,30,3,Urban,0.996,N
Male,Yes,1,Not Graduate,Yes,56558,38793,21.8,360.0,0.0,692,39,0,Semiurban,0.0635,Y
Female,Yes,0,Graduate,No,25237,18271,34.5,300.0,1.0,841,41,1,Semiurban,0.2643,Y
Female,,0,Not Graduate,No,55559,0,,360.0,1.0,814,36,2,Semiurban,0.0635,Y
Male,No,0,Graduate,No,47775,0,9.0,180.0,1.0,850,31,1,Semiurban,0.1047,Y
Male,No,0,Not Graduate,No,53610,0,19.1,180.0,1.0,759,45,0,Semiurban,0.1979,Y
Male,Yes,2,Graduate,Yes,38226,12216,8.2,240.0,1.0,772,46,2,Semiurban,0.0677,Y
Female,No,0,Graduate,No,125748,0,13.2,300.0,1.0,769,24,2,Semiurban,0.035,Y
Female,Yes,2,Not Graduate,No,28264,18244,23.2,240.0,1.0,670,34,1,Semiurban,0.2078,Y
Male,No,1,Not Graduate,No,72098,0,18.8,180.0,1.0,786,47,1,Rural,0.1449,Y
Female,Yes,0,Graduate,No,26480,32458,24.5,300.0,1.0,823,49,0,Semiurban,0.1386,Y
Female,Yes,1,Graduate,No,57078,0,28.8,360.0,1.0,656,39,0,Semiurban,0.1402,Y
Female,Yes,0,Graduate,No,59154,45423,9.8,,0.0,513,42,1,Semiurban,0.026,N
Female,No,0,Not Graduate,No,45592,0,11.4,360.0,0.0,540,41,1,Semiurban,0.0695,N
Male,Yes,0,Graduate,No,34625,22322,5.4,300.0,1.0,832,48,0,Semiurban,0.0316,Y
Male,Yes,0,Graduate,No,47599,21530,16.1,300.0,1.0,689,26,0,Urban,0.0776,Y
Male,No,0,Graduate,No,50691,0,31.3,360.0,1.0,611,41,0,Rural,0.1715,Y
Male,Yes,0,Not Graduate,No,108550,9395,49.1,300.0,1.0,617,28,1,Urban,0.1388,Y
Male,Yes,0,Graduate,Yes,28676,19592,22.5,360.0,1.0,629,50,0,Urban,0.1295,Y
Female,Yes,0,Graduate,No,33592,0,45.8,360.0,1.0,646,26,0,Urban,0.3787,N
Male,Yes,3+,Not Graduate,Yes,51142,31528,25.3,300.0,1.0,584,42,0,Urban,0.102,Y
Male,No,0,Graduate,No,39026,0,21.4,300.0,1.0,765,28,2,Rural,0.1828,Y
Male,No,2,Not Graduate,Yes,42192,0,13.9,360.0,1.0,693,46,0,Semiurban,0.0915,Y
Female,Yes,0,Graduate,No,75749,31667,4.8,360.0,1.0,758,43,1,Rural,0.0124,Y
Male,No,1,Graduate,No,12000,0,41.8,360.0,0.0,383,41,0,Urban,0.9675,N
Male,Yes,0,Graduate,No,32893,0,19.5,,1.0,807,60,1,Urban,0.3293,Y
Male,Yes,3+,Graduate,No,18561,46481,46.2,360.0,1.0,703,30,1,Urban,0.1973,Y
Male,Yes,0,Graduate,No,24394,0,11.4,300.0,1.0,755,48,0,Semiurban,0.1558,Y
Female,Yes,2,Graduate,Yes,147608,0,86.3,300.0,1.0,847,51,0,Rural,0.1949,Y
Female,Yes,0,Graduate,No,59819,11818,17.3,360.0,1.0,743,48,1,Semiurban,0.0671,Y
Male,No,0,Graduate,No,71381,0,13.3,360.0,1.0,850,31,0,Urban,0.0518,Y
Female,No,1,Graduate,No,42605,0,17.7,300.0,1.0,541,35,0,Rural,0.1385,Y
Female,Yes,0,Graduate,No,64819,17015,22.2,300.0,1.0,681,31,2,Urban,0.0904,Y
Female,Yes,0,Graduate,No,18338,0,19.3,360.0,1.0,548,35,1,Semiurban,0.2923,Y
Male,No,0,Graduate,No,74544,0,14.7,300.0,1.0,738,29,0,Semiurban,0.0657,Y
Male,No,1,Graduate,No,29439,0,6.8,240.0,0.0,597,34,1,Urban,0.0962,N
Male,No,3+,Not Graduate,No,34008,0,12.4,360.0,0.0,492,54,3,Urban,0.1013,N
Female,Yes,0,Graduate,No,57101,11987,38.3,360.0,0.0,786,34,0,Urban,0.154,Y
Male,No,2,Graduate,No,51960,0,11.8,360.0,1.0,678,39,3,Rural,0.0631,Y
Male,Yes,0,Graduate,No,46273,20936,7.2,360.0,1.0,511,30,1,Semiurban,0.0298,Y
Male,Yes,0,Graduate,No,22437,0,10.7,360.0,1.0,771,38,1,Rural,0.1325,Y
Female,Yes,3+,Graduate,No,46626,17570,19.0,360.0,1.0,773,47,3,Semiurban,0.0822,Y
Male,Yes,2,Graduate,No,71702,29174,12.7,360.0,0.0,547,43,0,Semiurban,0.035,Y
Female,Yes,2,Graduate,No,33988,59787,17.0,360.0,1.0,781,54,0,Semiurban,0.0504,Y
Female,Yes,0,Graduate,No,85602,58751,12.4,360.0,1.0,624,25,0,Rural,0.0239,Y
Male,Yes,0,Graduate,Yes,28671,29738,36.8,360.0,1.0,672,30,1,Urban,0.175,Y
Female,No,0,Graduate,No,44501,0,27.0,360.0,0.0,625,33,0,Urban,0.1685,N
Male,Yes,0,Graduate,No,95575,7608,76.0,360.0,1.0,793,55,0,Semiurban,0.2046,Y
Female,Yes,0,Graduate,No,31549,14170,16.0,180.0,0.0,570,41,1,Rural,0.1944,N
Male,Yes,2,Not Graduate,No,75131,0,16.9,180.0,1.0,667,22,0,Rural,0.125,Y
Female,No,2,Not Graduate,No,119053,0,40.9,240.0,0.0,586,50,0,Semiurban,0.1431,N
Female,Yes,0,Not Graduate,Yes,48316,26211,25.4,180.0,1.0,526,39,0,Urban,0.1893,Y
Female,Yes,0,Not Graduate,No,34081,0,11.4,180.0,1.0,685,48,2,Urban,0.1858,Y
Female,Yes,2,Graduate,No,30141,63731,28.0,180.0,1.0,532,55,3,Rural,0.1657,Y
Male,No,0,Not Graduate,No,85161,0,,360.0,1.0,634,27,1,Semiurban,0.0832,Y
Female,No,1,Graduate,No,83981,0,6.8,240.0,1.0,582,55,0,Urban,0.0337,Y
,Yes,0,Graduate,Yes,91551,0,13.6,300.0,1.0,758,37,0,Rural,0.0495,Y
Male,Yes,0,Not Graduate,No,43634,61381,22.5,360.0,0.0,524,33,0,Urban,0.0595,N
Male,No,3+,Graduate,No,74526,0,47.8,180.0,0.0,701,40,2,Semiurban,0.3563,N
Female,Yes,0,Not Graduate,Yes,43286,41730,30.5,300.0,1.0,544,25,1,Semiurban,0.1196,Y
Female,Yes,0,Graduate,Yes,28523,31161,14.3,240.0,1.0,688,38,0,Urban,0.0998,Y
Female,Yes,0,Not Graduate,No,77815,12977,13.1,180.0,1.0,718,35,0,Urban,0.0802,Y
Male,Yes,3+,Graduate,No,100402,0,32.4,360.0,1.0,754,28,1,Urban,0.0896,Y
Female,Yes,2,Graduate,No,26627,9957,4.7,360.0,1.0,850,31,2,Semiurban,0.0357,Y
Male,Yes,0,Graduate,No,26378,10258,12.4,360.0,1.0,533,51,2,Semiurban,0.094,Y
Female,No,0,Not Graduate,No,45251,0,46.8,360.0,1.0,642,36,0,Urban,0.2873,Y
Male,No,1,Graduate,No,71544,0,24.0,240.0,1.0,850,27,2,Rural,0.1398,Y
Female,Yes,0,Graduate,No,25162,51213,12.7,360.0,1.0,627,43,0,Urban,0.0462,Y
Female,No,1,Graduate,No,49687,0,9.8,360.0,1.0,750,46,0,Urban,0.0548,Y
Male,Yes,0,Graduate,No,33017,79763,33.2,360.0,1.0,625,38,0,Urban,0.0818,Y
Female,Yes,0,Graduate,Yes,62970,0,21.0,240.0,1.0,585,24,0,Urban,0.139,Y
Male,Yes,1,Graduate,No,29764,26981,17.6,300.0,1.0,637,21,0,Rural,0.1034,Y
Female,No,0,Not Graduate,No,65245,0,25.1,240.0,0.0,768,28,0,Urban,0.1603,N
Female,No,2,Graduate,No,40982,0,22.2,240.0,1.0,605,50,2,Semiurban,0.2257,Y
Male,No,0,Graduate,Yes,27762,0,21.2,360.0,1.0,683,49,0,Rural,0.2121,Y
Female,No,0,Graduate,Yes,45791,0,9.1,240.0,1.0,687,29,0,Semiurban,0.0828,Y
Female,Yes,3+,Graduate,No,16832,51772,10.8,300.0,1.0,792,35,0,Urban,0.0525,Y
Male,No,0,Graduate,No,33539,0,31.5,360.0,1.0,812,46,3,Rural,0.2609,N
Male,No,1,Not Graduate,No,52507,0,28.1,180.0,1.0,720,36,0,Semiurban,0.2973,Y
Female,No,0,Graduate,No,18290,0,25.3,240.0,1.0,423,48,0,Urban,0.5763,Y
Female,Yes,1,Graduate,No,12264,14354,14.1,360.0,,630,37,3,Semiurban,0.1471,Y
Female,Yes,1,Graduate,No,13771,41215,31.8,360.0,1.0,602,43,1,Rural,0.1606,Y
Female,Yes,0,Graduate,Yes,86126,27806,16.1,360.0,1.0,814,34,0,Semiurban,0.0393,Y
Male,Yes,2,Graduate,No,42686,0,43.9,360.0,1.0,627,29,0,Semiurban,0.2857,Y
Female,Yes,1,Graduate,No,33988,47998,12.8,120.0,1.0,850,51,0,Rural,0.1301,Y
Male,Yes,0,Not Graduate,No,71152,6574,14.7,120.0,1.0,747,21,1,Semiurban,0.1576,Y
Male,Yes,1,Graduate,Yes,36235,56701,18.3,240.0,1.0,812,31,1,Urban,0.082,Y
Male,Yes,1,Graduate,No,50728,42856,33.4,300.0,1.0,850,37,0,Urban,0.119,Y
Male,Yes,0,Graduate,No,44931,17010,19.7,360.0,0.0,505,47,2,Semiurban,0.0883,N
Male,Yes,0,Graduate,No,35049,0,20.5,180.0,1.0,564,28,0,Urban,0.3249,Y
Male,No,0,Not Graduate,No,51384,0,15.9,180.0,1.0,727,39,0,Rural,0.1719,Y
Female,Yes,0,Graduate,Yes,65292,33902,23.6,360.0,0.0,676,23,0,Semiurban,0.0661,N
Male,Yes,2,Not Graduate,No,40439,16984,19.3,300.0,1.0,650,43,0,Semiurban,0.112,Y
Male,No,0,Graduate,Yes,35232,0,12.5,360.0,1.0,713,58,0,Semiurban,0.0986,Y
Male,Yes,3+,Graduate,No,37374,23089,21.7,240.0,1.0,820,21,3,Semiurban,0.1495,Y
Male,Yes,0,Graduate,No,14059,0,22.0,360.0,1.0,811,30,0,Urban,0.4346,N
Male,Yes,0,Graduate,No,51099,25162,82.3,360.0,0.0,538,47,1,Urban,0.2998,Y
Male,Yes,2,Graduate,No,24232,146463,13.9,360.0,1.0,734,70,0,Semiurban,0.0226,Y
Female,No,,Graduate,No,60770,0,12.1,300.0,1.0,626,44,0,Rural,0.0664,Y
Female,Yes,0,Graduate,No,42395,18491,23.7,240.0,0.0,460,30,1,Semiurban,0.1622,N
Female,Yes,0,Graduate,No,46750,13799,11.1,240.0,1.0,832,36,1,Urban,0.0764,Y
Male,Yes,0,Graduate,No,62954,14850,10.6,360.0,1.0,518,25,0,Urban,0.0378,Y
,Yes,0,Graduate,Yes,27910,0,8.5,360.0,0.0,607,47,2,Rural,0.0846,N
Female,No,3+,Not Graduate,No,53350,0,12.6,360.0,1.0,677,50,1,Rural,0.0656,Y
Male,Yes,0,Graduate,No,50707,0,12.8,120.0,1.0,759,53,0,Urban,0.2104,Y
Male,Yes,2,Graduate,Yes,40441,45180,9.3,300.0,1.0,648,34,1,Semiurban,0.0362,Y
,Yes,1,Graduate,No,27887,38385,17.3,300.0,1.0,813,29,0,Semiurban,0.087,Y
Male,Yes,0,Graduate,Yes,59732,19660,4.9,360.0,1.0,690,54,0,Semiurban,0.0171,Y
,Yes,0,Graduate,No,63053,7527,27.0,360.0,1.0,841,53,1,Rural,0.1063,Y
Male,No,2,Graduate,No,46948,0,14.4,300.0,1.0,730,27,1,Urban,0.1022,Y
Female,No,2,Graduate,No,25974,0,15.7,360.0,1.0,616,34,0,Semiurban,0.1679,Y
Male,No,0,Graduate,No,34074,0,,120.0,1.0,759,47,2,Urban,0.6994,N
,No,0,Graduate,No,43038,0,25.1,360.0,1.0,748,35,1,Urban,0.162,Y
Female,No,0,Graduate,No,62583,0,13.8,180.0,1.0,700,38,1,Semiurban,0.1225,Y
Female,Yes,0,Not Graduate,Yes,20096,0,26.3,360.0,1.0,643,22,3,Urban,0.3635,N
Female,No,1,Graduate,No,33460,0,50.9,360.0,1.0,787,26,2,Semiurban,0.4225,Y
Female,No,2,Graduate,Yes,36267,0,10.9,300.0,1.0,623,37,0,Urban,0.1002,Y
Male,No,0,Graduate,No,42548,0,31.6,300.0,1.0,633,30,1,Semiurban,0.2476,Y
Male,Yes,1,Not Graduate,No,23140,0,10.3,180.0,1.0,757,25,2,Urban,0.2473,N
Male,Yes,1,Graduate,No,39785,26338,40.7,300.0,1.0,691,35,1,Semiurban,0.2052,Y
Female,No,0,Graduate,No,37978,0,13.1,360.0,1.0,533,28,1,Semiurban,0.0958,Y
Female,No,0,Not Graduate,Yes,26402,0,12.8,300.0,0.0,503,38,0,Rural,0.1616,N
Male,No,1,Graduate,Yes,41815,0,40.0,300.0,1.0,747,49,2,Rural,0.3189,Y
Female,Yes,2,Graduate,No,33841,0,31.0,360.0,0.0,566,35,1,Urban,0.2545,N
Male,Yes,1,Graduate,Yes,56828,0,13.4,300.0,0.0,581,33,2,Urban,0.0786,N
Female,Yes,0,Not Graduate,No,28491,36330,21.7,300.0,1.0,734,50,1,Semiurban,0.1116,Y
Male,No,0,Not Graduate,,46394,0,13.1,180.0,1.0,751,46,2,Semiurban,0.1569,Y
Male,Yes,0,Graduate,,29608,45548,7.7,360.0,0.0,600,47,0,Urban,0.0285,Y
Male,Yes,1,Graduate,No,32864,0,22.5,360.0,0.0,300,21,2,Urban,0.1902,N
Male,No,2,Graduate,Yes,51464,0,16.2,360.0,1.0,705,33,3,Semiurban,0.0874,Y
Male,Yes,0,Graduate,,49879,23210,11.4,120.0,1.0,664,32,2,Rural,0.13,Y
,No,2,Graduate,No,36008,0,43.9,180.0,1.0,713,29,1,Rural,0.6773,Y
Female,Yes,1,Graduate,Yes,38766,0,11.6,360.0,1.0,806,50,2,Urban,0.0831,Y
Male,No,1,Not Graduate,No,21444,0,21.9,360.0,1.0,613,32,0,Urban,0.2837,N
Male,Yes,3+,Not Graduate,No,89445,54658,38.4,360.0,1.0,716,23,0,Urban,0.074,Y
Female,No,0,Graduate,Yes,62550,0,17.2,300.0,1.0,753,41,3,Semiurban,0.0917,Y
Female,No,3+,Graduate,Yes,61434,0,12.9,300.0,1.0,682,38,1,Rural,0.07,Y
Male,Yes,0,Graduate,No,19980,91172,24.0,300.0,1.0,592,28,0,Rural,0.072,Y
Male,Yes,0,Graduate,Yes,32934,20613,26.4,180.0,1.0,602,49,0,Semiurban,0.2739,Y
Male,Yes,2,Graduate,No,37524,0,34.0,300.0,1.0,707,44,1,Urban,0.302,Y
Male,No,3+,Graduate,No,16890,0,61.7,120.0,1.0,654,44,1,Urban,3.044,N
Female,No,0,Graduate,Yes,69215,0,15.3,360.0,1.0,536,43,0,Rural,0.0614,Y
Male,Yes,1,Graduate,No,91761,19474,22.6,360.0,1.0,638,50,0,Urban,0.0564,Y
Male,Yes,1,Not Graduate,No,124364,0,9.4,300.0,1.0,593,36,2,Urban,0.0252,Y
Female,Yes,2,Graduate,No,26293,1858,30.0,180.0,1.0,777,24,3,Semiurban,0.592,N
Male,No,0,Graduate,No,47036,0,22.4,360.0,1.0,576,36,1,Semiurban,0.1323,Y
Male,No,2,Not Graduate,No,85940,0,18.0,180.0,1.0,838,21,1,Rural,0.1164,Y
Male,Yes,0,Graduate,Yes,39073,55895,13.9,360.0,1.0,850,26,0,Urban,0.0407,Y
Female,Yes,0,Graduate,No,33407,22598,16.3,360.0,0.0,523,56,1,Semiurban,0.0808,N
Male,Yes,0,Graduate,No,17448,44446,23.1,240.0,1.0,655,26,0,Semiurban,0.1555,Y
Female,Yes,0,Not Graduate,No,78144,16030,11.2,360.0,1.0,795,25,0,Rural,0.033,Y
Male,Yes,3+,Graduate,No,43931,0,16.7,360.0,1.0,808,45,1,Rural,0.1056,Y
Male,Yes,0,Graduate,No,30802,46066,20.3,300.0,1.0,666,47,0,Rural,0.088,Y
Female,Yes,3+,Graduate,No,51120,3923,8.0,360.0,1.0,670,21,0,Urban,0.0404,Y
Female,Yes,0,Graduate,No,47882,22228,10.7,360.0,0.0,551,41,3,Rural,0.0424,N
Female,Yes,1,Graduate,No,48249,16648,13.5,360.0,1.0,633,32,0,Semiurban,0.0578,Y
Female,Yes,2,Graduate,No,39793,57092,51.5,360.0,1.0,792,42,0,Urban,0.1477,Y
Female,Yes,1,Not Graduate,No,99826,0,12.2,240.0,1.0,724,35,1,Urban,0.0509,Y
Male,No,1,Not Graduate,No,41488,0,19.4,300.0,1.0,645,23,0,Semiurban,0.1559,Y
Male,No,1,Graduate,No,99674,0,10.8,180.0,1.0,716,33,1,Urban,0.0602,Y
Female,Yes,2,Graduate,Yes,58809,7748,12.6,240.0,1.0,676,45,0,Rural,0.0789,Y
Male,Yes,2,Graduate,No,52870,0,8.5,240.0,1.0,850,59,1,Semiurban,0.067,Y
Female,No,0,Not Graduate,No,41913,0,,180.0,1.0,688,42,2,Urban,0.3976,Y
Female,No,2,Graduate,No,72184,0,9.1,180.0,1.0,777,34,1,Semiurban,0.07,Y
Male,Yes,0,Graduate,No,46934,0,34.6,240.0,1.0,749,25,0,Urban,0.3072,Y
Male,Yes,0,Not Graduate,Yes,27832,0,26.6,360.0,0.0,576,36,2,Semiurban,0.2655,N
Female,Yes,2,Not Graduate,No,27371,10581,19.2,240.0,1.0,750,34,0,Semiurban,0.2108,Y
Male,Yes,0,Graduate,Yes,54789,0,35.3,360.0,1.0,729,41,1,Rural,0.179,Y
Female,Yes,2,Not Graduate,Yes,28178,21008,129.3,360.0,1.0,850,37,1,Semiurban,0.7302,Y
Male,Yes,0,Not Graduate,No,42997,7095,26.7,360.0,1.0,701,43,2,Rural,0.1481,N
Female,No,0,Graduate,No,75252,0,10.3,360.0,1.0,475,34,1,Rural,0.038,Y
Male,Yes,0,Graduate,No,51637,29922,49.1,360.0,0.0,787,57,0,Semiurban,0.1672,N
Female,Yes,0,Not Graduate,No,30913,9018,22.5,360.0,1.0,664,44,1,Semiurban,0.1565,Y
Male,Yes,2,Graduate,No,89769,0,71.3,120.0,1.0,718,30,1,Semiurban,0.6619,Y
Female,Yes,0,Graduate,Yes,58334,11431,14.8,300.0,1.0,661,49,2,Urban,0.0707,Y
Male,Yes,0,Graduate,Yes,73784,22021,43.3,360.0,1.0,656,25,0,Rural,0.1255,Y
Female,Yes,0,Not Graduate,No,14274,24622,20.1,300.0,1.0,609,29,2,Rural,0.1722,Y
Female,No,0,Not Graduate,Yes,52335,0,98.9,300.0,,410,29,0,Urban,0.6299,N
Male,Yes,2,Graduate,No,67581,4592,17.0,360.0,1.0,645,53,1,Rural,0.0654,Y
Male,No,0,Not Graduate,No,103792,0,121.6,240.0,1.0,756,36,0,Urban,0.4882,Y
Male,No,1,Not Graduate,No,21335,0,26.2,360.0,1.0,562,31,1,Rural,0.3411,N
Female,Yes,3+,Not Graduate,No,81069,23899,33.4,300.0,1.0,755,40,2,Urban,0.1061,Y
Female,Yes,1,Graduate,No,100931,20219,55.7,360.0,1.0,850,44,1,Rural,0.1277,Y
Male,Yes,2,Graduate,Yes,16177,26484,12.5,360.0,1.0,736,55,1,Semiurban,0.0814,Y
Male,No,0,Graduate,No,56348,0,35.9,360.0,1.0,585,22,1,Semiurban,0.177,Y
Male,No,0,Graduate,No,60404,0,16.8,360.0,1.0,746,52,1,Urban,0.0773,Y
Female,No,2,Graduate,No,37665,0,22.0,360.0,0.0,676,21,1,Urban,0.1622,Y
Male,,1,Not Graduate,No,34716,6863,21.1,360.0,1.0,827,48,2,Urban,0.141,Y
Female,No,1,Graduate,Yes,61940,0,28.3,300.0,,727,51,0,Rural,0.1523,Y
Male,Yes,1,Not Graduate,Yes,32614,29346,27.6,360.0,0.0,644,51,0,Urban,0.1237,Y
Female,Yes,0,Graduate,No,39790,0,14.2,120.0,1.0,787,44,3,Semiurban,0.2974,Y
Male,Yes,0,Graduate,,66584,29481,21.6,300.0,0.0,644,26,2,Rural,0.0749,Y
Male,Yes,2,Graduate,No,106619,19453,5.0,300.0,1.0,739,46,1,Rural,0.0132,Y
Female,No,1,Graduate,No,58046,0,36.4,360.0,1.0,653,26,0,Urban,0.1742,Y
Female,Yes,0,Graduate,No,47417,27403,55.5,120.0,0.0,676,28,2,Rural,0.6181,N
Female,Yes,2,Not Graduate,Yes,34262,19071,22.5,360.0,1.0,662,33,1,Urban,0.1172,Y
Male,Yes,0,Graduate,No,26761,0,7.7,300.0,1.0,850,34,3,Semiurban,0.0959,Y
Male,No,0,Graduate,No,77249,0,31.4,180.0,1.0,652,41,0,Semiurban,0.2258,Y
Female,,2,Graduate,No,41080,0,12.7,360.0,0.0,662,30,0,Urban,0.0859,N
Male,Yes,2,Graduate,No,78854,0,22.4,240.0,1.0,595,42,1,Urban,0.1184,Y
Male,Yes,0,Graduate,No,37617,18743,30.3,300.0,0.0,547,23,2,Semiurban,0.1792,N
Male,Yes,0,Graduate,No,32060,73644,27.9,240.0,1.0,657,38,3,Semiurban,0.11,Y
Male,No,0,Graduate,No,54743,0,38.4,360.0,1.0,587,35,0,Rural,0.1948,Y
Female,Yes,1,Not Graduate,No,42691,0,21.9,360.0,1.0,658,49,0,Urban,0.1425,Y
Male,Yes,0,Graduate,No,24276,19453,22.3,360.0,0.0,622,50,0,Rural,0.1417,N
Male,Yes,2,Not Graduate,No,110049,5334,31.3,300.0,1.0,688,36,2,Semiurban,0.0904,Y
Male,Yes,3+,Graduate,No,32419,12515,19.2,360.0,1.0,817,21,0,Rural,0.1187,Y
Male,No,2,Not Graduate,Yes,70530,0,13.3,360.0,0.0,506,22,2,Semiurban,0.0524,N
Male,Yes,0,Graduate,Yes,67571,0,26.3,360.0,0.0,653,50,0,Rural,0.1081,N
Male,Yes,2,Graduate,No,23630,21518,10.2,360.0,1.0,657,36,0,Urban,0.0628,Y
Male,Yes,0,Graduate,No,26871,34865,19.1,360.0,1.0,812,57,1,Semiurban,0.0859,Y
Female,Yes,0,Not Graduate,No,38149,26668,8.8,180.0,1.0,781,48,0,Urban,0.0754,Y
Male,No,0,Graduate,No,28773,0,14.4,240.0,1.0,801,41,0,Urban,0.2085,Y
Male,Yes,0,Graduate,No,105159,0,14.8,360.0,1.0,695,39,3,Semiurban,0.0391,Y
Female,No,3+,Graduate,No,40131,0,11.1,300.0,1.0,830,25,0,Semiurban,0.0922,Y
Female,No,0,Graduate,No,69208,0,38.9,300.0,1.0,561,31,2,Urban,0.1874,Y
Male,Yes,0,Graduate,Yes,57344,0,37.0,300.0,1.0,750,43,0,Semiurban,0.2151,Y
Male,Yes,3+,Graduate,No,50615,54032,44.2,300.0,1.0,722,34,0,Semiurban,0.1408,Y
Male,Yes,0,Graduate,No,45259,0,17.9,360.0,0.0,665,43,1,Urban,0.1099,N
Female,No,2,Graduate,No,82336,0,15.5,300.0,0.0,583,49,0,Semiurban,0.0628,Y
Female,Yes,0,Graduate,No,29362,0,32.5,360.0,1.0,621,36,0,Semiurban,0.3075,Y
Female,Yes,0,Graduate,Yes,105153,21812,21.7,240.0,1.0,612,33,1,Urban,0.0712,Y
Male,Yes,3+,Graduate,Yes,23304,0,21.6,360.0,,709,28,0,Rural,0.2575,Y
Female,No,0,Not Graduate,No,65562,0,4.4,360.0,0.0,567,47,0,Semiurban,0.0186,N
Male,,1,Graduate,Yes,21970,11073,31.6,360.0,1.0,787,46,0,Rural,0.2656,Y
Male,Yes,0,Not Graduate,No,37879,29936,29.2,300.0,1.0,796,62,2,Urban,0.1435,Y
Male,Yes,0,Graduate,No,46474,0,20.0,120.0,1.0,714,40,1,Rural,0.3586,Y
Female,Yes,0,Not Graduate,No,34775,20918,32.8,180.0,1.0,712,37,1,Urban,0.3272,Y
Male,No,0,Graduate,No,40504,0,28.8,180.0,0.0,686,43,0,Semiurban,0.395,N
Female,Yes,,Graduate,No,22170,0,13.2,120.0,0.0,568,35,0,Urban,0.4961,N
Male,No,2,Graduate,No,27073,0,17.6,360.0,1.0,692,28,0,Rural,0.1806,Y
Male,No,0,Not Graduate,No,56905,0,11.0,360.0,1.0,591,39,1,Semiurban,0.0537,Y
Male,Yes,0,Graduate,No,45019,15283,48.3,120.0,0.0,669,43,1,Urban,0.6675,N
Male,No,0,Graduate,No,31405,0,36.1,180.0,1.0,702,44,0,Urban,0.6386,Y
Female,Yes,,Graduate,No,86003,26899,12.3,360.0,0.0,692,43,1,Urban,0.0303,Y
Male,Yes,3+,Graduate,No,24102,10452,29.1,360.0,1.0,601,50,0,Urban,0.2339,Y
Female,No,1,Graduate,No,37020,0,23.7,300.0,0.0,546,44,0,Semiurban,0.2134,Y
Female,Yes,2,Graduate,Yes,34447,81748,13.3,360.0,1.0,795,41,1,Semiurban,0.0318,Y
Female,Yes,0,Graduate,No,60326,47016,21.6,360.0,1.0,739,24,1,Rural,0.0559,Y
Male,Yes,0,Graduate,Yes,45437,39699,33.6,360.0,1.0,604,41,0,Rural,0.1096,Y
Male,No,1,Not Graduate,Yes,42021,0,35.3,360.0,1.0,793,36,3,Semiurban,0.2333,Y
Male,Yes,1,Graduate,Yes,17639,63318,81.4,240.0,1.0,593,26,0,Urban,0.4189,Y
Female,Yes,0,Graduate,No,68358,10174,21.3,300.0,1.0,785,44,2,Urban,0.0904,Y
Female,Yes,0,Not Graduate,No,39779,37312,17.4,240.0,1.0,622,44,1,Semiurban,0.094,Y
Male,No,3+,Graduate,No,46997,0,28.1,360.0,1.0,819,43,0,Semiurban,0.1661,Y
Female,No,2,Graduate,,30507,0,18.0,120.0,1.0,720,44,0,Semiurban,0.4917,Y
Male,Yes,0,Not Graduate,No,28200,36609,14.1,300.0,1.0,741,39,2,Rural,0.0725,Y
Female,No,1,Graduate,No,93868,0,11.5,300.0,1.0,703,35,0,Rural,0.0408,Y
Male,Yes,0,Graduate,No,18277,16248,2.6,240.0,0.0,598,57,1,Urban,0.0314,Y
Female,Yes,0,Not Graduate,No,26184,15574,31.2,180.0,1.0,717,40,0,Urban,0.4151,Y
Male,No,0,Not Graduate,No,92990,0,7.5,360.0,1.0,774,21,2,Rural,0.0224,Y
Female,No,0,Graduate,Yes,61106,0,11.8,300.0,1.0,704,21,0,Rural,0.0644,Y
Female,No,0,Graduate,No,37694,0,23.9,360.0,1.0,842,51,1,Urban,0.1761,Y
Female,No,2,Graduate,No,82727,0,16.6,360.0,1.0,644,21,0,Semiurban,0.0557,Y
Male,Yes,0,Graduate,Yes,55461,18010,72.9,240.0,1.0,787,32,1,Semiurban,0.4134,Y
Male,No,1,Graduate,No,49828,0,8.1,300.0,1.0,761,25,0,Semiurban,0.0542,Y
Male,Yes,0,Graduate,No,49651,6209,77.0,360.0,1.0,821,35,0,Urban,0.3829,Y
Male,Yes,0,Not Graduate,,55973,36755,46.0,300.0,1.0,721,42,0,Rural,0.1654,Y
Male,Yes,2,Not Graduate,No,57116,44002,34.7,360.0,1.0,740,31,3,Semiurban,0.0953,Y
Female,Yes,1,Graduate,Yes,132984,54858,47.6,360.0,0.0,619,29,0,Urban,0.0704,Y
Male,Yes,3+,Graduate,No,40237,7558,25.6,360.0,1.0,601,46,3,Semiurban,0.1488,Y
Male,Yes,3+,Graduate,Yes,40863,0,7.2,360.0,1.0,745,67,0,Semiurban,0.0489,Y
Male,Yes,0,Graduate,No,23898,32977,27.4,180.0,1.0,850,44,0,Rural,0.2676,Y
Male,Yes,0,Graduate,No,43220,24438,8.3,360.0,0.0,735,28,0,Urban,0.0341,Y
Female,Yes,2,Not Graduate,Yes,112583,0,14.6,180.0,1.0,640,48,1,Rural,0.072,Y
Male,Yes,3+,Graduate,No,72565,17117,19.2,240.0,1.0,548,57,1,Urban,0.0892,Y
Female,Yes,1,Not Graduate,Yes,33798,65222,11.6,240.0,0.0,595,50,1,Semiurban,0.0488,N
Male,No,2,Graduate,No,45027,0,35.4,360.0,1.0,807,21,0,Semiurban,0.2184,Y
Female,No,2,Graduate,Yes,23197,0,17.7,360.0,1.0,707,44,0,Semiurban,0.2119,Y
Female,No,0,Graduate,No,27322,0,25.7,180.0,0.0,760,33,0,Semiurban,0.5226,N
Male,Yes,1,Graduate,No,47797,0,20.0,,1.0,640,39,1,Rural,0.1162,Y
Female,No,2,Not Graduate,No,34640,0,21.7,180.0,1.0,730,34,0,Semiurban,0.348,Y
Male,Yes,1,Graduate,No,26310,0,11.8,240.0,1.0,700,46,1,Semiurban,0.1869,Y
Female,Yes,0,Graduate,No,56665,0,9.9,360.0,0.0,656,34,0,Urban,0.0485,Y
Male,Yes,0,Graduate,No,42569,14344,18.3,120.0,1.0,782,54,1,Urban,0.2679,Y
Female,No,0,Graduate,No,20256,0,11.2,240.0,0.0,697,38,0,Urban,0.2304,N
Female,Yes,0,Not Graduate,No,15716,145274,46.3,240.0,1.0,699,36,3,Rural,0.1198,Y
Female,Yes,3+,Not Graduate,No,33356,0,8.8,240.0,1.0,823,44,1,Rural,0.1099,Y
Female,Yes,0,Graduate,No,20048,14516,81.6,300.0,1.0,741,42,0,Rural,0.7869,Y
Male,No,0,Graduate,No,17423,0,24.1,180.0,1.0,832,45,1,Urban,0.7684,N
Male,Yes,,Graduate,Yes,78002,0,20.9,300.0,1.0,845,37,2,Semiurban,0.0893,Y
Male,Yes,1,Graduate,No,42241,0,14.5,300.0,0.0,592,53,2,Urban,0.1144,N
Male,Yes,0,Graduate,No,38843,0,29.8,360.0,1.0,649,49,0,Rural,0.2131,Y
Female,Yes,0,Graduate,Yes,40368,16352,17.8,360.0,1.0,728,38,3,Urban,0.0872,Y
Male,No,0,Not Graduate,No,25112,0,24.1,240.0,0.0,679,47,0,Urban,0.3999,N
Female,Yes,0,Graduate,,54475,23805,33.3,360.0,0.0,455,35,0,Semiurban,0.1182,N
Female,No,0,Graduate,No,41550,0,30.0,300.0,1.0,665,44,0,Urban,0.2407,Y
Female,Yes,0,Not Graduate,Yes,30373,0,42.3,120.0,1.0,771,47,0,Semiurban,1.1605,N
Male,No,3+,Graduate,No,32735,0,27.7,360.0,1.0,477,41,0,Semiurban,0.235,Y
Female,Yes,0,Graduate,No,24011,25274,11.4,360.0,0.0,497,29,1,Semiurban,0.0643,N
Female,Yes,0,Graduate,No,36202,32446,5.8,120.0,1.0,655,25,0,Rural,0.0704,Y
Male,Yes,1,Graduate,No,39347,38320,22.8,240.0,1.0,702,41,1,Urban,0.1223,Y
Female,Yes,0,Graduate,No,35734,62917,23.0,300.0,1.0,681,30,0,Semiurban,0.0777,Y
Female,Yes,1,Graduate,No,45596,12796,63.8,360.0,1.0,683,50,0,Rural,0.3035,Y
Male,No,0,Graduate,No,42648,0,18.7,360.0,0.0,470,21,0,Semiurban,0.1218,N
Male,Yes,1,Graduate,No,49781,0,25.1,300.0,1.0,850,52,1,Urban,0.1681,Y
Male,No,2,Not Graduate,,71079,0,32.0,240.0,0.0,535,39,1,Rural,0.1876,N
Male,No,3+,Graduate,No,59666,0,27.3,300.0,1.0,539,29,1,Urban,0.1525,Y
Male,Yes,0,Not Graduate,No,71489,18023,33.3,360.0,0.0,692,33,2,Urban,0.1033,Y
Male,No,0,Graduate,No,29031,0,12.3,300.0,1.0,640,36,0,Urban,0.1412,Y
Male,No,0,Graduate,No,34396,0,11.2,180.0,0.0,481,43,0,Urban,0.1809,N
Male,Yes,3+,Graduate,No,61500,0,17.0,120.0,0.0,651,25,0,Urban,0.2303,Y
Female,No,3+,Graduate,No,62053,0,5.4,,1.0,663,27,1,Urban,0.029,Y
Male,Yes,0,Graduate,No,31593,15745,19.6,180.0,1.0,725,34,0,Semiurban,0.23,Y
Female,Yes,0,Not Graduate,Yes,60222,0,13.5,360.0,0.0,533,38,1,Urban,0.0623,N
Male,No,0,Graduate,No,27674,0,24.4,240.0,1.0,668,46,2,Urban,0.3674,Y
Male,Yes,0,Graduate,No,56417,37719,17.1,360.0,1.0,621,41,1,Semiurban,0.0505,Y
Male,Yes,0,Graduate,No,43776,0,10.9,360.0,0.0,481,34,2,Urban,0.0692,N
Male,Yes,0,Not Graduate,No,22199,11728,44.1,300.0,1.0,850,41,1,Urban,0.4333,N
Male,No,1,Graduate,No,35702,0,21.1,360.0,0.0,515,40,2,Semiurban,0.1642,N
Female,No,3+,Not Graduate,No,132076,0,33.7,240.0,1.0,578,35,3,Urban,0.1063,Y
Male,Yes,3+,Not Graduate,No,49089,18856,22.4,180.0,1.0,812,39,1,Urban,0.1832,Y
Female,No,0,Graduate,No,140116,0,26.5,360.0,1.0,734,21,2,Semiurban,0.0525,Y
,No,1,Graduate,No,21548,0,8.9,,1.0,712,48,0,Semiurban,0.1147,Y
Male,Yes,2,Not Graduate,No,64561,26001,,120.0,1.0,666,44,1,Semiurban,0.3975,Y
Male,Yes,0,Graduate,No,12492,47397,34.0,300.0,1.0,673,54,0,Rural,0.1892,Y
Female,No,1,Graduate,No,44351,0,19.9,240.0,1.0,683,29,3,Semiurban,0.187,Y
Male,No,0,Not Graduate,Yes,60816,0,23.9,240.0,0.0,692,44,2,Semiurban,0.1637,N
Male,No,0,Not Graduate,No,67437,0,36.7,180.0,1.0,688,21,2,Urban,0.3023,Y
Female,Yes,0,Not Graduate,No,29743,0,16.1,240.0,1.0,813,21,0,Rural,0.2255,Y
Male,Yes,0,Graduate,No,74574,41150,7.8,360.0,1.0,705,35,0,Urban,0.0187,Y
Female,Yes,1,Graduate,No,33967,22474,16.2,360.0,1.0,692,32,0,Semiurban,0.0797,Y
Female,Yes,0,Graduate,No,40862,8687,22.0,300.0,0.0,498,50,2,Semiurban,0.148,N
Male,Yes,0,Graduate,No,35715,9413,19.7,,1.0,850,51,2,Semiurban,0.1213,Y
Male,No,0,Graduate,No,25130,0,44.3,120.0,1.0,711,52,0,Rural,1.469,N
Male,Yes,2,Graduate,No,97232,43289,11.3,180.0,1.0,710,45,1,Rural,0.0447,Y
Male,No,0,Graduate,Yes,45434,0,12.2,360.0,0.0,757,45,0,Urban,0.0746,Y
,Yes,1,Not Graduate,No,76394,0,10.6,360.0,1.0,747,24,1,Urban,0.0385,Y
Female,Yes,1,Not Graduate,No,74784,29230,26.0,180.0,1.0,757,53,0,Rural,0.1389,Y
Male,Yes,0,Not Graduate,No,27338,0,,300.0,1.0,715,52,0,Semiurban,0.0975,Y
Male,,0,Graduate,No,81476,15282,31.4,360.0,1.0,640,23,0,Semiurban,0.0901,Y
Female,Yes,1,Graduate,No,57051,43487,11.5,360.0,0.0,700,43,0,Semiurban,0.0318,N
Female,No,0,Not Graduate,No,26359,0,12.6,240.0,1.0,583,32,3,Semiurban,0.1992,N
Female,No,0,Graduate,Yes,55516,0,58.1,240.0,1.0,622,58,1,Rural,0.4361,Y
Male,Yes,1,Graduate,No,26596,21673,42.1,360.0,1.0,640,27,1,Semiurban,0.2423,Y
Female,Yes,0,Graduate,No,99035,0,21.6,240.0,1.0,733,39,3,Semiurban,0.0909,Y
Male,No,0,Graduate,No,66629,0,9.1,300.0,1.0,709,40,0,Semiurban,0.0455,Y
Male,Yes,0,Graduate,No,42806,18393,67.3,300.0,1.0,542,37,0,Rural,0.3666,Y
Male,Yes,0,Not Graduate,No,83483,17529,17.9,300.0,1.0,850,62,0,Semiurban,0.0591,Y
Female,Yes,1,Not Graduate,No,20111,22398,23.3,240.0,0.0,658,57,0,Semiurban,0.2284,N
Male,No,1,Graduate,No,30495,0,34.7,360.0,0.0,546,21,1,Rural,0.3161,Y
Male,Yes,1,Graduate,No,39097,18817,,240.0,1.0,749,43,2,Semiurban,0.0446,Y
Male,Yes,1,Not Graduate,No,135651,0,13.7,360.0,1.0,750,38,2,Urban,0.0281,Y
Male,No,0,Graduate,Yes,25972,0,19.3,300.0,1.0,680,47,0,Semiurban,0.2477,Y
Female,Yes,0,Graduate,Yes,18889,8686,21.7,240.0,1.0,745,40,0,Semiurban,0.3279,Y
Female,Yes,,Not Graduate,No,21543,9190,9.2,360.0,1.0,747,29,1,Urban,0.0832,Y
Female,Yes,0,Not Graduate,No,69780,0,24.4,360.0,1.0,808,27,0,Semiurban,0.0971,Y
Male,No,3+,Not Graduate,No,32955,0,20.5,360.0,1.0,716,34,0,Semiurban,0.1728,Y
Male,Yes,2,Graduate,No,40964,18230,54.6,180.0,1.0,739,37,1,Semiurban,0.5124,Y
Male,No,0,Graduate,No,64953,0,36.6,300.0,0.0,571,40,1,Rural,0.1878,N
Male,No,0,Not Graduate,No,40985,0,17.1,360.0,1.0,671,32,1,Semiurban,0.1159,Y
Male,Yes,0,Graduate,No,49123,14068,17.9,360.0,1.0,641,57,3,Rural,0.0787,Y
,No,0,Not Graduate,Yes,57966,0,36.9,360.0,1.0,638,44,1,Urban,0.1768,Y
Male,Yes,0,Graduate,No,35763,19725,23.8,360.0,,668,48,0,Urban,0.1191,Y
Male,,0,Not Graduate,Yes,40816,0,8.8,300.0,1.0,689,36,3,Semiurban,0.0719,N
Male,Yes,2,Graduate,No,50060,16683,70.5,360.0,1.0,801,27,1,Semiurban,0.2934,Y
,Yes,1,Graduate,No,68466,28202,11.1,180.0,1.0,676,48,1,Urban,0.0638,Y
Male,Yes,0,Graduate,No,29846,10960,88.9,360.0,0.0,560,27,0,Urban,0.6052,N
Female,Yes,0,Graduate,No,12000,136894,26.0,360.0,1.0,684,21,0,Semiurban,0.0485,Y
Female,Yes,0,Graduate,Yes,62305,0,13.7,360.0,0.0,586,44,0,Urban,0.0611,N
Female,No,2,Graduate,No,70535,0,4.9,360.0,1.0,850,30,3,Semiurban,0.0193,Y
Male,Yes,2,Not Graduate,No,49022,3887,32.0,360.0,1.0,676,34,2,Rural,0.168,N
Male,No,3+,Graduate,Yes,50724,0,7.9,360.0,1.0,761,46,0,Rural,0.0433,Y
Male,Yes,0,Graduate,No,33451,0,24.9,360.0,1.0,741,28,0,Urban,0.2068,Y
Male,Yes,1,Graduate,No,56959,31049,64.1,180.0,1.0,716,21,0,Semiurban,0.4046,Y
Female,Yes,0,Not Graduate,No,67954,20382,10.1,360.0,0.0,504,51,1,Semiurban,0.0318,N
Male,Yes,1,Graduate,No,45627,14458,31.3,240.0,0.0,637,37,0,Rural,0.2171,Y
Male,Yes,0,Graduate,No,154141,11697,12.3,300.0,1.0,537,52,0,Rural,0.0247,Y
Male,No,0,Not Graduate,No,20295,0,39.6,240.0,0.0,498,45,1,Urban,0.813,N
,No,1,Graduate,No,48121,0,20.9,240.0,1.0,661,45,0,Urban,0.181,Y
Female,No,0,Graduate,,24657,0,19.9,360.0,1.0,690,40,0,Urban,0.2242,Y
Male,Yes,0,Graduate,No,68866,55919,41.4,120.0,1.0,718,40,1,Urban,0.2765,Y
Male,No,0,Not Graduate,No,20116,0,29.2,360.0,1.0,835,50,1,Semiurban,0.4032,Y
Male,Yes,0,Graduate,No,22766,0,12.4,240.0,1.0,767,47,2,Semiurban,0.2269,Y
Male,Yes,0,Not Graduate,No,32319,37586,58.7,240.0,1.0,725,32,0,Urban,0.3499,Y
Female,No,0,Not Graduate,No,50661,0,8.0,360.0,1.0,680,43,2,Semiurban,0.0439,Y
Female,Yes,0,Graduate,No,32934,12205,23.7,360.0,1.0,681,31,1,Rural,0.1458,Y
Female,Yes,0,Not Graduate,No,33100,46549,12.3,360.0,1.0,608,35,0,Semiurban,0.0429,Y
Female,Yes,3+,Graduate,Yes,40520,0,8.2,180.0,1.0,520,44,0,Urban,0.1124,Y
Male,Yes,0,Graduate,No,39296,21158,10.2,360.0,1.0,595,31,1,Semiurban,0.0469,Y
Female,No,0,Graduate,No,93314,0,19.5,300.0,1.0,815,40,1,Semiurban,0.0697,Y
Male,Yes,0,Not Graduate,No,62502,43734,24.8,360.0,1.0,646,42,2,Rural,0.0648,Y
Male,No,2,Graduate,No,37711,0,37.9,360.0,1.0,663,34,0,Urban,0.2792,Y
Female,Yes,1,Graduate,Yes,126564,39676,48.7,,1.0,802,46,1,Semiurban,0.0814,Y
Male,Yes,0,Graduate,No,56717,0,23.7,360.0,1.0,472,33,1,Semiurban,0.1161,Y
Female,Yes,1,Graduate,No,27324,0,15.4,360.0,0.0,537,48,2,Semiurban,0.1566,N
Male,Yes,1,Graduate,No,50426,5259,37.5,360.0,1.0,611,39,1,Semiurban,0.1871,Y
Female,Yes,1,Graduate,No,57974,19981,13.9,360.0,1.0,736,40,0,Urban,0.0495,Y
Female,No,1,Graduate,No,31451,0,7.7,180.0,1.0,760,28,2,Semiurban,0.136,Y
Female,No,2,Graduate,No,26206,0,35.3,300.0,1.0,762,35,2,Urban,0.449,Y
Female,No,2,Graduate,No,46315,0,44.4,300.0,0.0,726,40,0,Urban,0.3195,N
Female,No,1,Graduate,No,37045,0,12.3,360.0,1.0,760,49,0,Semiurban,0.0922,Y
Male,No,0,Not Graduate,No,92926,0,65.1,360.0,1.0,732,34,2,Urban,0.1946,Y
Male,Yes,1,Not Graduate,No,64253,15241,28.5,360.0,1.0,850,49,0,Urban,0.0996,Y
Male,No,2,Graduate,No,32196,0,26.1,360.0,1.0,518,30,0,Semiurban,0.2252,Y
Female,Yes,0,Graduate,Yes,54884,28753,14.7,360.0,0.0,788,42,1,Semiurban,0.0488,N
Male,Yes,3+,Not Graduate,No,83580,14753,37.0,240.0,,850,32,0,Urban,0.1568,Y
Female,Yes,0,Graduate,No,22095,21533,8.0,120.0,1.0,697,55,3,Semiurban,0.1528,Y
Male,Yes,0,Graduate,No,26599,55364,16.4,240.0,1.0,646,53,0,Urban,0.0834,Y
Male,Yes,2,Graduate,No,44109,12328,12.9,120.0,1.0,651,41,0,Urban,0.1905,Y
Female,No,0,Graduate,Yes,45153,0,9.2,240.0,1.0,684,32,0,Semiurban,0.0849,Y
Male,Yes,0,Graduate,No,43213,0,33.7,360.0,1.0,818,21,0,Urban,0.2166,Y
Male,Yes,0,Graduate,No,37972,0,24.6,240.0,1.0,488,42,0,Rural,0.2699,Y
Male,Yes,0,Not Graduate,No,37683,0,32.6,180.0,,850,40,2,Urban,0.4806,Y
Female,Yes,0,Graduate,No,53752,48652,17.0,360.0,1.0,710,47,0,Rural,0.0461,Y
Female,Yes,0,Graduate,No,78196,0,36.3,360.0,1.0,816,22,1,Rural,0.1289,Y
Male,Yes,0,Not Graduate,No,34875,39528,,360.0,1.0,599,40,1,Rural,0.0784,Y
Male,Yes,3+,Not Graduate,No,150121,30684,15.1,180.0,1.0,775,43,1,Semiurban,0.0464,Y
Male,Yes,3+,Not Graduate,Yes,118225,28444,13.7,360.0,1.0,745,28,2,Rural,0.0259,Y
Female,No,0,Not Graduate,Yes,86217,0,6.1,360.0,1.0,761,39,1,Rural,0.0197,Y
Female,No,1,Graduate,Yes,60551,0,40.4,240.0,0.0,528,30,0,Urban,0.278,Y
Male,Yes,0,Not Graduate,No,121054,20418,37.7,360.0,1.0,676,29,0,Semiurban,0.074,Y
Male,Yes,0,Not Graduate,Yes,38367,32268,116.3,,1.0,599,32,1,Urban,1.3721,N
Male,Yes,0,Graduate,No,29252,0,16.4,360.0,0.0,659,35,2,Semiurban,0.1557,Y
Female,No,3+,Graduate,Yes,34099,0,13.5,360.0,1.0,831,52,0,Semiurban,0.11,Y
Female,Yes,3+,Graduate,No,26864,42529,7.2,240.0,1.0,735,34,0,Urban,0.0432,Y
Male,Yes,0,Not Graduate,No,47141,2868,35.7,300.0,1.0,469,29,1,Rural,0.238,Y
Male,No,0,Graduate,Yes,51530,0,31.1,300.0,1.0,832,47,0,Urban,0.2012,Y
Male,Yes,,Graduate,No,49041,6002,51.0,360.0,1.0,721,49,3,Rural,0.2574,N
Female,Yes,0,Graduate,No,44081,26037,11.6,300.0,0.0,351,47,0,Urban,0.0551,N
Male,Yes,1,Graduate,Yes,47409,17845,30.9,120.0,1.0,557,53,0,Semiurban,0.3946,Y
Female,No,0,Graduate,No,105679,0,14.7,240.0,1.0,615,40,0,Urban,0.058,Y
Female,No,2,Graduate,No,60477,0,45.0,240.0,1.0,710,40,1,Urban,0.31,Y
Male,No,0,Not Graduate,No,70351,0,27.7,360.0,1.0,618,30,1,Semiurban,0.1094,Y
Male,Yes,3+,Graduate,Yes,48796,42489,7.9,360.0,1.0,630,53,2,Urban,0.024,Y
Male,Yes,1,Graduate,No,19776,17628,18.6,300.0,1.0,792,37,1,Semiurban,0.1658,Y
Female,No,0,Graduate,No,17909,0,6.2,120.0,1.0,817,35,0,Rural,0.2885,Y
Female,No,2,Graduate,Yes,125669,0,10.0,360.0,1.0,795,34,0,Urban,0.0221,Y
Female,Yes,2,Graduate,No,33999,68124,10.4,360.0,1.0,563,45,1,Rural,0.0283,Y
Male,No,0,Graduate,No,32586,0,13.7,240.0,1.0,795,39,0,Urban,0.1752,Y
Male,Yes,0,Graduate,No,50153,32756,17.2,300.0,1.0,667,40,0,Urban,0.0692,Y
Female,Yes,3+,Graduate,No,58408,151095,22.2,240.0,1.0,850,34,0,Urban,0.0442,Y
Female,No,0,Graduate,No,62220,0,21.5,300.0,1.0,733,36,0,Rural,0.1152,Y
Male,Yes,0,Graduate,No,107711,12987,19.8,360.0,1.0,819,36,0,Urban,0.0456,Y
Female,No,0,Graduate,No,93936,0,24.5,300.0,1.0,760,54,2,Rural,0.0869,Y
Female,Yes,2,Graduate,No,29571,0,9.5,300.0,1.0,749,21,1,Rural,0.1071,Y
Female,Yes,2,Graduate,No,71996,11394,21.0,360.0,1.0,677,43,3,Urban,0.07,Y
Female,No,3+,Not Graduate,No,36606,0,47.5,360.0,1.0,819,50,1,Semiurban,0.3604,Y
Female,No,0,Not Graduate,,41409,0,18.2,240.0,0.0,674,21,1,Rural,0.1831,N
Female,Yes,0,Graduate,No,25668,20235,27.0,300.0,1.0,680,37,0,Urban,0.1961,Y
Male,Yes,1,Graduate,No,19024,24870,25.6,360.0,1.0,670,49,1,Urban,0.162,Y
Male,Yes,2,Graduate,No,43661,0,33.7,300.0,0.0,526,30,1,Semiurban,0.2573,N
Female,Yes,0,Graduate,No,27502,0,23.9,360.0,1.0,784,41,0,Rural,0.2414,Y
Male,No,0,Not Graduate,No,70538,0,33.4,300.0,0.0,611,28,0,Rural,0.1578,Y
Male,No,0,Not Graduate,No,38540,0,27.2,180.0,1.0,736,38,0,Urban,0.3921,Y
Male,Yes,1,Not Graduate,No,51756,0,29.8,240.0,0.0,558,52,0,Urban,0.2399,N
Male,Yes,2,Not Graduate,No,87883,0,26.2,300.0,1.0,841,57,1,Rural,0.0994,Y
Female,Yes,1,Not Graduate,No,21107,20347,11.0,300.0,0.0,456,41,1,Urban,0.0884,N
Female,No,3+,Graduate,No,30875,0,9.9,360.0,1.0,780,24,1,Semiurban,0.0891,Y
Male,Yes,0,Graduate,No,48554,17646,16.2,360.0,1.0,798,35,1,Urban,0.068,Y
Male,Yes,3+,Not Graduate,No,51858,8925,51.0,360.0,0.0,561,21,1,Rural,0.2331,N
Male,Yes,2,Graduate,No,77014,64835,18.1,360.0,1.0,580,35,0,Rural,0.0354,Y
Female,Yes,0,Graduate,Yes,68431,49589,24.2,360.0,1.0,744,49,1,Urban,0.057,Y
Female,Yes,3+,Graduate,No,46559,0,6.2,360.0,1.0,818,23,1,Urban,0.037,Y
Male,Yes,0,Not Graduate,Yes,51622,15649,22.6,360.0,1.0,850,36,0,Semiurban,0.0933,Y
Female,No,2,Graduate,Yes,52341,0,21.1,300.0,1.0,769,29,1,Urban,0.1344,N
Female,No,2,Graduate,No,21272,0,4.0,180.0,0.0,535,58,1,Semiurban,0.1045,N
Female,No,2,Not Graduate,No,41020,0,23.9,360.0,1.0,772,42,1,Semiurban,0.1618,Y
Female,,1,Graduate,No,50223,38034,7.5,360.0,1.0,755,47,0,Urban,0.0236,Y
Male,Yes,0,Not Graduate,No,55786,24259,13.0,360.0,1.0,739,41,2,Urban,0.0451,Y
Female,Yes,0,Graduate,Yes,27940,20735,36.5,360.0,1.0,630,46,0,Rural,0.2083,Y
Male,Yes,0,Graduate,No,23520,24182,22.1,360.0,0.0,644,50,1,Semiurban,0.1287,Y
Female,No,2,Not Graduate,No,39448,0,15.3,300.0,1.0,752,38,0,Urban,0.1293,Y
Female,Yes,2,Graduate,Yes,118620,15527,14.6,360.0,1.0,850,32,1,Semiurban,0.0302,Y
Female,Yes,3+,Graduate,No,29448,0,15.6,360.0,1.0,718,28,0,Rural,0.1471,Y
Female,No,0,Graduate,No,79775,0,22.1,360.0,1.0,850,57,0,Semiurban,0.077,Y
Male,No,2,Graduate,No,97965,0,9.8,300.0,1.0,835,47,1,Urban,0.0333,Y
,Yes,3+,Graduate,No,45376,18762,,360.0,1.0,714,21,3,Urban,0.1706,Y
Female,Yes,2,Graduate,No,31574,10600,10.1,360.0,1.0,821,35,2,Rural,0.0665,Y
Female,Yes,0,Graduate,No,57320,22583,7.1,360.0,1.0,639,43,3,Rural,0.0247,Y
Male,Yes,0,Not Graduate,No,48898,90043,36.4,180.0,1.0,693,56,2,Semiurban,0.1455,Y
Male,Yes,0,Graduate,Yes,28867,0,15.5,,1.0,662,26,1,Urban,0.1491,Y
Male,Yes,1,Graduate,No,31908,40949,21.0,300.0,1.0,696,43,0,Semiurban,0.0961,Y
Female,No,1,Graduate,No,55647,0,29.7,360.0,1.0,530,34,0,Rural,0.1483,Y
Female,Yes,3+,Graduate,No,70737,0,13.0,360.0,0.0,752,25,0,Urban,0.051,Y
Male,Yes,0,Not Graduate,No,37745,13487,21.8,180.0,1.0,683,53,0,Urban,0.2364,Y
Male,Yes,0,Graduate,No,42849,32941,29.6,360.0,1.0,781,27,0,Semiurban,0.1085,Y
Female,Yes,,Not Graduate,Yes,61965,28205,53.8,300.0,,612,49,1,Rural,0.1989,N
Female,No,2,Graduate,No,40691,0,14.8,360.0,1.0,686,21,1,Urban,0.101,Y
Male,Yes,3+,Graduate,Yes,38190,94051,15.2,360.0,0.0,475,33,0,Semiurban,0.0319,Y
Female,Yes,2,Graduate,No,30404,24759,28.2,300.0,0.0,508,44,0,Semiurban,0.1704,N
,Yes,0,Graduate,No,30141,9561,22.8,360.0,1.0,689,46,0,Semiurban,0.1595,Y
Male,No,1,Graduate,No,168458,0,18.5,360.0,0.0,547,43,3,Semiurban,0.0305,Y
Male,Yes,2,Graduate,Yes,40211,26084,52.2,360.0,1.0,622,49,3,Semiurban,0.2187,Y
Female,No,0,Graduate,No,87775,0,7.3,300.0,1.0,648,35,0,Urban,0.0277,Y
Female,Yes,0,Not Graduate,No,102950,19192,8.6,360.0,1.0,752,53,1,Urban,0.0196,Y
Female,Yes,0,Not Graduate,No,40466,16542,7.4,240.0,1.0,789,42,0,Semiurban,0.0541,Y
Female,Yes,0,Graduate,No,53328,8435,41.3,360.0,1.0,605,46,0,Urban,0.1857,Y
Male,No,1,Graduate,Yes,46688,0,27.4,360.0,0.0,511,42,1,Semiurban,0.163,Y
Male,No,0,Graduate,No,19809,0,8.8,360.0,1.0,729,43,2,Semiurban,0.1234,Y
Male,Yes,0,Not Graduate,No,20415,18848,18.7,180.0,1.0,695,27,0,Urban,0.2646,Y
Male,Yes,0,Graduate,No,45453,30223,19.8,360.0,0.0,557,28,0,Semiurban,0.0727,Y
Female,Yes,1,Graduate,No,35866,0,5.3,360.0,1.0,793,32,0,Semiurban,0.041,Y
Female,Yes,0,Graduate,No,114210,8983,22.5,300.0,1.0,727,44,1,Urban,0.0609,Y
Male,Yes,1,Graduate,No,39408,29851,9.9,360.0,0.0,444,32,2,Semiurban,0.0397,N
Male,No,0,Graduate,Yes,117649,0,30.7,360.0,1.0,638,35,1,Rural,0.0725,Y
Female,No,0,Graduate,No,34955,0,10.1,300.0,1.0,561,37,1,Semiurban,0.0963,Y
Male,Yes,0,Not Graduate,No,115393,67983,22.9,360.0,1.0,694,54,0,Semiurban,0.0347,Y
Male,Yes,,Graduate,No,57137,0,43.7,360.0,1.0,590,45,1,Urban,0.2124,Y
Female,No,0,Graduate,No,58785,0,36.0,360.0,1.0,552,22,1,Urban,0.1701,Y
Female,No,0,Graduate,Yes,34342,0,27.2,360.0,1.0,525,40,2,Urban,0.22,Y
Male,Yes,2,Graduate,Yes,59187,0,19.1,300.0,1.0,850,35,0,Rural,0.1076,Y
Male,Yes,1,Not Graduate,Yes,103400,30211,8.2,360.0,0.0,467,35,1,Urban,0.017,Y
Female,Yes,0,Not Graduate,Yes,41257,29171,15.4,360.0,1.0,682,38,0,Urban,0.0607,Y
Male,Yes,0,Graduate,No,37433,46518,17.5,360.0,1.0,715,50,0,Semiurban,0.0579,Y
Male,Yes,3+,Graduate,No,39207,54540,16.8,360.0,1.0,721,29,2,Urban,0.0498,Y
Female,Yes,1,Graduate,No,99713,89672,8.0,300.0,1.0,766,40,1,Urban,0.0141,Y
Male,Yes,0,Graduate,No,68028,12261,26.1,360.0,1.0,705,41,1,Semiurban,0.0903,Y
Female,Yes,1,Graduate,No,91477,14744,9.9,300.0,1.0,669,36,0,Urban,0.0311,Y
Male,Yes,2,Not Graduate,No,51886,28363,50.8,360.0,1.0,730,31,1,Semiurban,0.1758,Y
Female,Yes,2,Graduate,No,45237,12767,22.0,360.0,,729,30,0,Urban,0.1054,Y
Male,No,0,Graduate,No,54829,0,36.1,300.0,0.0,595,33,0,Urban,0.2195,Y
Male,No,0,Not Graduate,No,75741,0,35.7,300.0,0.0,648,46,0,Rural,0.1571,N
Male,Yes,0,Graduate,No,39200,0,69.9,360.0,1.0,654,34,2,Rural,0.4953,Y
Male,Yes,3+,Not Graduate,No,87934,53807,22.4,360.0,1.0,692,37,0,Rural,0.0439,Y
Female,No,1,Graduate,No,53259,0,15.9,240.0,1.0,591,25,2,Rural,0.1244,Y
Female,Yes,0,Not Graduate,No,13318,30461,16.1,300.0,1.0,688,33,2,Semiurban,0.1226,Y
Male,Yes,3+,Graduate,Yes,68992,26106,49.3,300.0,1.0,653,41,0,Semiurban,0.1728,Y
Male,Yes,3+,Graduate,No,23479,22300,9.1,300.0,1.0,805,21,3,Semiurban,0.0663,Y
Female,Yes,3+,Graduate,No,68158,12442,11.9,360.0,1.0,578,49,3,Rural,0.041,Y
Female,Yes,2,Graduate,No,69617,0,23.2,360.0,1.0,667,31,1,Semiurban,0.0926,Y
Female,No,3+,Graduate,No,52310,0,18.3,360.0,1.0,663,57,0,Urban,0.0972,Y
Male,Yes,0,Not Graduate,No,58212,0,35.9,360.0,1.0,770,43,0,Rural,0.1713,Y
Male,Yes,2,Not Graduate,No,76837,6350,9.0,180.0,1.0,595,21,0,Rural,0.0601,Y
Female,No,2,Graduate,Yes,34620,0,19.3,360.0,1.0,710,41,0,Rural,0.1549,Y
Male,Yes,0,Graduate,No,65954,0,18.0,360.0,1.0,717,35,1,Urban,0.0758,Y
Female,Yes,0,Not Graduate,No,79341,0,10.6,360.0,1.0,793,41,1,Urban,0.0371,Y
Male,Yes,3+,Not Graduate,Yes,106942,18001,34.0,180.0,1.0,633,56,1,Urban,0.1512,Y
Female,Yes,0,Graduate,No,25517,35336,19.0,240.0,1.0,592,46,0,Semiurban,0.1301,Y
Male,Yes,2,Not Graduate,No,54408,0,18.5,360.0,1.0,753,36,0,Urban,0.0944,Y
Female,Yes,0,Graduate,Yes,27426,18971,12.2,300.0,0.0,464,23,3,Urban,0.0876,N
Male,Yes,0,Graduate,No,26850,9921,16.1,360.0,1.0,663,48,1,Urban,0.1216,Y
Female,No,0,Graduate,No,53078,0,10.9,360.0,1.0,689,44,2,Urban,0.057,Y
Male,Yes,0,Not Graduate,No,46107,16619,33.7,120.0,1.0,765,51,0,Semiurban,0.4477,Y
Male,Yes,1,Graduate,No,78629,10035,37.3,360.0,1.0,571,36,2,Rural,0.1169,Y
Male,Yes,1,Graduate,No,37306,0,55.0,360.0,1.0,683,41,1,Urban,0.4095,Y
Male,Yes,0,Graduate,Yes,41480,21132,26.1,300.0,1.0,712,35,0,Semiurban,0.1389,Y
Female,Yes,0,Graduate,No,49304,104715,16.4,120.0,1.0,633,39,1,Urban,0.0887,Y
Female,No,0,Graduate,No,28828,0,15.2,240.0,0.0,558,21,2,Urban,0.2197,N
Female,Yes,0,Graduate,No,30899,44684,27.0,240.0,,790,42,0,Semiurban,0.1488,Y
Male,Yes,2,Graduate,No,77501,38487,22.7,360.0,0.0,544,42,1,Semiurban,0.0544,N
Female,No,0,Graduate,Yes,33709,0,18.1,360.0,1.0,677,32,3,Rural,0.1491,Y
Male,Yes,0,Not Graduate,No,80117,27380,17.2,240.0,1.0,790,45,2,Semiurban,0.0667,Y
Male,Yes,0,Graduate,No,60093,47495,40.6,360.0,1.0,690,48,1,Rural,0.1048,Y
Male,No,0,Not Graduate,Yes,20460,0,15.5,360.0,0.0,710,53,0,Urban,0.2104,N
Male,No,0,Graduate,No,57826,0,45.1,360.0,1.0,563,27,0,Urban,0.2166,Y
Female,No,0,Graduate,No,57598,0,22.4,360.0,0.0,565,45,1,Urban,0.108,N
,Yes,2,Graduate,No,54801,123502,16.1,240.0,1.0,780,53,0,Rural,0.0376,Y
Female,Yes,3+,Graduate,No,41318,39641,12.5,180.0,0.0,525,34,3,Urban,0.0858,N
Male,No,2,Graduate,Yes,27722,0,18.3,300.0,1.0,689,53,1,Urban,0.22,Y
Male,Yes,0,Not Graduate,No,86952,20914,27.2,360.0,1.0,824,30,0,Semiurban,0.07,Y
Male,Yes,0,Not Graduate,No,42159,0,16.0,360.0,0.0,520,39,0,Urban,0.1054,N
,No,0,Graduate,No,28518,0,33.5,360.0,0.0,633,21,0,Urban,0.3263,N
Male,Yes,1,Graduate,No,55756,0,15.5,360.0,0.0,657,21,1,Urban,0.0772,N
,No,3+,Not Graduate,No,30596,0,18.6,300.0,1.0,717,21,0,Urban,0.2026,Y
Male,Yes,0,Graduate,No,27597,101374,9.3,360.0,0.0,594,54,0,Semiurban,0.02,Y
Female,Yes,0,Graduate,No,36764,0,28.1,240.0,1.0,618,29,1,Semiurban,0.3185,Y
,Yes,1,Not Graduate,No,31803,0,17.1,360.0,0.0,656,29,0,Urban,0.1494,Y
Female,No,2,Not Graduate,No,28110,0,51.8,300.0,1.0,597,42,1,Urban,0.6142,N
Female,Yes,2,Graduate,Yes,66384,29116,30.7,240.0,0.0,625,30,0,Rural,0.1339,N
Female,Yes,1,Graduate,No,41902,39597,21.1,240.0,1.0,663,51,3,Semiurban,0.1079,Y
Male,No,3+,Graduate,No,82962,0,41.9,360.0,1.0,674,59,0,Semiurban,0.1403,Y
Female,No,0,Not Graduate,No,28933,0,25.6,360.0,1.0,692,21,0,Semiurban,0.2458,Y
Female,No,3+,Not Graduate,No,18699,0,36.8,240.0,1.0,755,44,1,Urban,0.82,Y
Male,Yes,3+,Graduate,Yes,47781,72056,12.0,240.0,1.0,850,21,0,Rural,0.0417,Y
Male,Yes,2,Not Graduate,No,112195,59313,26.5,300.0,1.0,720,23,0,Semiurban,0.0515,Y
Female,No,0,Not Graduate,No,57843,0,27.2,180.0,1.0,645,43,1,Urban,0.2612,Y
Male,Yes,0,Graduate,,221391,32997,7.9,180.0,0.0,460,28,0,Semiurban,0.0173,Y
Male,Yes,0,Not Graduate,No,52367,31412,49.6,360.0,1.0,814,41,0,Urban,0.1645,Y
Female,Yes,0,Graduate,No,49900,0,10.0,360.0,1.0,726,38,0,Urban,0.0557,Y
Male,No,2,Graduate,No,15098,0,9.2,360.0,1.0,689,21,0,Rural,0.1693,Y
Male,Yes,0,Graduate,No,54939,5476,3.6,180.0,0.0,595,45,1,Rural,0.0331,N
Male,No,0,Not Graduate,No,48259,0,26.7,360.0,1.0,779,41,0,Urban,0.1537,Y
Male,Yes,2,Graduate,No,36181,5214,7.5,300.0,0.0,553,38,0,Urban,0.0604,N
Male,Yes,0,Graduate,No,41424,46942,14.7,300.0,1.0,650,31,0,Rural,0.0555,Y
Female,Yes,0,Not Graduate,No,42871,28908,33.2,180.0,1.0,592,42,0,Urban,0.257,Y
Male,Yes,0,Graduate,No,40540,5333,22.5,360.0,0.0,493,24,0,Semiurban,0.1362,N
Male,Yes,1,Not Graduate,No,126103,0,13.8,360.0,1.0,679,27,0,Semiurban,0.0304,Y
Male,Yes,0,Graduate,No,36848,87322,7.7,360.0,1.0,807,42,0,Semiurban,0.0172,Y
Female,Yes,2,Graduate,No,48274,20172,18.8,180.0,1.0,664,49,0,Semiurban,0.1526,Y
Male,No,0,Graduate,No,36245,0,33.6,360.0,0.0,613,33,1,Semiurban,0.2575,N
Male,No,3+,Not Graduate,No,65625,0,30.6,360.0,1.0,811,43,3,Rural,0.1295,Y
Female,No,0,Graduate,No,48455,0,58.7,180.0,0.0,624,40,2,Urban,0.673,N
Female,Yes,0,Graduate,Yes,38563,32045,13.6,240.0,1.0,850,43,0,Rural,0.0803,Y
Male,Yes,0,Not Graduate,No,16933,0,9.1,360.0,1.0,716,30,0,Urban,0.1493,Y
Female,Yes,0,Graduate,No,50094,17228,24.2,360.0,1.0,696,36,0,Urban,0.0999,Y
Male,No,0,Not Graduate,No,37995,0,22.8,360.0,1.0,676,38,0,Urban,0.1667,Y
Male,No,0,Not Graduate,No,43029,0,20.0,360.0,1.0,850,54,1,Semiurban,0.1291,Y
Male,No,0,Graduate,No,24557,0,12.8,360.0,1.0,820,26,3,Urban,0.1448,Y
Male,Yes,1,Graduate,No,90821,27482,4.1,360.0,1.0,579,23,2,Rural,0.0096,Y
Female,Yes,0,Graduate,No,68075,8136,11.0,360.0,1.0,850,70,1,Semiurban,0.0401,Y
Male,Yes,0,Graduate,No,90704,0,28.1,240.0,,755,41,0,Urban,0.1291,Y
Male,Yes,2,Not Graduate,No,78707,44693,23.8,360.0,1.0,722,44,0,Semiurban,0.0536,Y
Female,Yes,3+,Not Graduate,No,59645,28662,35.8,300.0,0.0,637,45,0,Rural,0.1351,N
Female,No,0,Graduate,No,25056,0,24.7,300.0,0.0,504,46,1,Semiurban,0.3286,N
Male,Yes,0,Graduate,No,111490,0,31.2,180.0,0.0,608,48,1,Urban,0.1555,Y
Female,Yes,3+,Graduate,No,27894,21126,31.8,360.0,1.0,682,47,1,Rural,0.1802,Y
Male,Yes,0,Graduate,No,38785,22360,20.3,180.0,1.0,678,50,2,Semiurban,0.1844,Y
Female,No,3+,Graduate,No,63162,0,20.4,360.0,1.0,796,40,1,Urban,0.0897,Y
Female,Yes,0,Graduate,No,64749,16149,3.5,360.0,1.0,686,50,0,Urban,0.012,Y
Female,No,2,Graduate,No,59049,0,13.5,360.0,0.0,599,59,0,Semiurban,0.0635,Y
Male,No,0,Graduate,No,36310,0,13.9,240.0,0.0,619,40,0,Rural,0.1595,Y
Male,Yes,3+,Graduate,No,32746,28241,18.8,360.0,1.0,795,43,0,Urban,0.0856,Y
Male,Yes,0,Graduate,No,157513,29364,11.5,360.0,0.0,704,32,0,Urban,0.0171,Y
Male,Yes,1,Not Graduate,No,43492,0,35.3,240.0,1.0,711,36,1,Rural,0.3382,Y
Male,Yes,0,Graduate,Yes,40909,0,11.8,180.0,0.0,556,42,1,Urban,0.1602,N
Female,No,0,Not Graduate,No,31046,0,38.9,360.0,1.0,850,34,1,Rural,0.348,Y
Male,No,2,Graduate,No,50128,0,11.3,300.0,1.0,478,39,1,Urban,0.0751,Y
Male,Yes,0,Not Graduate,No,48972,11512,14.0,240.0,1.0,788,42,0,Semiurban,0.0964,Y
Female,Yes,3+,Not Graduate,No,43997,7448,13.4,360.0,0.0,577,55,1,Urban,0.0724,N
Male,Yes,0,Graduate,No,53684,61224,14.9,360.0,1.0,761,28,1,Rural,0.036,Y
Female,Yes,2,Graduate,No,107127,13503,40.7,300.0,0.0,594,43,0,Semiurban,0.1125,Y
Male,Yes,0,Not Graduate,No,32941,0,16.5,180.0,1.0,825,31,0,Rural,0.2783,Y
Male,Yes,3+,Graduate,No,45322,16444,16.8,240.0,0.0,628,46,1,Semiurban,0.1133,Y
Male,Yes,3+,Not Graduate,No,32083,18126,12.9,240.0,0.0,462,47,3,Urban,0.1071,N
Male,No,0,Not Graduate,No,51398,0,17.2,300.0,1.0,578,56,0,Urban,0.1115,Y
Female,Yes,2,Graduate,No,33382,17506,22.9,300.0,0.0,571,33,3,Semiurban,0.15,N
Male,,2,Graduate,,34108,139158,17.7,120.0,1.0,765,40,0,Semiurban,0.0851,Y
Male,,0,Graduate,No,21381,23031,18.4,360.0,0.0,708,47,1,Rural,0.1151,N
Male,No,1,Not Graduate,No,46579,0,37.0,360.0,,650,45,2,Urban,0.2206,N
Male,Yes,0,Graduate,No,54989,41182,23.7,120.0,1.0,511,21,0,Semiurban,0.2054,Y
Female,Yes,2,Graduate,No,112447,28360,10.1,360.0,1.0,749,30,0,Rural,0.0199,Y
Male,Yes,0,Graduate,No,56092,66469,19.1,180.0,1.0,714,44,0,Urban,0.0866,Y
Female,No,0,Not Graduate,No,35424,0,14.5,360.0,1.0,723,36,0,Rural,0.1137,Y
Female,Yes,0,Graduate,No,22475,0,27.5,360.0,1.0,611,47,3,Semiurban,0.3399,Y
Male,No,1,Graduate,No,24085,0,21.4,360.0,0.0,697,49,0,Semiurban,0.2468,N
Female,No,2,Graduate,No,23206,0,39.6,300.0,1.0,637,36,2,Urban,0.5688,N
Male,No,3+,Graduate,No,113439,0,12.9,180.0,1.0,738,45,1,Urban,0.0632,Y
Male,Yes,0,Not Graduate,No,51221,13720,17.9,180.0,0.0,615,54,0,Urban,0.1531,N
Male,Yes,0,Graduate,Yes,33141,75101,10.6,180.0,0.0,639,49,0,Rural,0.0544,N
,Yes,1,Not Graduate,No,27449,0,19.6,360.0,1.0,643,30,1,Rural,0.1983,Y
Female,No,1,Not Graduate,No,28910,0,8.0,360.0,1.0,627,36,1,Urban,0.0769,Y
Male,Yes,0,Graduate,No,32707,4238,24.4,360.0,1.0,787,38,0,Rural,0.1835,Y
Female,Yes,0,Graduate,No,85659,19071,19.4,300.0,1.0,760,28,2,Semiurban,0.0617,Y
Male,No,0,Graduate,Yes,43697,0,22.0,360.0,1.0,740,50,0,Rural,0.1398,Y
Male,Yes,0,Graduate,No,21510,15588,32.2,180.0,1.0,811,31,1,Urban,0.4822,Y
Male,Yes,2,Graduate,No,140819,10529,23.0,360.0,1.0,741,37,1,Urban,0.0422,Y
Female,Yes,0,Not Graduate,No,25082,0,9.3,180.0,1.0,677,50,2,Semiurban,0.206,Y
Female,Yes,2,Graduate,No,33011,82310,14.4,360.0,1.0,757,33,0,Urban,0.0347,Y
Male,No,0,Not Graduate,No,85398,0,19.1,300.0,1.0,751,34,0,Semiurban,0.0746,Y
Male,Yes,0,Graduate,No,54588,59211,16.5,240.0,1.0,753,42,0,Semiurban,0.0604,Y
Male,Yes,2,Graduate,Yes,35068,18865,17.8,360.0,0.0,511,34,0,Urban,0.0917,Y
Male,Yes,1,Not Graduate,No,23964,0,53.1,360.0,0.0,502,55,1,Urban,0.6155,N
Male,No,0,Graduate,No,27355,0,21.3,360.0,1.0,789,28,0,Rural,0.2163,Y
Female,No,1,Graduate,No,28191,0,25.3,300.0,0.0,577,21,1,Urban,0.2991,N
Male,Yes,0,Graduate,No,44512,19054,6.0,300.0,1.0,535,47,2,Urban,0.0315,Y
Male,Yes,2,Graduate,No,48802,0,31.4,240.0,1.0,587,34,0,Semiurban,0.2681,N
Male,Yes,0,Graduate,No,41179,12475,111.2,360.0,1.0,591,29,1,Semiurban,0.5757,N
Female,No,1,Graduate,No,43495,0,45.0,180.0,1.0,806,42,1,Semiurban,0.5748,Y
Female,Yes,0,Graduate,Yes,26229,21250,15.4,360.0,0.0,586,43,0,Rural,0.0901,Y
Male,No,0,Graduate,Yes,51358,0,78.9,,1.0,713,30,0,Urban,0.4267,Y
Female,Yes,,Not Graduate,Yes,84142,11718,20.4,360.0,1.0,678,51,0,Urban,0.0591,Y
Male,Yes,2,Graduate,No,40889,24533,24.1,360.0,1.0,615,47,2,Rural,0.1023,Y
Male,Yes,0,Graduate,Yes,40492,63187,17.1,360.0,1.0,778,60,0,Rural,0.0458,Y
Male,,0,Graduate,No,46235,0,16.8,300.0,1.0,769,33,2,Semiurban,0.1211,Y
Male,Yes,0,Graduate,No,77583,23395,5.2,300.0,,647,40,1,Urban,0.0172,Y
Male,No,1,Graduate,No,28357,0,32.2,240.0,1.0,836,41,0,Urban,0.4731,Y
Female,Yes,2,Graduate,No,91622,13662,16.8,300.0,1.0,777,34,1,Urban,0.0532,Y
Female,Yes,1,Graduate,No,54754,10989,17.9,180.0,1.0,633,42,1,Semiurban,0.1513,Y
,Yes,0,Graduate,No,44997,0,23.7,360.0,1.0,684,43,0,Urban,0.1463,Y
Male,No,2,Graduate,No,81358,0,15.7,240.0,1.0,677,43,0,Urban,0.0804,Y
Male,Yes,0,Not Graduate,No,24562,37441,23.5,360.0,1.0,738,34,0,Semiurban,0.1053,Y
Female,No,0,Graduate,No,57585,0,41.3,360.0,1.0,581,36,0,Semiurban,0.1992,Y
Male,No,1,Graduate,No,55004,0,25.6,360.0,1.0,647,32,1,Semiurban,0.1293,Y
Male,No,3+,Graduate,No,27786,0,18.3,180.0,1.0,781,30,1,Semiurban,0.3659,Y
Male,Yes,2,Graduate,No,55844,27314,18.7,360.0,1.0,567,37,1,Semiurban,0.0625,Y
Female,No,1,Not Graduate,No,51106,0,22.7,360.0,1.0,692,55,0,Urban,0.1234,Y
Male,No,1,Graduate,No,40564,0,12.2,120.0,1.0,600,60,0,Semiurban,0.2506,Y
Male,Yes,3+,Not Graduate,No,68282,12429,22.8,360.0,1.0,792,52,1,Urban,0.0785,Y
Female,Yes,0,Graduate,No,33327,7595,30.3,300.0,1.0,741,33,1,Urban,0.2468,Y
Male,Yes,0,Graduate,No,50775,34165,21.2,240.0,1.0,578,42,1,Semiurban,0.104,Y
Male,Yes,3+,Not Graduate,No,41530,23542,15.6,300.0,1.0,616,21,0,Semiurban,0.0799,Y
Male,Yes,2,Not Graduate,No,32619,10401,16.9,120.0,1.0,711,36,0,Semiurban,0.3274,Y
Male,Yes,0,Not Graduate,Yes,57036,27257,29.7,360.0,1.0,502,34,0,Semiurban,0.0979,Y
Female,Yes,0,Graduate,No,39980,8132,10.4,240.0,1.0,611,59,0,Rural,0.0901,Y
Male,Yes,0,Graduate,No,21237,10608,12.3,360.0,1.0,636,41,3,Semiurban,0.1073,N
Male,Yes,0,Graduate,No,18024,13398,7.7,360.0,0.0,706,39,0,Semiurban,0.0681,Y
Female,Yes,3+,Graduate,Yes,65810,0,20.5,360.0,0.0,538,37,2,Semiurban,0.0865,N
Female,Yes,0,Graduate,No,24094,58666,33.7,240.0,0.0,649,35,1,Urban,0.1697,N
Female,Yes,2,Graduate,No,51006,14615,44.7,360.0,0.0,547,44,0,Urban,0.1892,N
Male,Yes,0,Graduate,No,45591,55588,50.9,180.0,0.0,657,31,0,Semiurban,0.2795,N
Male,Yes,0,Graduate,No,36891,22770,13.3,360.0,0.0,450,44,1,Urban,0.0619,N
Female,Yes,0,Not Graduate,No,117988,25986,23.3,360.0,1.0,645,54,0,Semiurban,0.045,Y
Female,No,2,Not Graduate,No,48525,0,15.8,180.0,1.0,700,39,0,Semiurban,0.1809,Y
Male,Yes,1,Graduate,No,64719,19185,54.0,180.0,1.0,726,35,0,Rural,0.3575,Y
Male,No,1,Graduate,No,51144,0,43.9,360.0,1.0,739,37,1,Rural,0.2384,Y
Male,Yes,0,Graduate,No,39507,36983,22.2,120.0,1.0,727,51,1,Urban,0.2419,Y
,Yes,0,Not Graduate,No,43935,11858,13.9,240.0,0.0,636,40,0,Semiurban,0.1038,Y
Male,Yes,0,Graduate,No,91975,0,2.5,240.0,0.0,589,31,3,Urban,0.0113,N
,Yes,0,Not Graduate,No,76424,70862,8.5,300.0,1.0,726,47,1,Urban,0.0192,Y
Male,No,1,Not Graduate,No,117712,0,6.6,240.0,1.0,619,30,2,Rural,0.0234,Y
Female,Yes,1,Graduate,No,49554,26922,8.4,300.0,1.0,564,35,0,Urban,0.0366,Y
Female,Yes,1,Graduate,No,28611,0,62.0,360.0,1.0,609,41,0,Urban,0.6019,Y
Male,Yes,0,Not Graduate,No,35587,0,9.2,360.0,1.0,558,29,1,Rural,0.0718,Y
Female,Yes,0,Graduate,No,24492,21509,10.6,360.0,0.0,610,21,2,Rural,0.064,N
Female,No,0,Graduate,No,65090,0,11.6,360.0,0.0,675,43,1,Rural,0.0495,N
,No,0,Not Graduate,No,33092,0,95.5,300.0,1.0,625,21,1,Rural,0.9619,N
Male,Yes,2,Graduate,No,12000,0,19.3,240.0,1.0,801,28,3,Semiurban,0.6701,N
Male,Yes,1,Not Graduate,No,152038,13152,36.5,360.0,1.0,751,47,0,Urban,0.0614,Y
Female,Yes,0,Not Graduate,No,33346,10951,22.3,,1.0,660,43,2,Semiurban,0.1398,Y
Male,No,0,Not Graduate,No,33246,0,6.1,360.0,1.0,679,36,1,Semiurban,0.051,Y
Female,Yes,2,Graduate,No,102314,11546,50.4,240.0,0.0,690,28,0,Urban,0.1844,N
Female,Yes,1,Graduate,No,24243,35062,25.6,360.0,1.0,501,33,0,Rural,0.1199,Y
Male,No,1,Graduate,No,78300,0,18.7,360.0,1.0,810,44,1,Semiurban,0.0663,Y
Female,Yes,0,Not Graduate,Yes,33067,0,57.7,180.0,0.0,671,37,2,Urban,0.9694,N
Male,Yes,0,Not Graduate,No,22882,42921,16.3,360.0,1.0,657,24,0,Urban,0.0688,Y
Male,No,3+,Graduate,Yes,104074,0,18.4,240.0,1.0,702,28,1,Urban,0.0737,Y
Female,Yes,2,Graduate,No,70372,0,16.3,300.0,1.0,850,33,1,Rural,0.0772,Y
Female,Yes,0,Graduate,Yes,70263,0,38.3,300.0,1.0,592,42,0,Semiurban,0.1817,N
Male,Yes,2,Not Graduate,No,53307,15953,32.7,180.0,1.0,694,39,2,Semiurban,0.2623,Y
Female,Yes,2,Not Graduate,Yes,59847,0,23.7,360.0,1.0,768,24,1,Semiurban,0.11,Y
Female,Yes,0,Not Graduate,No,23955,42944,10.7,360.0,1.0,729,53,2,Semiurban,0.0444,Y
Male,No,0,Not Graduate,No,46902,0,16.1,240.0,0.0,595,30,0,Rural,0.143,N
Female,Yes,0,Not Graduate,Yes,27879,7694,10.7,240.0,1.0,850,43,2,Semiurban,0.1253,Y
Male,No,0,Not Graduate,No,22149,0,40.3,300.0,1.0,610,28,0,Rural,0.6065,Y
Male,No,1,Graduate,No,54474,0,7.8,360.0,1.0,614,65,0,Rural,0.0398,Y
Male,Yes,0,Graduate,No,79148,5209,52.3,180.0,1.0,484,53,0,Rural,0.3444,Y
Female,Yes,2,Not Graduate,No,36619,0,43.5,360.0,0.0,493,29,0,Semiurban,0.33,N
Female,Yes,3+,Graduate,No,39894,13488,11.6,360.0,0.0,530,39,0,Rural,0.0604,N
Male,No,0,Graduate,No,25108,0,15.6,360.0,1.0,739,27,0,Semiurban,0.1726,Y
Male,No,0,Graduate,No,44516,0,13.1,180.0,1.0,796,34,0,Rural,0.1635,Y
Female,Yes,2,Graduate,No,64863,37333,26.0,240.0,1.0,623,43,2,Rural,0.106,Y
Male,No,2,Graduate,No,65891,0,46.9,180.0,0.0,577,47,2,Rural,0.3954,N
Female,Yes,2,Graduate,No,58255,21503,40.9,240.0,1.0,836,24,1,Rural,0.2137,Y
Female,No,0,Graduate,No,32558,0,15.5,360.0,1.0,693,30,0,Semiurban,0.1322,Y
Male,Yes,0,Graduate,Yes,32046,35951,42.6,180.0,1.0,757,48,0,Urban,0.348,Y
Female,Yes,1,Graduate,No,66019,25732,40.6,240.0,1.0,811,53,0,Urban,0.1844,Y
Male,No,3+,Not Graduate,No,66569,0,17.9,360.0,1.0,626,29,0,Rural,0.0747,Y
Female,Yes,0,Graduate,No,40701,16658,20.0,360.0,0.0,488,49,1,Urban,0.0969,N
Female,Yes,3+,Graduate,Yes,35843,21161,50.7,240.0,1.0,850,24,0,Semiurban,0.3706,Y
Female,Yes,0,Graduate,No,79509,5129,,360.0,1.0,762,35,1,Semiurban,0.1244,Y
Male,Yes,3+,Graduate,No,37050,16802,41.9,360.0,1.0,591,25,1,Semiurban,0.2161,Y
Female,Yes,1,Graduate,No,64406,75503,94.7,360.0,0.0,495,34,2,Rural,0.188,N
Male,No,0,Not Graduate,No,41422,0,27.9,360.0,1.0,692,59,3,Semiurban,0.1871,N
Male,Yes,1,Not Graduate,No,26271,23735,24.4,120.0,1.0,835,37,2,Rural,0.4066,N
Male,Yes,0,Graduate,Yes,99325,44313,45.4,360.0,1.0,798,35,1,Semiurban,0.0878,Y
Male,No,0,Graduate,No,47100,0,66.2,360.0,0.0,686,32,0,Rural,0.3904,N
Male,Yes,0,Graduate,No,31090,12701,13.9,360.0,1.0,671,35,0,Urban,0.0882,Y
Female,Yes,,Not Graduate,No,22128,22394,17.8,180.0,1.0,709,29,1,Urban,0.2221,Y
Female,No,0,Not Graduate,No,23272,0,10.9,300.0,1.0,638,40,0,Rural,0.1561,N
Male,No,2,Graduate,No,36811,0,24.7,180.0,0.0,553,38,0,Semiurban,0.3728,N
Female,Yes,1,Graduate,Yes,116141,12254,34.2,360.0,1.0,609,33,1,Semiurban,0.074,Y
Male,No,0,Not Graduate,No,33113,0,11.4,360.0,1.0,632,32,0,Semiurban,0.0956,Y
Female,Yes,2,Not Graduate,No,91466,0,39.7,300.0,1.0,645,40,2,Urban,0.1447,Y
Female,No,1,Graduate,No,41549,0,15.3,120.0,0.0,577,30,1,Semiurban,0.3069,N
Male,Yes,3+,Not Graduate,No,24574,20354,14.6,180.0,,748,35,1,Urban,0.1805,Y
Female,No,1,Graduate,Yes,35010,0,39.6,360.0,1.0,850,33,2,Semiurban,0.3142,Y
Male,Yes,0,Graduate,No,23377,9460,13.8,360.0,1.0,677,21,0,Semiurban,0.1167,Y
Male,No,0,Not Graduate,No,28912,0,8.7,360.0,1.0,763,47,3,Semiurban,0.0836,Y
Female,No,1,Graduate,No,28485,0,31.4,360.0,1.0,694,21,0,Semiurban,0.3062,Y
Male,No,0,Not Graduate,No,17122,0,18.6,300.0,1.0,797,21,2,Rural,0.3621,N
Male,,0,Graduate,No,94504,0,41.2,360.0,0.0,477,48,2,Semiurban,0.1211,N
Male,Yes,0,Graduate,No,49292,0,33.1,360.0,1.0,662,26,0,Rural,0.1865,Y
Female,Yes,0,Graduate,No,31472,0,7.0,300.0,1.0,770,21,1,Semiurban,0.0741,Y
Male,No,,Graduate,No,49557,0,44.2,360.0,1.0,762,53,1,Semiurban,0.2477,Y
Male,Yes,0,Graduate,No,29210,13673,62.8,300.0,0.0,644,31,3,Urban,0.4881,N
Female,No,0,Not Graduate,No,12000,0,37.3,360.0,0.0,717,51,0,Urban,0.8634,N
Female,No,1,Graduate,Yes,194531,0,38.3,360.0,0.0,434,28,1,Semiurban,0.0547,N
Male,Yes,1,Not Graduate,No,48767,15127,17.3,240.0,1.0,597,21,1,Urban,0.1128,Y
Male,No,0,Graduate,No,33041,0,15.1,360.0,1.0,761,34,0,Rural,0.1269,Y
Male,Yes,0,Not Graduate,No,16866,34088,22.8,360.0,1.0,783,25,2,Semiurban,0.1243,Y
Male,Yes,0,Graduate,No,21014,0,34.9,360.0,0.0,649,42,0,Rural,0.4613,N
Male,,0,Graduate,No,101442,0,34.4,180.0,1.0,850,45,1,Rural,0.1884,Y
Female,Yes,0,Graduate,,93992,0,15.4,360.0,1.0,628,48,0,Urban,0.0455,Y
Female,No,0,Graduate,No,64641,0,14.5,120.0,1.0,743,35,0,Urban,0.1869,Y
Female,Yes,1,Graduate,Yes,25399,9770,8.2,240.0,1.0,704,53,0,Semiurban,0.0971,Y
Male,Yes,0,Graduate,,94371,13476,29.6,300.0,1.0,766,28,0,Urban,0.0915,Y
Female,No,0,Not Graduate,No,55542,0,15.9,300.0,1.0,744,39,3,Urban,0.0954,Y
Male,No,0,Not Graduate,No,61541,0,16.8,360.0,1.0,663,36,2,Rural,0.0758,Y
Female,Yes,1,Not Graduate,No,55442,0,56.6,180.0,1.0,745,60,2,Rural,0.5671,N
Female,No,2,Graduate,No,20879,0,28.8,240.0,1.0,718,51,0,Rural,0.5747,Y
Male,Yes,2,Not Graduate,No,24365,23273,24.4,240.0,0.0,602,38,0,Semiurban,0.2134,N
Female,Yes,1,Not Graduate,Yes,34368,0,33.1,300.0,1.0,812,40,2,Semiurban,0.321,N
Male,Yes,0,Graduate,No,61195,22668,47.1,180.0,1.0,850,55,0,Semiurban,0.312,Y
Female,Yes,0,Graduate,No,22243,9093,7.6,360.0,1.0,538,30,0,Semiurban,0.0674,Y
Male,No,2,Graduate,No,40633,0,14.3,360.0,1.0,826,21,1,Semiurban,0.0978,Y
Male,Yes,0,Graduate,No,40607,0,17.5,360.0,1.0,768,27,1,Urban,0.1197,Y
Female,No,3+,Graduate,Yes,65931,0,11.2,360.0,1.0,643,33,1,Rural,0.0472,Y
Male,Yes,1,Graduate,No,62152,53142,17.1,360.0,1.0,677,53,1,Rural,0.0412,Y
Female,Yes,1,Graduate,No,26766,40380,7.9,360.0,1.0,789,49,0,Semiurban,0.0327,Y
Male,No,0,Graduate,No,91431,0,34.9,360.0,1.0,715,38,0,Rural,0.106,Y
Female,No,1,Graduate,Yes,24795,0,14.7,180.0,0.0,586,43,2,Urban,0.3294,N
Female,Yes,0,Not Graduate,No,76582,6068,22.7,360.0,1.0,648,30,2,Urban,0.0763,Y
Male,Yes,0,Not Graduate,Yes,33689,0,20.7,360.0,0.0,522,61,0,Rural,0.1707,N
Male,Yes,0,Not Graduate,No,48145,17489,28.1,,1.0,623,51,1,Rural,0.1784,Y
Male,Yes,2,Graduate,No,49662,16648,,360.0,1.0,664,39,0,Semiurban,0.0193,Y
Male,No,0,Graduate,No,48965,0,26.3,240.0,1.0,698,37,1,Urban,0.2238,Y
Male,No,0,Graduate,No,62146,0,17.0,300.0,0.0,622,46,1,Rural,0.0912,N
Female,Yes,0,Graduate,No,53946,9996,25.6,360.0,1.0,636,37,0,Urban,0.1112,Y
Female,No,1,Graduate,No,65632,0,9.9,120.0,1.0,778,21,1,Semiurban,0.1257,Y
Female,Yes,,Graduate,No,55955,21231,25.7,240.0,1.0,628,55,0,Urban,0.1387,Y
Female,Yes,1,Not Graduate,No,23571,14206,43.8,360.0,1.0,779,51,0,Rural,0.3221,Y
Female,Yes,,Graduate,No,50762,27852,22.5,300.0,1.0,632,42,0,Semiurban,0.0954,Y
Female,Yes,0,Graduate,No,33459,14575,13.1,300.0,1.0,850,33,2,Rural,0.0909,Y
Male,Yes,1,Graduate,No,25473,67274,13.4,360.0,1.0,768,38,1,Urban,0.0401,Y
Female,Yes,0,Graduate,No,38372,35790,28.4,360.0,1.0,786,21,0,Urban,0.1064,Y
Female,Yes,3+,Graduate,No,48612,0,28.3,120.0,1.0,695,26,1,Rural,0.4851,Y
,Yes,1,Graduate,No,50254,14422,,300.0,1.0,765,57,0,Urban,0.1283,Y
Male,No,0,Graduate,No,75208,0,19.6,360.0,1.0,597,44,1,Semiurban,0.0724,Y
Male,Yes,0,Graduate,No,85277,16199,22.7,240.0,1.0,622,21,0,Urban,0.0932,Y
Male,Yes,2,Graduate,Yes,52478,13364,19.3,360.0,1.0,682,29,0,Rural,0.0814,Y
Female,No,0,Graduate,No,57443,0,16.0,300.0,1.0,847,21,1,Urban,0.0928,Y
Male,No,0,Graduate,No,46521,0,31.6,360.0,1.0,801,29,0,Semiurban,0.1887,Y
Male,No,1,Not Graduate,No,65096,0,24.2,240.0,1.0,509,36,1,Semiurban,0.1549,Y
,Yes,0,Graduate,Yes,56585,102446,43.6,360.0,1.0,621,56,0,Semiurban,0.0762,Y
Male,Yes,2,Not Graduate,Yes,43164,43605,39.3,120.0,1.0,702,47,0,Urban,0.3774,Y
Male,Yes,0,Graduate,Yes,130091,0,23.7,240.0,1.0,823,35,1,Semiurban,0.0759,Y
Male,Yes,2,Graduate,No,33756,118276,28.7,240.0,0.0,612,35,0,Semiurban,0.0787,Y
Female,No,0,Graduate,No,91787,0,11.3,240.0,1.0,482,29,1,Urban,0.0513,Y
Female,Yes,0,Graduate,Yes,22536,0,19.2,360.0,1.0,604,50,0,Semiurban,0.2366,Y
Male,Yes,2,Graduate,No,66623,0,24.7,,1.0,775,51,2,Rural,0.103,Y
Female,Yes,1,Graduate,No,90970,0,7.8,360.0,1.0,728,23,0,Urban,0.0238,Y
Male,Yes,0,Not Graduate,No,17092,33883,26.0,360.0,1.0,722,21,0,Semiurban,0.1417,Y
Female,No,0,Not Graduate,No,47547,0,11.3,240.0,1.0,810,34,0,Semiurban,0.099,Y
Female,Yes,1,Not Graduate,No,63431,0,12.1,240.0,0.0,559,36,0,Urban,0.0795,N
Female,Yes,0,Graduate,No,50311,16523,14.6,300.0,1.0,773,41,3,Urban,0.0728,Y
Male,Yes,3+,Graduate,Yes,53588,0,19.7,360.0,1.0,850,21,1,Semiurban,0.1021,Y
Female,Yes,3+,Graduate,No,47482,7140,9.1,240.0,1.0,730,30,0,Rural,0.0694,Y
Female,Yes,1,Graduate,No,25665,57303,33.6,360.0,1.0,630,37,0,Urban,0.1125,Y
Male,Yes,0,Graduate,No,144932,11919,22.3,360.0,0.0,552,29,0,Rural,0.0395,Y
Female,Yes,0,Graduate,Yes,34483,0,63.8,360.0,1.0,629,47,0,Semiurban,0.5139,Y
Male,No,1,Not Graduate,No,55110,0,24.0,300.0,1.0,508,59,0,Urban,0.1452,Y
Female,No,0,Graduate,No,32099,0,28.3,360.0,1.0,639,32,0,Semiurban,0.2449,Y
Male,No,0,Graduate,No,14215,0,12.0,240.0,1.0,767,48,1,Rural,0.3517,N
Female,No,0,Graduate,No,27938,0,9.9,360.0,1.0,711,34,1,Urban,0.0984,Y
Male,Yes,0,Graduate,No,21508,13803,29.1,360.0,0.0,712,28,1,Semiurban,0.2289,N
Male,Yes,0,Not Graduate,Yes,76556,24534,10.4,120.0,1.0,723,30,1,Semiurban,0.0857,Y
Male,Yes,0,Graduate,No,32747,13531,29.5,240.0,0.0,670,46,0,Urban,0.2656,Y
Male,No,2,Not Graduate,No,34302,0,55.9,240.0,1.0,552,31,0,Urban,0.679,N
Male,No,0,Graduate,No,26052,0,35.4,360.0,1.0,671,33,0,Urban,0.3774,Y
Male,No,0,Graduate,No,46491,0,28.3,180.0,1.0,686,25,1,Urban,0.3382,Y
Female,Yes,0,Not Graduate,No,31001,31130,23.6,360.0,0.0,516,45,3,Urban,0.1055,N
Male,No,1,Graduate,No,72851,0,16.0,240.0,1.0,847,43,2,Rural,0.0915,Y
Male,Yes,0,Graduate,Yes,51587,78476,18.8,360.0,1.0,536,54,1,Rural,0.0402,Y
Female,Yes,1,Graduate,No,33326,137169,14.3,300.0,1.0,700,45,1,Urban,0.028,Y
Male,Yes,3+,Graduate,No,67854,15915,9.1,,1.0,812,43,3,Semiurban,0.0453,Y
Female,Yes,0,Not Graduate,No,44532,12292,20.5,360.0,1.0,779,44,1,Urban,0.1002,Y
Female,Yes,0,Not Graduate,No,44835,48575,39.0,360.0,1.0,676,35,2,Urban,0.116,Y
Female,Yes,0,Not Graduate,Yes,21347,0,9.3,300.0,1.0,629,39,1,Urban,0.1452,Y
Female,Yes,3+,Graduate,No,42807,48782,46.5,360.0,1.0,808,48,0,Urban,0.141,Y
Female,Yes,2,Graduate,No,52092,0,41.7,240.0,1.0,663,29,3,Rural,0.3335,Y
Male,No,2,Graduate,No,86403,0,25.5,360.0,1.0,635,57,0,Urban,0.082,Y
Male,No,0,Not Graduate,No,30456,0,25.6,180.0,1.0,800,45,1,Semiurban,0.467,Y
Male,Yes,3+,Not Graduate,Yes,138559,0,18.0,240.0,0.0,618,60,0,Urban,0.0541,N
Female,No,0,Graduate,No,58597,0,20.6,240.0,0.0,558,25,2,Urban,0.1465,N
Male,No,0,Graduate,No,20750,0,15.2,240.0,1.0,739,25,0,Rural,0.3052,Y
Female,Yes,2,Graduate,No,29068,0,20.5,300.0,0.0,630,42,0,Urban,0.2351,N
Female,Yes,3+,Graduate,No,90265,51529,21.8,300.0,0.0,585,39,0,Rural,0.0512,N
Female,Yes,0,Graduate,No,82588,0,62.1,360.0,1.0,724,33,0,Urban,0.2089,Y
Male,Yes,0,Graduate,Yes,44759,24381,28.2,120.0,1.0,515,24,2,Semiurban,0.3399,Y
Male,No,0,Graduate,No,47809,0,17.7,240.0,0.0,580,35,1,Rural,0.1543,N
Female,No,0,Not Graduate,No,24778,0,18.9,360.0,1.0,652,40,0,Urban,0.2119,Y
Female,Yes,0,Not Graduate,No,85881,5208,13.1,360.0,1.0,638,24,0,Semiurban,0.0399,Y
Male,No,3+,Not Graduate,Yes,27068,0,14.5,300.0,1.0,648,33,1,Rural,0.1786,Y
Male,No,1,Graduate,No,67668,0,34.7,300.0,1.0,665,42,1,Urban,0.1709,Y
Female,No,2,Graduate,Yes,87205,0,14.9,240.0,1.0,683,47,2,Semiurban,0.0712,Y
Female,Yes,2,Graduate,No,45437,0,,360.0,0.0,605,35,0,Urban,0.085,N
,No,0,Graduate,No,71956,0,14.1,360.0,1.0,644,29,2,Urban,0.0544,Y
Female,Yes,2,Graduate,Yes,111728,9297,13.0,240.0,0.0,637,39,0,Urban,0.0448,N
Male,Yes,1,Not Graduate,Yes,50715,35432,39.5,360.0,1.0,776,36,2,Rural,0.1274,Y
Male,Yes,0,Graduate,No,40634,11822,21.9,300.0,1.0,775,22,0,Urban,0.1392,Y
Male,Yes,1,Not Graduate,No,42898,10037,17.0,120.0,1.0,794,33,2,Urban,0.2676,Y
Male,No,0,Not Graduate,,30592,0,20.4,360.0,1.0,659,32,1,Semiurban,0.1852,Y
Male,Yes,2,Not Graduate,No,30249,0,22.9,300.0,0.0,566,38,2,Urban,0.2523,N
Female,Yes,3+,Not Graduate,No,55337,8434,12.8,360.0,0.0,612,30,0,Semiurban,0.0558,N
Female,Yes,0,Graduate,No,40865,26936,8.7,360.0,1.0,672,32,1,Urban,0.0356,Y
Female,No,2,Not Graduate,Yes,52249,0,44.8,360.0,1.0,606,36,2,Semiurban,0.2382,Y
Male,Yes,0,Graduate,Yes,21058,12752,36.3,300.0,1.0,665,45,1,Semiurban,0.3579,Y
Female,No,2,Not Graduate,No,42349,0,25.2,300.0,1.0,850,39,1,Urban,0.1983,Y
Female,Yes,0,Graduate,No,74240,0,34.9,300.0,1.0,643,67,1,Urban,0.1567,Y
Female,Yes,0,Graduate,No,25350,0,63.3,240.0,1.0,639,24,0,Semiurban,1.0404,N
,Yes,0,Graduate,No,44724,36458,14.6,360.0,1.0,661,48,0,Rural,0.05,Y
Male,Yes,1,Graduate,No,17548,17696,10.3,360.0,1.0,760,37,0,Urban,0.0812,Y
Male,Yes,0,Graduate,Yes,23093,15799,29.9,240.0,1.0,741,23,2,Urban,0.3203,Y
Male,Yes,3+,Graduate,No,66425,0,8.3,360.0,1.0,774,34,0,Urban,0.0347,Y
Male,No,0,Not Graduate,No,38001,0,20.5,360.0,,850,21,0,Semiurban,0.1498,Y
Male,Yes,3+,Graduate,No,110309,9819,16.8,360.0,1.0,784,39,2,Rural,0.0388,Y
Female,Yes,1,Graduate,No,55062,30398,30.1,360.0,1.0,791,35,1,Urban,0.0978,Y
Female,Yes,,Graduate,No,57832,67262,15.0,360.0,1.0,850,30,1,Urban,0.0333,Y
Female,No,0,Graduate,No,25894,0,41.3,180.0,1.0,754,26,0,Urban,0.8861,Y
Female,Yes,1,Graduate,No,36587,0,12.8,360.0,1.0,675,49,1,Urban,0.0972,Y
Male,Yes,1,Not Graduate,No,30751,14318,30.7,360.0,1.0,683,36,1,Semiurban,0.1892,Y
Female,No,1,Graduate,No,26037,0,13.5,240.0,0.0,685,40,0,Rural,0.216,N
Male,Yes,0,Graduate,No,61818,0,27.9,120.0,1.0,597,40,1,Urban,0.3761,Y
Male,Yes,0,Graduate,No,68341,0,10.9,180.0,1.0,535,39,0,Rural,0.0886,Y
Male,Yes,3+,Graduate,No,54148,14685,19.8,300.0,1.0,636,34,0,Urban,0.0959,Y
Male,Yes,0,Graduate,,29318,69718,44.4,360.0,1.0,784,55,0,Rural,0.1245,Y
Male,Yes,0,Not Graduate,No,52332,20906,21.5,120.0,1.0,763,63,2,Semiurban,0.2446,Y
Male,Yes,0,Graduate,No,17046,14414,40.8,360.0,1.0,696,54,2,Urban,0.3602,Y
Male,Yes,2,Graduate,No,85949,12804,19.8,360.0,1.0,806,38,2,Rural,0.0557,Y
Female,Yes,2,Graduate,No,23177,0,14.8,360.0,1.0,765,37,1,Urban,0.1774,Y
Male,Yes,0,Graduate,No,25331,160092,22.3,180.0,0.0,621,50,1,Semiurban,0.0668,Y
Male,No,0,Graduate,No,46988,0,29.1,360.0,1.0,708,30,0,Rural,0.172,Y
Male,No,0,Graduate,No,49123,0,6.4,360.0,1.0,791,57,0,Urban,0.0362,Y
Female,No,0,Graduate,Yes,42771,0,27.5,180.0,1.0,778,47,0,Semiurban,0.3572,Y
Male,Yes,0,Not Graduate,No,25462,0,11.4,120.0,1.0,685,35,0,Rural,0.3731,Y
Male,Yes,3+,Graduate,No,78173,30696,9.8,360.0,0.0,663,41,1,Rural,0.025,Y
Male,Yes,0,Not Graduate,Yes,19092,0,27.7,360.0,0.0,531,45,2,Semiurban,0.403,N
Male,Yes,0,Graduate,Yes,21128,15369,44.8,360.0,1.0,731,33,2,Urban,0.341,Y
Male,No,2,Graduate,Yes,42046,0,22.9,360.0,1.0,746,49,1,Semiurban,0.1513,Y
Male,Yes,0,Not Graduate,No,23574,0,8.9,360.0,1.0,680,52,1,Semiurban,0.1049,Y
Male,Yes,1,Not Graduate,No,81741,15666,13.4,300.0,1.0,722,35,0,Semiurban,0.0459,Y
Male,Yes,0,Graduate,No,24610,22096,15.6,300.0,1.0,765,33,3,Rural,0.1113,Y
Male,Yes,0,Not Graduate,No,96617,55087,22.6,180.0,1.0,613,37,1,Urban,0.0828,Y
Female,Yes,3+,Graduate,No,74426,14306,19.2,300.0,1.0,727,25,1,Urban,0.0721,Y
Male,Yes,1,Graduate,No,82251,38890,27.0,300.0,1.0,850,21,0,Semiurban,0.0743,Y
Male,Yes,0,Graduate,No,113954,5206,36.6,240.0,0.0,516,33,2,Rural,0.128,N
Male,No,1,Graduate,No,46194,0,24.7,360.0,1.0,803,27,0,Semiurban,0.1485,Y
Female,Yes,3+,Not Graduate,No,26729,11728,34.4,120.0,1.0,701,57,2,Rural,0.7454,Y
Male,No,0,Graduate,No,42129,0,17.1,360.0,0.0,696,33,0,Rural,0.1127,N
Male,No,0,Graduate,No,33412,0,145.1,360.0,1.0,645,43,0,Rural,1.2063,Y
Female,Yes,3+,Not Graduate,Yes,31114,25518,28.0,360.0,1.0,711,31,0,Rural,0.1373,Y
Male,No,0,Graduate,No,47831,0,30.3,360.0,1.0,850,58,0,Rural,0.176,Y
Male,Yes,1,Graduate,No,37955,9237,57.7,300.0,1.0,694,36,0,Rural,0.4075,Y
Male,No,1,Graduate,No,30452,0,21.2,360.0,0.0,647,24,1,Semiurban,0.1934,Y
Female,Yes,1,Graduate,No,39234,44245,13.6,300.0,1.0,764,45,0,Urban,0.0543,Y
Male,Yes,0,Not Graduate,Yes,58366,14499,44.0,360.0,1.0,527,41,1,Urban,0.1677,Y
Female,Yes,0,Graduate,No,71554,20490,45.6,360.0,1.0,750,51,1,Urban,0.1376,Y
Female,Yes,1,Graduate,No,19901,7751,22.0,180.0,1.0,599,36,0,Urban,0.442,N
Male,No,0,Not Graduate,No,38116,0,57.7,360.0,1.0,767,39,0,Urban,0.4205,Y
Male,Yes,0,Graduate,No,41329,8746,19.1,360.0,1.0,721,21,0,Rural,0.106,Y
Male,No,,Graduate,No,24557,0,35.1,360.0,1.0,610,47,0,Semiurban,0.397,Y
Male,Yes,0,Not Graduate,No,41779,10468,49.9,300.0,1.0,603,39,0,Urban,0.3184,Y
Male,No,3+,Graduate,No,47763,0,21.3,360.0,1.0,703,37,0,Rural,0.1239,Y
,Yes,0,Graduate,No,57493,22184,26.4,120.0,1.0,850,35,0,Semiurban,0.2761,Y
Female,Yes,3+,Graduate,No,46100,14896,37.2,300.0,1.0,850,35,0,Urban,0.2033,Y
Female,Yes,0,Graduate,No,28553,67527,16.1,360.0,0.0,622,47,1,Rural,0.0465,N
Male,No,1,Graduate,No,121299,0,12.3,360.0,1.0,756,28,0,Urban,0.0282,Y
,Yes,0,Graduate,No,67142,0,44.7,,1.0,764,46,1,Semiurban,0.2774,Y
Female,Yes,2,Not Graduate,No,58475,41622,24.1,120.0,1.0,662,21,2,Urban,0.2006,Y
Female,Yes,2,Graduate,No,73307,7814,14.8,360.0,1.0,648,21,2,Semiurban,0.0507,Y
Male,No,0,Graduate,No,50126,0,21.3,300.0,0.0,667,54,1,Rural,0.1416,N
Female,Yes,3+,Not Graduate,Yes,84385,0,27.3,180.0,1.0,656,27,2,Urban,0.1797,N
Male,Yes,0,Graduate,No,45635,0,7.8,180.0,1.0,840,39,0,Rural,0.095,Y
Male,Yes,,Not Graduate,No,44395,40346,30.9,360.0,1.0,588,35,0,Urban,0.1013,Y
Male,No,3+,Graduate,Yes,60938,0,25.7,360.0,1.0,629,42,1,Semiurban,0.1171,Y
Female,No,2,Graduate,No,97556,0,54.2,360.0,1.0,837,39,1,Rural,0.1543,Y
Female,Yes,3+,Not Graduate,No,94469,33695,17.6,120.0,,684,49,1,Rural,0.1144,Y
Male,Yes,0,Graduate,No,59660,16529,45.9,360.0,1.0,699,22,2,Urban,0.1673,Y
Male,Yes,0,Not Graduate,No,57429,10362,19.6,360.0,1.0,768,45,1,Urban,0.0803,Y
Male,Yes,0,Graduate,No,62820,10552,21.8,300.0,1.0,814,37,2,Semiurban,0.099,Y
Male,Yes,0,Graduate,Yes,72607,6549,23.8,180.0,,765,21,1,Urban,0.167,Y
Male,No,2,Graduate,No,84912,0,70.5,360.0,1.0,736,32,2,Semiurban,0.2306,Y
Male,Yes,0,Graduate,No,39407,11444,9.5,180.0,1.0,782,21,1,Rural,0.1038,Y
Female,No,1,Not Graduate,No,85736,0,27.0,360.0,0.0,627,21,1,Semiurban,0.0875,Y
Male,Yes,,Graduate,No,52654,19395,20.6,,1.0,808,33,2,Urban,0.0953,Y
Male,No,0,Not Graduate,No,61418,0,19.7,360.0,1.0,850,51,1,Semiurban,0.0891,Y
Male,Yes,1,Graduate,No,88519,7585,28.5,360.0,1.0,755,41,0,Rural,0.0824,Y
Female,Yes,0,Graduate,No,64443,0,39.0,300.0,0.0,513,52,0,Semiurban,0.2017,N
Female,Yes,2,Graduate,Yes,70122,21291,27.6,360.0,1.0,803,39,0,Semiurban,0.0839,Y
Female,Yes,0,Graduate,Yes,36508,0,42.1,360.0,1.0,697,55,2,Urban,0.3203,Y
Male,Yes,2,Graduate,No,93822,0,17.3,360.0,1.0,740,54,0,Urban,0.0512,Y
Female,No,0,Graduate,No,62808,0,19.5,300.0,0.0,623,28,0,Urban,0.1035,Y
Male,No,0,Graduate,No,47242,0,11.0,360.0,1.0,658,39,0,Semiurban,0.0647,Y
Female,Yes,1,Not Graduate,Yes,76921,24498,66.0,360.0,1.0,677,30,0,Urban,0.1808,Y
Female,Yes,2,Not Graduate,No,161767,80093,18.0,300.0,1.0,502,36,2,Semiurban,0.0248,Y
Female,Yes,0,Graduate,No,24724,39375,16.8,360.0,1.0,701,56,0,Semiurban,0.0728,Y
Female,Yes,0,Graduate,No,29677,12518,28.9,240.0,1.0,760,31,1,Semiurban,0.2854,Y
Female,Yes,0,Graduate,No,169847,28173,39.0,360.0,1.0,711,25,0,Urban,0.0547,Y
Male,No,0,Graduate,Yes,54904,0,13.3,360.0,1.0,669,26,0,Rural,0.0673,Y
Female,No,2,Graduate,No,48798,0,40.9,240.0,1.0,744,34,0,Semiurban,0.3492,Y
Male,No,2,Graduate,Yes,41869,0,16.7,300.0,1.0,625,70,0,Urban,0.133,Y
Male,Yes,0,Not Graduate,No,81163,56491,47.4,300.0,1.0,615,54,1,Urban,0.1148,Y
Male,No,0,Graduate,No,163673,0,14.5,360.0,1.0,757,21,0,Semiurban,0.0246,Y
Male,No,2,Graduate,No,31806,0,31.2,360.0,1.0,762,38,0,Urban,0.2725,Y
Male,Yes,0,Graduate,No,42259,49629,20.6,300.0,1.0,756,31,0,Urban,0.0747,Y
Male,Yes,1,Not Graduate,No,37221,17189,10.2,240.0,0.0,563,49,1,Urban,0.0781,N
Male,No,0,Graduate,No,63987,0,8.6,360.0,1.0,808,25,2,Urban,0.0373,Y
Male,Yes,1,Not Graduate,No,81732,40847,12.9,300.0,1.0,609,27,0,Rural,0.0351,Y
Male,Yes,0,Not Graduate,No,99754,32985,36.4,360.0,0.0,563,32,0,Semiurban,0.0762,N
Male,Yes,2,Not Graduate,No,65079,23531,6.3,360.0,1.0,777,30,0,Semiurban,0.0197,Y
Male,Yes,0,Not Graduate,Yes,156321,48398,24.5,360.0,1.0,787,45,2,Rural,0.0332,Y
Male,Yes,0,Graduate,No,33277,50866,23.3,360.0,1.0,640,34,0,Semiurban,0.0769,Y
Female,,2,Graduate,No,29224,0,7.3,360.0,1.0,850,49,3,Semiurban,0.0694,Y
Female,No,0,Graduate,Yes,92473,0,12.5,360.0,1.0,698,29,2,Urban,0.0375,Y
Female,Yes,0,Graduate,No,47165,66728,12.4,180.0,1.0,718,48,0,Semiurban,0.0605,Y
Female,Yes,0,Graduate,No,22293,0,20.7,360.0,1.0,798,25,0,Urban,0.2579,Y
Male,Yes,0,Graduate,No,37872,10710,48.4,300.0,1.0,850,45,1,Semiurban,0.3321,Y
Female,Yes,3+,Graduate,No,50404,4543,38.3,240.0,0.0,596,33,1,Urban,0.2904,N
Male,Yes,,Not Graduate,,32108,17548,16.2,360.0,1.0,816,48,1,Urban,0.0906,Y
Male,Yes,0,Graduate,Yes,26707,0,12.2,360.0,1.0,669,21,0,Urban,0.1269,Y
Female,Yes,1,Graduate,No,39982,12456,7.9,360.0,1.0,850,29,2,Urban,0.0418,Y
Male,Yes,0,Not Graduate,No,26049,47259,16.0,180.0,1.0,713,51,0,Rural,0.1213,Y
Female,Yes,3+,Graduate,No,60935,6449,11.7,300.0,0.0,618,36,0,Urban,0.0579,N
Female,Yes,0,Not Graduate,No,16783,24120,19.7,120.0,1.0,679,21,3,Rural,0.4013,N
Female,Yes,1,Not Graduate,No,46407,0,20.1,360.0,0.0,609,30,1,Semiurban,0.1203,N
Female,No,0,Graduate,Yes,57512,0,15.1,360.0,1.0,644,42,1,Semiurban,0.0729,Y
Male,Yes,0,Graduate,No,42393,24138,15.3,360.0,1.0,704,29,2,Urban,0.0639,Y
Male,No,0,Graduate,No,76620,0,13.2,,1.0,712,51,0,Rural,0.0479,Y
Female,Yes,0,Not Graduate,No,22353,12498,14.8,120.0,1.0,615,50,0,Urban,0.3539,Y
Male,Yes,2,Graduate,No,31240,64867,47.5,360.0,0.0,539,45,3,Semiurban,0.1373,Y
Female,No,,Graduate,No,37608,0,27.4,360.0,0.0,401,49,0,Semiurban,0.2024,N
Female,Yes,3+,Not Graduate,No,63346,70730,27.6,120.0,1.0,598,32,0,Semiurban,0.1715,Y
Female,Yes,0,Graduate,Yes,49477,8227,36.9,360.0,1.0,709,54,0,Urban,0.1776,Y
Male,Yes,1,Not Graduate,Yes,129532,7563,35.0,240.0,1.0,796,50,2,Semiurban,0.1064,Y
Male,Yes,3+,Not Graduate,No,29647,0,47.2,360.0,0.0,558,37,0,Rural,0.4422,N
Male,No,1,Not Graduate,No,22082,0,28.6,300.0,1.0,707,21,1,Rural,0.4317,Y
Male,Yes,2,Not Graduate,Yes,108504,15029,22.7,360.0,1.0,815,21,0,Rural,0.051,Y
Female,Yes,2,Graduate,No,21689,0,14.1,240.0,0.0,665,49,1,Urban,0.2709,N
Male,Yes,,Not Graduate,No,62413,23192,12.2,180.0,1.0,784,21,1,Urban,0.0792,Y
Male,Yes,1,Graduate,No,27192,21203,34.1,360.0,1.0,721,28,1,Urban,0.1957,Y
Male,No,0,Graduate,Yes,15762,0,18.8,240.0,0.0,546,43,0,Rural,0.4969,N
Female,No,0,Graduate,No,36776,0,8.9,360.0,1.0,746,24,0,Urban,0.0672,Y
Female,Yes,0,Not Graduate,No,69546,9897,5.7,300.0,1.0,825,65,0,Semiurban,0.0239,Y
Male,Yes,1,Graduate,Yes,24079,18162,72.9,360.0,1.0,850,41,2,Rural,0.4794,N
Male,No,0,Not Graduate,Yes,59163,0,11.1,360.0,1.0,850,54,1,Semiurban,0.0521,Y
Male,Yes,0,Graduate,No,64954,27548,13.3,360.0,1.0,848,49,0,Semiurban,0.0399,Y
Male,Yes,0,Not Graduate,No,23486,7666,42.0,120.0,1.0,714,21,2,Urban,1.1235,N
Female,Yes,3+,Not Graduate,No,39582,0,9.7,360.0,1.0,602,46,2,Semiurban,0.0681,Y
Female,Yes,0,Graduate,No,97591,41073,27.6,300.0,1.0,764,38,0,Rural,0.0663,Y
Male,No,0,Graduate,No,61408,0,59.9,360.0,1.0,809,37,1,Semiurban,0.271,Y
Male,No,0,Graduate,No,38920,0,71.4,300.0,0.0,360,38,0,Urban,0.6115,N
Female,Yes,3+,Graduate,Yes,54592,37173,15.4,360.0,1.0,577,50,0,Urban,0.0466,Y
Male,Yes,3+,Graduate,No,31488,0,19.9,360.0,1.0,669,56,0,Urban,0.1755,Y
Female,Yes,1,Graduate,No,77408,61114,15.8,300.0,0.0,521,25,1,Semiurban,0.038,N
Male,Yes,2,Graduate,Yes,77391,0,19.9,,1.0,565,39,0,Urban,0.0714,Y
Male,Yes,0,Graduate,No,47120,32495,43.8,300.0,0.0,624,53,0,Semiurban,0.1834,N
Male,No,3+,Graduate,No,49779,0,8.7,360.0,1.0,822,36,1,Semiurban,0.0485,Y
Male,Yes,0,Graduate,No,26919,16618,29.6,120.0,0.0,573,40,3,Rural,0.5666,N
Female,Yes,0,Not Graduate,Yes,22561,21760,17.9,300.0,1.0,561,40,1,Urban,0.1346,Y
Male,Yes,0,Graduate,No,36743,11930,45.7,300.0,0.0,609,61,1,Rural,0.313,N
Male,Yes,1,Graduate,No,42459,17128,44.2,360.0,1.0,610,46,0,Semiurban,0.206,Y
Male,Yes,2,Graduate,No,75457,0,15.7,240.0,1.0,619,61,1,Urban,0.0867,Y
Male,No,0,Graduate,No,70348,0,18.8,240.0,1.0,796,57,1,Rural,0.1113,Y
Male,Yes,3+,Not Graduate,Yes,48650,0,34.3,360.0,1.0,818,36,1,Urban,0.1958,Y
Male,No,0,Graduate,No,80440,0,36.2,180.0,1.0,684,41,2,Semiurban,0.25,Y
Female,Yes,0,Graduate,No,27674,0,4.6,240.0,1.0,776,61,1,Urban,0.0693,Y
Male,Yes,0,Not Graduate,Yes,76014,5722,34.3,360.0,1.0,613,25,2,Semiurban,0.1166,Y
Male,Yes,1,Graduate,Yes,29875,21101,53.9,360.0,1.0,758,46,0,Semiurban,0.2937,Y
Female,Yes,2,Graduate,Yes,82442,0,23.4,360.0,1.0,675,46,0,Urban,0.0788,Y
Male,Yes,0,Graduate,No,44061,16289,35.5,360.0,1.0,591,35,0,Semiurban,0.1634,Y
Female,Yes,1,Graduate,No,16332,35596,43.3,180.0,1.0,628,34,1,Semiurban,0.4632,Y
Male,No,0,Not Graduate,No,63900,0,22.9,360.0,1.0,747,35,1,Rural,0.0995,Y
Female,No,1,Graduate,No,66488,0,32.7,180.0,1.0,577,46,0,Urban,0.2732,Y
Female,Yes,3+,Not Graduate,No,35303,19002,20.2,300.0,1.0,685,54,0,Urban,0.124,Y
Female,Yes,0,Not Graduate,No,36841,0,19.5,180.0,1.0,806,46,2,Semiurban,0.294,Y
Female,Yes,2,Graduate,Yes,40955,0,13.5,360.0,1.0,666,24,0,Urban,0.0916,Y
Male,Yes,1,Graduate,No,16940,15278,22.3,360.0,1.0,571,55,0,Semiurban,0.1923,Y
Female,Yes,0,Graduate,Yes,13597,22333,62.3,360.0,1.0,685,51,0,Urban,0.4816,Y
Male,No,3+,Graduate,No,85035,0,11.7,180.0,0.0,651,35,2,Urban,0.0764,N
Male,Yes,0,Graduate,No,29377,80216,29.1,360.0,1.0,593,31,0,Rural,0.0738,Y
Male,Yes,0,Graduate,No,112154,0,24.4,360.0,1.0,817,28,0,Rural,0.0604,Y
Male,Yes,0,Graduate,No,88010,30419,48.7,300.0,1.0,779,50,1,Semiurban,0.1371,Y
Male,Yes,0,Not Graduate,No,97110,53639,54.5,360.0,1.0,742,21,0,Rural,0.1004,Y
Male,Yes,2,Graduate,No,32044,17807,11.5,360.0,0.0,642,50,0,Semiurban,0.0641,Y
Male,Yes,1,Graduate,No,19847,65365,14.2,300.0,0.0,601,33,2,Semiurban,0.0555,N
Female,Yes,3+,Not Graduate,No,25760,0,14.7,240.0,1.0,740,41,3,Rural,0.2378,Y
Female,Yes,0,Graduate,No,35482,0,15.0,360.0,,716,21,0,Semiurban,0.1174,Y
Male,Yes,0,Graduate,No,13540,84691,15.8,300.0,0.0,669,21,0,Semiurban,0.0536,Y
Male,No,0,Graduate,No,34971,0,24.7,360.0,1.0,826,31,0,Semiurban,0.1962,Y
Male,Yes,0,Graduate,Yes,40101,102240,12.1,360.0,0.0,516,28,0,Rural,0.0236,Y
Male,Yes,3+,Graduate,No,23220,27234,13.1,360.0,1.0,647,46,0,Urban,0.0721,Y
Male,,1,Graduate,No,26364,0,12.5,120.0,1.0,675,41,0,Urban,0.3951,Y
Male,Yes,0,Graduate,No,39724,12871,27.0,300.0,1.0,655,59,0,Urban,0.1711,Y
Male,Yes,2,Not Graduate,No,53005,17171,19.3,360.0,1.0,812,44,3,Urban,0.0764,Y
,Yes,2,Graduate,No,28413,14766,17.4,300.0,0.0,455,31,0,Urban,0.1343,N
Male,Yes,0,Graduate,No,51335,53636,12.1,180.0,1.0,759,51,1,Rural,0.064,Y
Male,Yes,2,Graduate,No,47497,21584,7.7,300.0,1.0,835,33,0,Semiurban,0.0372,Y
Female,No,0,Graduate,No,45408,0,53.5,180.0,1.0,658,32,1,Urban,0.6545,Y
Male,No,0,Graduate,No,32016,0,16.9,240.0,1.0,842,38,0,Rural,0.2199,Y
Male,Yes,0,Not Graduate,No,22773,24049,102.1,180.0,1.0,814,56,0,Semiurban,1.2114,N
Female,Yes,0,Graduate,No,103593,0,31.9,360.0,1.0,679,50,2,Semiurban,0.0855,Y
Male,Yes,0,Graduate,No,60788,26564,60.2,360.0,0.0,664,49,1,Urban,0.1914,N
Male,Yes,0,Graduate,No,73340,21357,36.5,360.0,1.0,636,60,1,Rural,0.1071,Y
Female,Yes,0,Graduate,No,42539,34325,22.1,300.0,1.0,611,49,2,Urban,0.0958,Y
Female,Yes,2,Graduate,No,40863,0,14.0,360.0,0.0,548,24,3,Urban,0.0952,N
Female,No,3+,Graduate,No,56689,0,11.2,360.0,1.0,832,44,0,Urban,0.0549,Y
Male,Yes,2,Graduate,No,17724,8873,39.3,360.0,1.0,669,56,0,Semiurban,0.4104,Y
,Yes,0,Graduate,No,25404,97082,23.5,360.0,1.0,714,21,1,Semiurban,0.0533,Y
Male,Yes,0,Graduate,Yes,29766,7412,29.1,360.0,1.0,620,38,0,Urban,0.2174,Y
Male,No,0,Graduate,No,35338,0,32.7,120.0,1.0,788,26,0,Urban,0.7711,Y
Male,No,0,Graduate,No,28571,0,24.9,180.0,1.0,785,39,0,Semiurban,0.4842,Y
Male,Yes,1,Not Graduate,No,52386,29069,15.1,180.0,0.0,527,50,2,Semiurban,0.103,N
Male,Yes,1,Graduate,No,46199,24267,36.9,240.0,1.0,501,53,1,Urban,0.2182,Y
Male,No,1,Not Graduate,No,89004,0,,360.0,1.0,677,36,2,Rural,0.0556,Y
Female,Yes,1,Graduate,No,152799,63732,21.2,360.0,1.0,750,45,0,Rural,0.0272,Y
Female,No,0,Graduate,No,23590,0,30.9,360.0,0.0,589,21,0,Urban,0.3638,N
Female,Yes,0,Graduate,,47746,17519,19.4,240.0,1.0,717,21,0,Semiurban,0.1239,Y
Male,Yes,1,Graduate,No,47704,38673,6.7,360.0,1.0,741,50,3,Urban,0.0215,Y
Female,Yes,0,Graduate,No,44042,65859,37.5,,1.0,664,21,0,Semiurban,0.1896,Y
Male,No,0,Graduate,No,25786,0,42.6,120.0,1.0,597,30,1,Semiurban,1.3767,N
Female,,0,Not Graduate,No,28040,0,6.7,360.0,1.0,777,45,1,Urban,0.0664,Y
Male,No,0,Graduate,No,50021,0,10.7,360.0,1.0,630,40,1,Rural,0.0594,Y
Female,Yes,0,Graduate,No,27648,27646,67.6,360.0,1.0,602,21,1,Rural,0.3396,Y
Male,Yes,2,Graduate,No,48033,35173,23.1,240.0,0.0,635,44,0,Urban,0.1157,N
Female,Yes,2,Not Graduate,No,39223,12852,20.1,360.0,1.0,610,29,0,Urban,0.1072,Y
Female,Yes,0,Graduate,No,47611,22377,15.6,360.0,1.0,636,39,1,Urban,0.0619,Y
Male,,0,Graduate,Yes,27539,20785,10.8,360.0,1.0,850,31,0,Semiurban,0.0621,Y
Male,Yes,1,Not Graduate,No,47989,58186,17.9,360.0,0.0,733,30,0,Rural,0.0468,Y
Female,No,0,Graduate,No,28553,0,36.0,240.0,0.0,697,21,0,Semiurban,0.5253,N
Male,Yes,0,Graduate,No,48067,50144,19.9,300.0,1.0,778,34,0,Semiurban,0.0675,Y
Female,No,0,Graduate,No,86656,0,29.0,360.0,1.0,814,52,0,Rural,0.093,Y
Female,Yes,0,Not Graduate,No,50539,49188,57.9,300.0,1.0,850,33,2,Semiurban,0.1935,Y
Male,No,2,Not Graduate,No,52101,0,14.2,300.0,1.0,808,34,1,Semiurban,0.0908,Y
Male,Yes,2,Not Graduate,No,66743,20901,24.1,180.0,0.0,613,30,0,Semiurban,0.1528,Y
Male,Yes,0,Graduate,No,21987,95289,36.7,240.0,1.0,789,24,0,Rural,0.1304,Y
Female,Yes,0,Not Graduate,No,104764,13140,11.5,240.0,1.0,668,27,3,Urban,0.0406,Y
Male,Yes,0,Graduate,No,26166,0,22.4,360.0,1.0,723,40,2,Urban,0.2378,Y
Male,No,0,Graduate,No,68860,0,61.8,300.0,1.0,727,65,2,Urban,0.2992,Y
Male,Yes,3+,Graduate,No,64438,0,16.4,180.0,1.0,698,49,0,Rural,0.1414,Y
Male,Yes,1,Graduate,No,28252,0,38.1,360.0,1.0,682,45,1,Semiurban,0.3746,Y
Female,No,0,Graduate,No,73456,0,18.5,360.0,1.0,826,60,0,Urban,0.07,Y
Female,Yes,,Graduate,No,56892,26141,59.1,360.0,0.0,504,43,0,Rural,0.1977,Y
Male,No,2,Not Graduate,No,114118,0,7.5,360.0,1.0,723,50,0,Rural,0.0183,Y
Female,Yes,2,Graduate,No,48859,23714,20.9,300.0,1.0,594,40,0,Rural,0.096,Y
Female,No,0,Graduate,Yes,42013,0,8.3,300.0,1.0,529,43,3,Urban,0.0659,N
Male,Yes,0,Not Graduate,No,34290,18764,13.2,,0.0,698,23,1,Rural,0.0691,N
Female,Yes,1,Graduate,No,18552,17707,13.1,120.0,1.0,826,35,0,Urban,0.3011,Y
Male,Yes,0,Graduate,,37831,22346,17.1,360.0,1.0,666,32,2,Urban,0.0789,Y
Male,No,3+,Graduate,No,38640,0,9.8,300.0,1.0,715,31,0,Urban,0.0845,Y
Female,Yes,1,Graduate,No,50566,0,19.2,300.0,1.0,684,31,1,Semiurban,0.1266,Y
Male,Yes,3+,Graduate,No,21773,11654,26.5,240.0,0.0,564,54,1,Urban,0.3303,N
Female,Yes,0,Graduate,No,39360,108341,8.0,180.0,0.0,546,34,0,Semiurban,0.0301,Y
Female,No,2,Not Graduate,No,59167,0,13.7,300.0,1.0,751,36,1,Rural,0.0772,Y
,No,0,Graduate,No,62178,0,92.3,300.0,1.0,676,63,0,Urban,0.4948,Y
Female,No,3+,Graduate,No,17502,0,24.5,360.0,1.0,747,47,0,Urban,0.3888,Y
Male,Yes,0,Graduate,No,63146,12714,6.7,360.0,0.0,740,38,0,Urban,0.0245,Y
Male,Yes,0,Graduate,No,39211,5055,8.7,360.0,1.0,745,50,0,Rural,0.0546,Y
Female,Yes,2,Graduate,No,40437,0,23.0,360.0,1.0,721,31,2,Urban,0.158,Y
Female,No,0,Not Graduate,No,13599,0,21.3,360.0,,659,33,0,Semiurban,0.435,Y
Male,Yes,,Not Graduate,No,93600,23647,14.1,300.0,1.0,709,34,1,Urban,0.0401,Y
Male,Yes,3+,Graduate,No,48455,27739,74.9,360.0,1.0,560,41,0,Rural,0.2731,Y
Female,No,0,Not Graduate,No,20625,0,96.7,240.0,1.0,849,43,3,Urban,1.9534,N
Female,Yes,1,Graduate,No,53509,6659,17.1,360.0,0.0,504,28,1,Semiurban,0.0789,N
Female,Yes,0,Graduate,No,52693,0,33.9,120.0,0.0,417,42,0,Semiurban,0.5361,N
Male,Yes,2,Graduate,Yes,81738,0,34.9,360.0,1.0,701,45,1,Rural,0.1186,Y
Male,Yes,1,Graduate,No,37993,8266,37.8,360.0,1.0,742,33,0,Urban,0.227,Y
Male,No,0,Not Graduate,No,44623,0,13.7,180.0,0.0,709,36,0,Semiurban,0.1706,N
Female,Yes,0,Graduate,No,32164,10422,64.3,360.0,1.0,732,25,1,Urban,0.4194,Y
Male,Yes,1,Graduate,Yes,59813,0,19.3,360.0,1.0,793,21,0,Rural,0.0896,Y
Male,Yes,0,Not Graduate,No,29979,5438,25.9,360.0,,674,25,0,Semiurban,0.2031,Y
Female,Yes,0,Not Graduate,No,28382,39373,20.1,360.0,1.0,785,46,1,Semiurban,0.0824,Y
Male,Yes,,Not Graduate,No,42877,28982,18.5,360.0,1.0,608,44,0,Semiurban,0.0715,Y
Female,Yes,0,Graduate,No,24030,0,23.7,,0.0,636,59,0,Urban,0.3287,N
Female,Yes,0,Graduate,Yes,98821,7813,9.9,180.0,0.0,465,38,0,Urban,0.0516,Y
Female,Yes,1,Graduate,No,116266,12613,6.2,240.0,0.0,769,39,0,Semiurban,0.02,Y
Male,Yes,0,Graduate,No,35355,38076,17.7,300.0,1.0,773,42,2,Rural,0.0803,Y
Male,Yes,0,Not Graduate,No,22175,53088,11.8,300.0,1.0,654,26,0,Urban,0.0523,Y
Female,No,0,Not Graduate,No,52486,0,27.9,360.0,1.0,744,48,0,Rural,0.1477,Y
Female,,1,Not Graduate,No,34855,0,26.1,240.0,1.0,619,42,0,Urban,0.312,Y
Female,No,1,Graduate,No,79805,0,20.2,240.0,0.0,450,28,3,Rural,0.1055,N
,Yes,1,Not Graduate,No,29924,21921,48.9,360.0,0.0,669,42,0,Urban,0.262,N
Female,Yes,0,Not Graduate,No,58236,13141,20.0,120.0,0.0,502,46,0,Urban,0.2335,N
Female,Yes,0,Graduate,Yes,46957,0,8.4,180.0,1.0,694,23,0,Semiurban,0.0994,Y
Female,Yes,0,Graduate,No,31630,0,17.6,300.0,1.0,728,50,0,Semiurban,0.1855,Y
Female,Yes,0,Not Graduate,No,50012,0,40.6,180.0,0.0,574,33,0,Semiurban,0.451,N
Female,Yes,3+,Graduate,No,68821,55877,6.5,360.0,1.0,617,21,1,Semiurban,0.0145,Y
Female,No,0,Not Graduate,No,46324,0,19.0,360.0,1.0,715,49,1,Semiurban,0.1139,Y
Male,Yes,0,Graduate,No,46567,16044,28.4,300.0,1.0,723,53,1,Urban,0.1512,Y
Male,Yes,0,Graduate,No,28670,33152,98.6,180.0,1.0,788,26,0,Urban,0.886,Y
Male,No,1,Not Graduate,No,78598,0,41.5,300.0,0.0,810,21,0,Urban,0.176,Y
Male,Yes,1,Graduate,No,74778,14032,21.7,360.0,1.0,532,53,3,Semiurban,0.0679,Y
Male,,1,Not Graduate,No,36124,0,27.5,360.0,1.0,638,31,1,Semiurban,0.2115,Y
Male,No,2,Graduate,No,41683,0,6.4,300.0,0.0,610,53,0,Semiurban,0.0512,Y
Male,No,0,Graduate,No,89959,0,10.7,360.0,0.0,681,21,0,Semiurban,0.033,Y
Male,Yes,0,Graduate,No,25165,7861,29.7,240.0,1.0,741,53,0,Urban,0.3747,Y
Female,No,0,Graduate,No,60003,0,22.1,360.0,0.0,691,50,1,Rural,0.1023,N
Female,Yes,1,Not Graduate,No,33547,28092,23.9,240.0,0.0,457,44,0,Urban,0.1616,N
Male,Yes,,Not Graduate,No,107909,0,20.5,240.0,0.0,561,21,2,Semiurban,0.0792,N
Female,Yes,0,Graduate,No,45786,7335,20.0,360.0,1.0,842,34,0,Urban,0.1046,Y
Male,Yes,1,Graduate,Yes,83299,34783,21.4,240.0,1.0,633,49,0,Semiurban,0.0755,Y
Male,Yes,1,Graduate,No,30313,0,10.7,360.0,1.0,449,21,0,Semiurban,0.098,Y
Male,Yes,2,Graduate,No,23759,22078,17.5,360.0,1.0,636,32,2,Semiurban,0.106,Y
Male,No,1,Not Graduate,No,39453,0,9.5,300.0,0.0,629,42,3,Semiurban,0.0803,N
Female,No,2,Graduate,No,50582,0,13.8,300.0,1.0,704,25,0,Urban,0.0909,Y
Female,No,0,Graduate,No,34360,0,41.2,240.0,0.0,474,52,0,Urban,0.4996,N
Male,Yes,1,Graduate,No,64806,8521,18.0,300.0,1.0,645,50,2,Semiurban,0.0818,Y
Male,No,3+,Graduate,No,39936,0,28.7,360.0,1.0,590,41,0,Rural,0.1996,Y
Male,Yes,0,Not Graduate,No,15667,0,21.5,300.0,1.0,601,43,0,Urban,0.4574,Y
Male,No,2,Graduate,No,58478,0,15.9,360.0,1.0,631,32,2,Urban,0.0755,Y
Male,No,1,Graduate,Yes,28531,0,11.0,360.0,1.0,719,44,3,Semiurban,0.1071,Y
Male,Yes,0,Not Graduate,Yes,37020,0,15.8,180.0,0.0,375,31,0,Semiurban,0.2371,N
Female,No,1,Not Graduate,Yes,96429,0,22.4,360.0,1.0,833,36,0,Semiurban,0.0645,Y
Female,Yes,0,Not Graduate,No,107625,0,28.4,360.0,1.0,701,33,2,Rural,0.0733,Y
Male,Yes,3+,Not Graduate,No,33265,9415,21.6,120.0,0.0,490,54,0,Semiurban,0.4217,N
Female,Yes,2,Not Graduate,No,59213,0,29.7,360.0,,502,51,0,Urban,0.1393,N
Male,Yes,0,Graduate,No,33653,35786,8.1,360.0,1.0,653,27,0,Urban,0.0324,Y
Male,No,0,Graduate,No,38429,0,33.8,360.0,1.0,711,53,2,Semiurban,0.2443,Y
Male,Yes,1,Graduate,,32765,20359,10.2,300.0,1.0,724,29,0,Semiurban,0.064,Y
Female,Yes,0,Not Graduate,,18729,25313,36.2,360.0,1.0,693,58,0,Urban,0.2283,Y
Female,Yes,0,Graduate,No,46515,14323,27.2,360.0,1.0,642,55,0,Rural,0.1242,Y
Female,No,0,Graduate,No,51230,0,6.5,300.0,1.0,709,62,2,Urban,0.0423,Y
Male,No,,Graduate,No,31714,0,31.3,360.0,1.0,523,41,1,Semiurban,0.2741,Y
Female,No,0,Not Graduate,No,76412,0,36.5,360.0,1.0,601,35,2,Urban,0.1327,Y
Male,No,2,Graduate,No,35666,0,42.7,360.0,1.0,649,35,1,Rural,0.3326,Y
Female,Yes,3+,Graduate,No,32254,12741,12.7,360.0,1.0,589,42,1,Rural,0.0784,Y
,Yes,2,Graduate,Yes,57714,46534,22.4,240.0,0.0,570,27,0,Urban,0.0895,N
Male,Yes,2,Not Graduate,No,20510,9868,30.5,180.0,0.0,470,21,2,Rural,0.5578,N
Female,Yes,0,Graduate,No,69797,0,31.2,360.0,0.0,744,34,1,Urban,0.1242,N
Female,No,0,Graduate,No,36276,0,25.7,120.0,1.0,579,38,1,Semiurban,0.5904,N
Male,Yes,0,Graduate,No,72740,11400,15.5,360.0,1.0,846,44,1,Rural,0.0512,Y
Female,No,2,Graduate,No,84463,0,36.3,240.0,1.0,530,42,0,Semiurban,0.1791,Y
Male,Yes,3+,Graduate,No,61088,0,36.5,300.0,1.0,850,40,0,Rural,0.1992,Y
Female,,1,Graduate,No,29555,16056,18.3,360.0,1.0,763,51,1,Rural,0.1114,Y
Female,Yes,2,Graduate,No,23732,111070,12.6,300.0,1.0,781,28,0,Rural,0.0312,Y
Female,No,1,Not Graduate,No,21654,0,13.0,240.0,1.0,587,31,0,Urban,0.2501,Y
Male,No,0,Graduate,No,76992,0,45.6,360.0,0.0,561,61,1,Urban,0.1645,N
Male,No,0,Graduate,No,41465,0,35.5,360.0,1.0,687,21,1,Semiurban,0.2378,Y
Male,Yes,0,Not Graduate,No,32872,13245,19.8,360.0,1.0,701,50,2,Semiurban,0.1193,Y
Female,No,0,Graduate,Yes,41521,0,17.8,360.0,0.0,705,44,1,Semiurban,0.1191,N
Male,Yes,1,Graduate,No,76139,8528,7.0,300.0,1.0,772,38,0,Urban,0.0276,Y
Male,Yes,0,Graduate,No,65471,21447,19.1,300.0,1.0,695,48,0,Rural,0.0732,Y
Male,No,1,Not Graduate,No,55230,0,9.8,240.0,0.0,680,46,1,Rural,0.0739,N
Male,Yes,1,Not Graduate,No,61019,20916,22.1,360.0,1.0,816,22,2,Semiurban,0.0749,Y
Female,No,0,Graduate,No,48537,0,40.9,300.0,0.0,539,27,0,Urban,0.2809,N
Male,Yes,0,Graduate,No,51589,25879,11.2,360.0,1.0,656,33,1,Urban,0.0402,Y
Female,,0,Graduate,No,49539,34132,23.2,240.0,1.0,850,21,0,Urban,0.1155,Y
Male,No,0,Graduate,No,44354,0,36.5,360.0,1.0,688,38,0,Semiurban,0.2286,Y
Male,Yes,2,Graduate,No,64646,0,22.9,180.0,1.0,652,45,1,Rural,0.1968,Y
Male,No,0,Graduate,No,53138,0,14.7,360.0,1.0,696,51,1,Urban,0.0768,Y
Male,Yes,1,Graduate,No,28557,0,20.2,360.0,0.0,687,39,0,Semiurban,0.1965,N
Male,Yes,2,Graduate,No,57782,0,35.7,360.0,,775,30,2,Semiurban,0.1716,Y
Female,Yes,2,Graduate,No,50193,20373,23.5,360.0,1.0,699,40,2,Urban,0.0925,Y
Male,Yes,2,Graduate,No,60217,0,20.0,360.0,0.0,645,37,2,Semiurban,0.0923,N
Female,Yes,0,Graduate,No,42104,0,40.2,360.0,1.0,733,47,0,Semiurban,0.2652,Y
Male,Yes,0,Graduate,No,66561,0,27.4,180.0,1.0,697,38,0,Rural,0.2287,Y
Male,No,0,Not Graduate,No,43015,0,9.8,240.0,1.0,683,48,2,Semiurban,0.0949,Y
Female,Yes,0,Graduate,Yes,63700,18499,29.3,360.0,1.0,723,35,1,Semiurban,0.099,Y
Male,Yes,3+,Graduate,No,35304,24027,35.5,360.0,1.0,673,52,3,Urban,0.1662,N
Male,Yes,1,Graduate,No,36548,21351,9.6,360.0,1.0,716,40,0,Urban,0.0461,Y
Male,Yes,0,Graduate,No,59936,34784,5.1,,1.0,706,31,3,Urban,0.015,Y
Male,No,0,Graduate,Yes,37576,0,10.7,360.0,1.0,579,34,0,Urban,0.0791,Y
Female,No,0,Not Graduate,No,133638,0,18.9,360.0,1.0,662,46,0,Urban,0.0393,Y
Male,Yes,1,Graduate,No,58878,0,36.8,360.0,1.0,687,24,0,Urban,0.1736,Y
Female,No,1,Graduate,No,44912,0,11.8,360.0,1.0,850,37,3,Semiurban,0.073,Y
Female,Yes,,Graduate,No,66833,52568,28.0,180.0,1.0,696,50,0,Semiurban,0.1303,Y
Male,Yes,3+,Not Graduate,No,34880,41947,3.5,300.0,,735,44,0,Urban,0.0152,Y
Female,No,0,Not Graduate,Yes,70369,0,,240.0,1.0,850,25,0,Urban,0.1326,Y
,Yes,0,Graduate,Yes,69398,42214,15.7,360.0,,448,41,0,Semiurban,0.0391,N
Female,No,0,Graduate,No,83014,0,70.8,300.0,0.0,452,23,1,Urban,0.2843,Y
Male,No,0,Graduate,No,35582,0,6.5,360.0,0.0,520,40,2,Semiurban,0.0507,N
Female,Yes,3+,Graduate,No,24068,7396,19.9,360.0,1.0,680,53,0,Semiurban,0.1757,Y
Male,No,1,Graduate,No,32693,0,6.4,360.0,0.0,569,39,0,Urban,0.0544,N
Male,No,1,Not Graduate,Yes,38530,0,14.4,360.0,0.0,544,26,1,Urban,0.1038,N
Female,Yes,0,Not Graduate,No,102090,0,7.2,180.0,1.0,599,36,0,Urban,0.0392,Y
Female,Yes,,Graduate,No,132920,0,79.9,120.0,1.0,798,40,2,Urban,0.5009,Y
Male,Yes,0,Graduate,No,52698,17202,16.2,180.0,1.0,669,50,0,Rural,0.1288,Y
Male,No,0,Graduate,No,44565,0,17.7,360.0,1.0,817,50,3,Urban,0.1103,Y
Female,No,1,Graduate,No,37237,0,19.6,300.0,1.0,618,26,0,Semiurban,0.1754,Y
Female,Yes,0,Graduate,No,66993,14675,10.2,180.0,1.0,850,34,0,Semiurban,0.0694,Y
Female,Yes,1,Graduate,No,132494,0,37.8,360.0,1.0,560,42,1,Urban,0.0792,Y
Female,Yes,2,Graduate,Yes,108329,8611,29.5,240.0,1.0,709,31,2,Urban,0.1051,Y
Female,Yes,0,Graduate,No,78354,19990,34.8,360.0,0.0,500,43,0,Rural,0.0983,N
Female,Yes,1,Not Graduate,Yes,77781,28381,9.7,360.0,1.0,713,23,0,Rural,0.0254,Y
Male,Yes,0,Graduate,No,67249,40497,,360.0,1.0,622,41,1,Urban,0.1023,Y
Male,Yes,1,Graduate,No,43319,26220,37.0,360.0,1.0,517,49,0,Urban,0.1478,Y
Female,Yes,,Graduate,No,30691,8080,17.5,300.0,1.0,640,39,1,Rural,0.1505,Y
Female,Yes,3+,Graduate,Yes,43897,56760,34.4,300.0,1.0,850,40,0,Urban,0.1139,Y
Male,Yes,0,Not Graduate,No,54785,60193,23.7,240.0,1.0,620,47,1,Urban,0.0859,Y
Male,No,0,Not Graduate,Yes,21444,0,7.7,360.0,1.0,756,33,2,Urban,0.0997,Y
Female,Yes,0,Graduate,No,41090,0,18.0,360.0,0.0,591,45,0,Urban,0.1217,N
Male,Yes,0,Graduate,No,29350,0,15.0,360.0,1.0,669,38,2,Urban,0.142,Y
Male,Yes,1,Graduate,No,73638,19102,21.1,360.0,1.0,850,28,0,Semiurban,0.0632,Y
Male,Yes,3+,Not Graduate,No,33696,26771,37.1,360.0,1.0,682,48,1,Semiurban,0.1704,Y
Male,Yes,0,Graduate,Yes,52266,0,7.5,360.0,1.0,725,53,0,Semiurban,0.0399,Y
Male,Yes,0,Graduate,No,31257,12078,15.4,360.0,1.0,718,51,0,Urban,0.0987,Y
Male,Yes,0,Graduate,No,98602,45076,12.3,300.0,1.0,850,48,1,Semiurban,0.0285,Y
Male,No,0,Not Graduate,No,18951,0,12.6,240.0,1.0,575,44,1,Semiurban,0.277,Y
Female,No,0,Graduate,No,56270,0,12.3,180.0,1.0,850,42,0,Urban,0.1214,Y
Male,No,0,Graduate,Yes,23421,0,20.9,300.0,1.0,847,37,0,Urban,0.2974,Y
Female,No,1,Graduate,No,34384,0,27.5,240.0,1.0,746,31,0,Urban,0.3332,Y
Female,No,0,Not Graduate,No,49173,0,24.8,360.0,0.0,646,21,0,Urban,0.1401,N
Male,Yes,0,Graduate,Yes,50397,0,22.5,360.0,0.0,569,21,0,Rural,0.124,N
Female,Yes,2,Not Graduate,No,49743,24208,29.2,360.0,0.0,604,38,1,Semiurban,0.1097,Y
Male,Yes,0,Graduate,No,47852,18927,83.8,120.0,0.0,628,24,3,Urban,1.0457,N
Female,Yes,1,Graduate,No,32179,20776,21.8,360.0,1.0,628,43,1,Semiurban,0.1144,Y
Male,No,1,Not Graduate,No,40863,0,37.1,360.0,1.0,847,57,0,Urban,0.2522,N
Female,Yes,1,Not Graduate,No,45063,20941,35.8,300.0,1.0,730,21,3,Urban,0.1808,Y
Female,Yes,0,Graduate,No,48907,20819,58.4,360.0,1.0,723,27,0,Urban,0.2327,Y
Male,Yes,0,Graduate,No,42923,46452,28.1,360.0,1.0,632,62,1,Semiurban,0.0873,Y
Male,Yes,2,Graduate,No,63882,0,12.1,360.0,1.0,815,47,0,Urban,0.0526,Y
Female,No,2,Graduate,No,46476,0,24.1,300.0,1.0,706,37,1,Urban,0.1728,Y
Female,No,0,Graduate,Yes,49053,0,23.4,240.0,0.0,543,32,0,Urban,0.1988,N
Male,Yes,0,Graduate,No,36632,119503,32.8,300.0,1.0,612,44,0,Urban,0.07,Y
Female,No,0,Graduate,No,26207,0,11.9,360.0,1.0,695,49,1,Semiurban,0.1261,Y
Male,Yes,0,Graduate,No,47907,81222,,360.0,1.0,605,24,2,Rural,0.0923,Y
Female,No,1,Graduate,No,81123,0,20.1,120.0,0.0,621,54,0,Semiurban,0.2065,N
Male,Yes,0,Graduate,No,55378,14102,33.2,360.0,0.0,660,42,0,Semiurban,0.1327,Y
Female,Yes,0,Graduate,No,29474,30320,24.2,240.0,1.0,675,48,0,Rural,0.1686,Y
Male,Yes,2,Graduate,No,66661,42940,21.6,360.0,1.0,731,49,2,Urban,0.0547,Y
Male,No,0,Graduate,No,37513,0,,360.0,1.0,820,41,3,Urban,0.171,Y
Male,No,2,Graduate,No,63407,0,30.1,360.0,1.0,694,43,0,Semiurban,0.1319,Y
Male,Yes,1,Graduate,No,36887,21614,65.1,300.0,1.0,701,44,0,Urban,0.3709,Y
Male,Yes,0,Graduate,No,52926,13695,6.0,300.0,0.0,590,34,0,Semiurban,0.03,Y
Male,No,1,Graduate,No,34226,0,27.8,300.0,1.0,670,45,0,Urban,0.2707,Y
Female,Yes,1,Not Graduate,Yes,34665,0,20.6,360.0,1.0,678,35,0,Urban,0.1651,Y
Male,Yes,0,Graduate,No,20269,30601,18.1,360.0,0.0,521,38,0,Semiurban,0.0988,N
Male,Yes,0,Graduate,No,57299,38519,4.9,360.0,1.0,749,55,0,Rural,0.0142,Y
,Yes,0,Graduate,No,53374,27884,28.4,240.0,1.0,704,38,0,Urban,0.1456,Y
Male,No,3+,Not Graduate,No,54897,0,18.6,360.0,1.0,764,43,1,Urban,0.0941,Y
Male,No,1,Graduate,No,50902,0,12.2,120.0,1.0,802,36,2,Semiurban,0.1997,Y
Male,Yes,0,Not Graduate,No,30299,11311,20.6,240.0,1.0,615,34,2,Urban,0.2063,Y
Male,Yes,1,Graduate,Yes,71894,17708,,360.0,0.0,515,59,1,Urban,0.0521,N
Male,No,0,Not Graduate,No,72867,0,7.1,300.0,1.0,772,22,3,Urban,0.0325,Y
Male,Yes,1,Graduate,No,29908,14363,21.2,180.0,1.0,687,39,0,Semiurban,0.266,Y
Female,No,1,Graduate,No,57876,0,28.4,120.0,1.0,717,25,0,Rural,0.4089,Y
Male,Yes,0,Not Graduate,No,68699,0,14.4,360.0,1.0,718,52,0,Semiurban,0.0582,Y
Male,Yes,2,Graduate,No,35065,11870,23.5,300.0,1.0,625,37,0,Urban,0.1669,Y
Female,No,1,Graduate,No,38253,0,21.4,120.0,1.0,756,33,2,Urban,0.4662,N
Male,No,1,Graduate,No,57934,0,37.6,300.0,1.0,732,21,0,Urban,0.2163,Y
Female,Yes,0,Graduate,Yes,20844,15221,18.9,300.0,1.0,619,55,1,Rural,0.1747,Y
Male,No,2,Not Graduate,No,25738,0,32.5,360.0,1.0,695,23,1,Semiurban,0.3507,Y
Female,Yes,3+,Graduate,No,27041,5941,16.6,360.0,0.0,580,43,2,Urban,0.1398,N
Female,Yes,0,Not Graduate,No,18067,18856,65.4,,0.0,657,48,1,Semiurban,0.5904,N
Male,No,0,Not Graduate,Yes,76303,0,15.5,360.0,1.0,816,62,0,Semiurban,0.0564,Y
Female,No,0,Graduate,No,16415,0,13.3,180.0,1.0,709,32,1,Rural,0.4501,N
Male,Yes,2,Graduate,No,52657,0,18.9,180.0,,559,29,1,Rural,0.1994,Y
Male,Yes,1,Not Graduate,No,66559,65569,13.0,360.0,1.0,775,33,1,Urban,0.0273,Y
Female,Yes,0,Graduate,No,38300,25749,9.5,360.0,1.0,850,32,0,Semiurban,0.0412,Y
Female,Yes,2,Not Graduate,No,31755,13245,31.1,300.0,1.0,775,21,0,Semiurban,0.2304,Y
Male,Yes,0,Not Graduate,No,49832,0,3.2,240.0,1.0,685,56,0,Urban,0.0268,Y
Male,No,2,Graduate,No,44397,0,13.1,360.0,1.0,746,33,0,Semiurban,0.082,Y
Male,Yes,0,Not Graduate,No,73259,0,9.0,360.0,1.0,782,36,0,Semiurban,0.0341,Y
Male,No,0,Graduate,No,12000,0,21.9,360.0,1.0,720,45,0,Urban,0.5069,N
Female,Yes,0,Graduate,No,28019,0,5.4,360.0,1.0,828,53,3,Semiurban,0.0535,Y
Male,Yes,0,Not Graduate,No,58735,0,27.9,360.0,1.0,608,25,0,Semiurban,0.1319,Y
Male,Yes,1,Not Graduate,No,45489,28938,29.8,360.0,1.0,674,42,1,Urban,0.1112,Y
Male,Yes,1,Graduate,No,64603,0,7.5,360.0,1.0,751,25,1,Urban,0.0322,Y
Male,Yes,0,Graduate,Yes,50565,0,,360.0,1.0,773,42,1,Semiurban,0.1236,Y
Male,No,0,Graduate,Yes,41466,0,27.4,360.0,1.0,661,41,0,Urban,0.1835,Y
Female,Yes,0,Graduate,No,38134,0,35.3,360.0,1.0,669,33,1,Rural,0.2571,Y
Female,No,1,Graduate,No,141850,0,8.3,300.0,1.0,650,41,1,Urban,0.0195,Y
Female,Yes,1,Graduate,Yes,95557,11549,7.6,360.0,1.0,643,41,3,Urban,0.0197,Y
Male,No,0,Graduate,No,56826,0,49.5,360.0,1.0,757,37,0,Urban,0.242,Y
Female,Yes,1,Not Graduate,No,46131,0,12.3,300.0,1.0,707,36,1,Semiurban,0.0889,Y
Female,No,0,Graduate,No,58050,0,14.6,120.0,1.0,827,23,2,Semiurban,0.2096,Y
Female,Yes,3+,Graduate,No,67065,13937,29.4,300.0,1.0,612,26,0,Semiurban,0.121,Y
Male,No,3+,Not Graduate,No,54689,0,10.0,360.0,1.0,696,31,2,Urban,0.0508,Y
Male,No,1,Not Graduate,No,30464,0,17.1,360.0,1.0,776,27,0,Rural,0.1559,Y
Male,Yes,3+,Not Graduate,No,108256,0,34.3,240.0,1.0,741,32,0,Urban,0.132,Y
Male,Yes,2,Graduate,No,50167,20244,8.6,120.0,1.0,611,37,3,Urban,0.1018,Y
Male,Yes,,Graduate,Yes,121414,5878,14.9,360.0,,814,39,0,Urban,0.0325,Y
Male,No,1,Graduate,No,48707,0,10.2,360.0,1.0,719,44,1,Urban,0.0582,Y
Male,Yes,0,Graduate,Yes,39229,0,12.6,180.0,1.0,850,40,0,Urban,0.1784,Y
Female,Yes,0,Graduate,No,88616,9605,,360.0,1.0,698,39,0,Urban,0.1157,Y
Male,Yes,0,Graduate,Yes,51565,37158,46.7,360.0,0.0,694,44,3,Urban,0.1462,N
Male,Yes,1,Graduate,No,47416,0,23.4,360.0,0.0,558,28,0,Rural,0.1371,N
Female,No,0,Graduate,No,24339,0,27.6,360.0,1.0,689,29,0,Urban,0.315,Y
Female,Yes,0,Graduate,No,61704,0,27.2,300.0,1.0,754,34,0,Rural,0.1469,Y
Female,Yes,0,Graduate,Yes,34660,17704,13.4,360.0,1.0,557,30,0,Semiurban,0.0711,Y
Female,No,0,Graduate,No,35458,0,23.2,360.0,1.0,528,21,0,Urban,0.1817,Y
Male,Yes,1,Graduate,Yes,34708,15596,9.2,360.0,1.0,649,44,1,Semiurban,0.0508,Y
Female,No,3+,Graduate,Yes,55244,0,11.3,,0.0,473,27,1,Semiurban,0.1136,N
Male,,1,Graduate,No,20585,25416,19.1,360.0,1.0,507,58,0,Urban,0.1153,Y
Male,Yes,1,Graduate,No,39918,12985,10.6,360.0,1.0,777,40,1,Rural,0.0557,Y
Male,Yes,1,Graduate,Yes,72413,8031,9.4,360.0,1.0,639,21,1,Semiurban,0.0325,Y
Male,No,0,Graduate,No,23793,0,13.1,360.0,1.0,679,45,2,Rural,0.1529,Y
Male,Yes,0,Not Graduate,No,48361,0,40.0,120.0,1.0,723,38,2,Rural,0.6892,Y
Female,Yes,2,Graduate,No,32348,17793,51.1,240.0,1.0,755,41,3,Urban,0.4246,Y
Female,Yes,0,Graduate,No,36249,72505,19.7,240.0,1.0,735,33,0,Urban,0.0755,Y
Male,Yes,0,Not Graduate,No,101476,16174,28.5,300.0,1.0,728,28,0,Urban,0.0807,Y
Male,,2,Graduate,No,19434,0,14.3,360.0,1.0,752,22,1,Rural,0.2044,Y
Female,Yes,0,Graduate,No,65044,31495,5.8,120.0,1.0,665,24,0,Rural,0.0501,Y
Female,No,0,Graduate,No,34928,0,11.8,300.0,1.0,646,23,2,Semiurban,0.1126,Y
,Yes,0,Not Graduate,No,34070,11906,16.7,360.0,1.0,501,34,0,Urban,0.1009,Y
Female,No,0,Graduate,No,25444,0,21.9,360.0,1.0,767,37,0,Urban,0.2391,Y
Male,Yes,0,Graduate,No,64663,32441,18.9,360.0,1.0,648,21,0,Rural,0.0541,Y
Male,Yes,0,Graduate,No,40308,0,17.0,360.0,1.0,850,48,1,Rural,0.1172,Y
Female,Yes,1,Graduate,No,37842,7238,14.2,300.0,1.0,776,40,1,Urban,0.105,Y
Male,No,2,Graduate,No,46860,0,24.7,240.0,1.0,796,65,2,Urban,0.2196,Y
Male,Yes,0,Not Graduate,No,40736,13810,8.9,120.0,0.0,654,34,0,Urban,0.136,N
Female,No,2,Graduate,No,16312,0,32.5,360.0,1.0,758,63,1,Urban,0.5534,Y
Female,No,0,Graduate,Yes,34703,0,14.1,300.0,1.0,753,46,1,Rural,0.1354,Y
Male,Yes,0,Graduate,No,69405,55608,69.4,300.0,1.0,761,21,2,Semiurban,0.185,Y
Male,Yes,0,Graduate,No,20883,16830,16.6,180.0,1.0,726,25,0,Semiurban,0.2445,Y
Male,Yes,1,Not Graduate,No,25720,0,15.1,240.0,1.0,655,41,0,Semiurban,0.2446,Y
Female,Yes,0,Graduate,No,35832,15864,14.3,240.0,1.0,604,21,0,Urban,0.1153,Y
Male,,1,Graduate,No,30859,0,15.1,360.0,1.0,748,28,2,Urban,0.1359,Y
Male,No,2,Graduate,No,43742,0,28.9,360.0,1.0,826,21,0,Rural,0.1835,Y
Female,Yes,0,Graduate,No,25680,16959,19.6,120.0,1.0,699,62,0,Semiurban,0.3831,Y
Male,Yes,1,Graduate,Yes,36537,29973,36.3,240.0,0.0,604,50,2,Urban,0.2274,N
Male,Yes,3+,Not Graduate,Yes,43304,0,26.5,360.0,,591,34,0,Urban,0.17,Y
Male,Yes,0,Graduate,No,61357,17921,20.5,120.0,1.0,669,55,3,Urban,0.2155,N
,No,0,Not Graduate,No,82652,0,,360.0,1.0,599,52,0,Urban,0.0844,Y
Male,Yes,1,Graduate,No,38919,12178,41.2,300.0,1.0,606,52,1,Semiurban,0.2688,Y
Male,No,1,Not Graduate,No,114009,0,29.8,360.0,1.0,719,32,1,Semiurban,0.0726,Y
Female,Yes,0,Graduate,No,40459,13352,23.8,360.0,1.0,705,35,0,Semiurban,0.1229,Y
Male,Yes,0,Graduate,No,67133,17269,25.9,240.0,1.0,781,26,0,Rural,0.1279,Y
Male,Yes,0,Not Graduate,No,116513,45763,10.1,180.0,1.0,779,37,1,Semiurban,0.0346,Y
Male,Yes,0,Graduate,No,47556,37235,94.0,360.0,0.0,511,29,1,Urban,0.3079,N
Male,Yes,0,Not Graduate,No,22320,69484,27.6,360.0,1.0,536,26,2,Urban,0.0835,Y
Male,No,,Graduate,No,46418,0,29.3,360.0,1.0,625,50,0,Rural,0.1753,Y
Male,No,2,Graduate,No,32669,0,19.7,360.0,1.0,646,45,1,Semiurban,0.1675,Y
Male,Yes,0,Not Graduate,No,38669,92967,5.1,360.0,1.0,760,28,0,Urban,0.0108,Y
Male,Yes,1,Graduate,No,119669,33106,17.1,240.0,1.0,765,48,1,Semiurban,0.0466,Y
Female,Yes,2,Graduate,Yes,24068,19766,21.0,300.0,1.0,706,41,1,Semiurban,0.1597,Y
Female,No,0,Graduate,No,51546,0,12.3,240.0,0.0,657,35,0,Rural,0.0994,Y
Female,Yes,0,Graduate,Yes,28599,24972,12.2,180.0,1.0,850,55,0,Rural,0.1265,Y
Female,No,0,Graduate,No,38032,0,16.4,360.0,0.0,579,41,0,Semiurban,0.1198,N
Male,Yes,2,Graduate,No,64371,0,31.9,180.0,1.0,689,58,1,Semiurban,0.2753,Y
Female,Yes,0,Graduate,No,52004,68783,42.7,180.0,1.0,634,44,1,Urban,0.1964,Y
Male,No,3+,Graduate,No,39636,0,22.3,300.0,0.0,619,45,0,Semiurban,0.1875,N
Female,Yes,0,Graduate,No,32052,25045,14.3,180.0,1.0,812,26,3,Rural,0.1391,Y
Female,Yes,0,Graduate,No,51950,0,16.2,240.0,1.0,665,32,2,Semiurban,0.1299,Y
Female,Yes,0,Not Graduate,No,104177,13653,21.3,180.0,0.0,555,54,1,Semiurban,0.1004,N
Female,Yes,0,Graduate,No,28263,0,22.9,360.0,1.0,663,51,1,Rural,0.2251,Y
Male,Yes,2,Graduate,No,115362,12650,26.1,360.0,1.0,606,34,0,Urban,0.0566,Y
Male,No,3+,Not Graduate,No,80801,0,15.4,360.0,1.0,722,23,0,Urban,0.0529,Y
Male,No,0,Not Graduate,No,87963,0,27.6,360.0,1.0,725,56,1,Semiurban,0.0872,Y
Female,Yes,3+,Graduate,No,51752,38308,26.3,360.0,1.0,706,50,0,Rural,0.0811,Y
Male,No,2,Graduate,No,79663,0,15.8,240.0,0.0,756,25,0,Rural,0.0826,Y
Female,Yes,0,Graduate,Yes,26785,14681,7.2,360.0,1.0,746,25,1,Semiurban,0.0482,Y
Female,Yes,,Graduate,No,31760,59378,11.8,360.0,1.0,610,58,0,Rural,0.036,Y
Male,Yes,0,Not Graduate,No,65050,62395,51.4,240.0,1.0,767,32,0,Semiurban,0.168,Y
Female,Yes,1,Not Graduate,Yes,51427,0,7.3,360.0,0.0,559,33,0,Urban,0.0394,N
Female,,0,Not Graduate,No,41184,21925,44.3,300.0,0.0,560,31,1,Rural,0.234,N
Female,No,1,Graduate,No,12692,0,7.1,120.0,1.0,694,42,1,Urban,0.4661,Y
Female,Yes,0,Graduate,No,35677,0,12.6,180.0,1.0,684,23,0,Urban,0.1962,Y
Male,Yes,2,Not Graduate,No,24661,0,16.0,300.0,0.0,614,41,0,Urban,0.2163,N
Female,Yes,2,Graduate,No,56770,37959,58.5,360.0,0.0,780,23,0,Urban,0.1715,N
Female,No,0,Graduate,No,40312,0,20.4,300.0,1.0,677,23,0,Urban,0.1687,Y
Male,No,0,Graduate,No,32398,0,17.7,360.0,1.0,718,23,0,Urban,0.1518,Y
Male,Yes,0,Graduate,No,166284,21326,11.5,180.0,1.0,731,23,0,Urban,0.0341,Y
Female,Yes,1,Graduate,No,74540,54713,27.5,300.0,1.0,664,46,0,Urban,0.0709,Y
Male,Yes,0,Not Graduate,No,75202,15038,14.8,180.0,0.0,554,46,2,Semiurban,0.0911,N
Female,Yes,1,Graduate,Yes,133400,29718,17.5,360.0,1.0,799,36,3,Rural,0.0298,Y
Female,Yes,0,Graduate,Yes,66244,20813,16.2,360.0,1.0,664,31,1,Rural,0.0517,Y
Male,Yes,0,Graduate,No,30168,42684,30.9,300.0,1.0,630,53,0,Rural,0.1414,Y
Male,,0,Graduate,No,28454,28650,31.7,360.0,0.0,750,46,1,Semiurban,0.1542,N
Female,Yes,0,Graduate,No,71858,39385,11.8,360.0,1.0,602,25,1,Semiurban,0.0295,Y
Male,Yes,2,Graduate,No,15840,14981,13.8,120.0,1.0,790,42,0,Urban,0.3731,Y
Male,No,3+,Graduate,Yes,42664,0,13.0,300.0,1.0,692,41,0,Urban,0.1016,Y
Male,No,0,Not Graduate,No,14979,0,22.4,360.0,0.0,481,46,0,Semiurban,0.4154,N
Male,Yes,0,Graduate,No,46603,0,34.6,360.0,1.0,676,68,0,Semiurban,0.2062,Y
Female,Yes,0,Not Graduate,Yes,67985,22499,22.6,360.0,1.0,690,29,1,Rural,0.0694,Y
Male,Yes,1,Graduate,No,51006,0,5.4,300.0,0.0,443,44,0,Semiurban,0.0353,N
Female,Yes,0,Graduate,No,70902,0,31.7,300.0,1.0,749,54,0,Urban,0.149,Y
Male,No,1,Graduate,No,118470,0,8.9,120.0,1.0,739,57,1,Rural,0.0626,Y
Male,Yes,3+,Graduate,Yes,41284,13675,13.1,360.0,1.0,679,40,0,Semiurban,0.0662,Y
Female,No,0,Graduate,No,180561,0,22.6,360.0,1.0,753,24,0,Rural,0.0348,Y
Female,No,2,Graduate,No,49332,0,19.1,360.0,0.0,608,21,2,Rural,0.1075,N
Male,Yes,0,Graduate,No,71295,7275,33.9,360.0,1.0,826,47,0,Urban,0.1198,Y
Male,Yes,0,Graduate,No,32678,0,13.9,300.0,0.0,493,42,0,Urban,0.1418,N
Male,Yes,0,Graduate,No,99674,34602,11.2,120.0,1.0,684,39,0,Urban,0.0695,Y
Male,Yes,0,Graduate,No,74672,69365,16.7,360.0,1.0,800,41,0,Urban,0.0322,Y
Female,Yes,0,Graduate,No,92570,0,36.1,300.0,0.0,639,49,1,Urban,0.13,N
Male,Yes,0,Graduate,No,45581,22452,29.3,360.0,0.0,383,44,0,Semiurban,0.1196,N
Male,No,0,Graduate,No,23678,0,21.2,240.0,1.0,560,42,1,Rural,0.373,N
Male,Yes,0,Graduate,Yes,55837,24068,44.5,180.0,1.0,710,31,0,Rural,0.3094,Y
Female,Yes,1,Graduate,No,18987,9847,39.9,180.0,1.0,850,49,2,Semiurban,0.7687,N
Female,Yes,3+,Graduate,Yes,37493,13027,32.2,360.0,1.0,671,32,3,Urban,0.177,Y
Male,No,0,Graduate,No,48803,0,9.9,360.0,0.0,648,49,0,Urban,0.0563,Y
Female,Yes,0,Not Graduate,No,145599,16261,32.1,360.0,1.0,717,34,0,Semiurban,0.0551,Y
Male,No,0,Graduate,Yes,52014,0,17.8,360.0,1.0,762,44,1,Urban,0.0951,Y
Male,Yes,2,Not Graduate,No,47561,19782,15.8,240.0,1.0,806,57,0,Rural,0.0978,Y
Female,Yes,1,Graduate,No,42980,8449,13.3,240.0,1.0,795,45,0,Rural,0.1078,Y
Female,Yes,0,Not Graduate,No,22674,49904,18.1,240.0,1.0,792,54,0,Urban,0.1039,Y
Female,Yes,0,Graduate,No,46301,8772,13.8,300.0,1.0,655,34,0,Semiurban,0.0835,Y
Male,No,0,Not Graduate,No,46697,0,22.2,360.0,1.0,696,39,0,Urban,0.1321,Y
Male,Yes,0,Graduate,No,27329,19153,18.1,360.0,0.0,637,34,1,Semiurban,0.1082,N
Female,No,3+,Graduate,No,24505,0,22.9,360.0,1.0,753,21,0,Urban,0.2596,Y
Male,Yes,2,Graduate,No,34864,15237,28.0,360.0,1.0,764,50,0,Urban,0.1552,Y
Male,Yes,0,Graduate,No,45820,0,16.8,360.0,0.0,431,44,0,Semiurban,0.1018,N
Male,Yes,0,Not Graduate,No,35285,24683,12.9,360.0,1.0,818,43,1,Semiurban,0.0598,Y
Female,Yes,0,Not Graduate,No,26227,18963,6.0,240.0,0.0,437,52,2,Semiurban,0.0553,N
Male,No,0,Not Graduate,Yes,51258,0,31.9,360.0,1.0,642,26,1,Semiurban,0.1729,Y
Male,No,2,Graduate,No,58072,0,21.1,360.0,1.0,728,23,3,Semiurban,0.1009,Y
Female,Yes,0,Graduate,No,47129,9485,18.1,360.0,1.0,707,52,0,Rural,0.0888,Y
Male,Yes,0,Graduate,No,33473,6599,40.6,240.0,0.0,718,37,0,Rural,0.4221,N
Male,Yes,0,Not Graduate,No,59720,0,9.3,300.0,1.0,605,40,2,Rural,0.0519,Y
Male,Yes,2,Graduate,No,40325,23693,20.8,300.0,,677,22,0,Rural,0.1083,Y
Male,Yes,1,Graduate,No,24476,24883,11.3,180.0,0.0,413,54,2,Semiurban,0.1272,N
Male,Yes,0,Graduate,Yes,74468,12741,29.8,300.0,0.0,602,45,1,Semiurban,0.1139,N
Male,Yes,0,Graduate,No,52932,41291,5.3,240.0,0.0,571,32,3,Urban,0.0234,N
Female,Yes,0,Not Graduate,No,41788,15162,32.5,300.0,1.0,598,61,0,Urban,0.1902,Y
Male,,3+,Graduate,Yes,20221,3133,31.7,180.0,1.0,828,23,0,Rural,0.7541,N
Female,Yes,0,Graduate,No,30564,14810,,360.0,1.0,807,34,0,Rural,0.0704,Y
Female,Yes,0,Graduate,No,121696,18088,20.9,240.0,1.0,716,49,0,Semiurban,0.0623,Y
,Yes,0,Not Graduate,Yes,20865,19554,11.7,300.0,1.0,812,51,2,Semiurban,0.0965,Y
Female,No,2,Graduate,No,39118,0,26.0,120.0,1.0,702,22,0,Urban,0.5539,Y
Male,Yes,0,Graduate,No,43995,14024,32.9,240.0,1.0,774,35,1,Urban,0.2363,Y
Female,Yes,0,Graduate,No,52064,13107,11.0,360.0,0.0,668,46,1,Semiurban,0.0469,N
Male,Yes,1,Graduate,No,20982,17880,9.2,180.0,1.0,614,54,0,Semiurban,0.1315,Y
Male,Yes,1,Graduate,Yes,48392,6962,38.8,360.0,1.0,749,53,3,Rural,0.1947,N
Female,No,1,Graduate,No,19091,0,64.4,120.0,1.0,725,46,3,Urban,2.811,N
Female,Yes,2,Not Graduate,No,46570,0,27.0,300.0,1.0,618,39,1,Semiurban,0.1933,Y
Female,No,,Not Graduate,No,32010,0,28.2,360.0,1.0,595,36,3,Urban,0.2447,N
Male,No,0,Graduate,No,28769,0,16.5,360.0,1.0,755,43,0,Rural,0.1593,Y
Female,Yes,3+,Not Graduate,No,67333,18418,22.4,,0.0,565,54,0,Rural,0.0871,N
Male,Yes,0,Graduate,No,39427,9552,24.8,360.0,0.0,458,36,0,Semiurban,0.1406,N
Male,No,1,Graduate,Yes,56210,0,18.0,360.0,1.0,762,35,3,Rural,0.089,Y
Male,Yes,1,Graduate,No,57149,11812,45.1,,1.0,794,51,1,Semiurban,0.2725,Y
Female,Yes,0,Graduate,,83699,29607,22.3,360.0,1.0,605,50,2,Urban,0.0547,Y
Male,Yes,0,Graduate,No,24243,60416,24.1,360.0,1.0,710,33,0,Semiurban,0.0791,Y
Male,Yes,2,Graduate,No,70228,22876,18.2,180.0,1.0,847,23,0,Urban,0.1086,Y
Female,Yes,2,Not Graduate,No,44722,0,19.4,360.0,0.0,508,21,1,Semiurban,0.1205,N
Male,Yes,1,Graduate,No,36715,0,41.7,240.0,0.0,744,39,0,Rural,0.4732,N
Male,No,0,Graduate,No,24969,0,21.9,300.0,1.0,681,26,2,Rural,0.2924,Y
Male,Yes,0,Graduate,No,60072,0,22.2,300.0,1.0,704,48,0,Urban,0.1232,Y
Female,No,0,Graduate,No,27970,0,22.4,360.0,1.0,584,21,1,Urban,0.2225,N
Male,Yes,0,Graduate,No,57463,50982,16.1,360.0,1.0,588,56,1,Urban,0.0412,Y
Male,Yes,0,Graduate,Yes,116298,0,8.6,240.0,0.0,531,34,1,Urban,0.0308,Y
Female,Yes,3+,Not Graduate,No,72402,25038,51.6,300.0,1.0,790,29,1,Urban,0.1765,Y
Female,Yes,2,Not Graduate,No,88940,12603,38.1,180.0,1.0,850,32,0,Semiurban,0.2084,Y
Male,Yes,1,Graduate,No,30961,6655,,180.0,0.0,825,28,3,Semiurban,0.6277,N
Female,Yes,0,Graduate,Yes,64950,77021,10.6,360.0,1.0,699,55,0,Rural,0.0207,Y
Female,No,0,Not Graduate,No,25032,0,47.8,360.0,1.0,678,45,0,Urban,0.5304,Y
Female,Yes,3+,Graduate,No,39469,6093,65.4,300.0,,621,39,1,Urban,0.4785,Y
Male,Yes,0,Graduate,No,105941,77457,37.6,180.0,1.0,810,25,1,Urban,0.1139,Y
Female,No,0,Graduate,No,32731,0,54.0,300.0,1.0,645,37,3,Urban,0.5499,N
Male,No,0,Graduate,No,77318,0,32.4,240.0,1.0,689,30,2,Urban,0.1746,Y
Male,Yes,2,Not Graduate,No,73705,0,12.1,360.0,0.0,635,21,0,Urban,0.0456,N
Male,Yes,2,Graduate,Yes,75915,0,27.2,180.0,,751,30,0,Semiurban,0.1991,Y
Male,No,0,Graduate,No,23541,0,10.9,300.0,1.0,655,45,0,Rural,0.1543,Y
Male,Yes,2,Graduate,Yes,57676,15169,,360.0,1.0,701,33,0,Semiurban,0.0534,Y
Female,Yes,0,Graduate,No,41015,40675,24.3,360.0,,537,36,0,Semiurban,0.0826,Y
Male,Yes,0,Not Graduate,No,76439,12434,22.4,180.0,0.0,515,49,1,Urban,0.14,N
Male,No,2,Graduate,No,19390,0,26.5,180.0,0.0,498,47,2,Rural,0.7592,N
Male,Yes,2,Graduate,No,53311,0,6.9,360.0,1.0,578,60,3,Urban,0.036,Y
Male,No,1,Not Graduate,No,49672,0,18.3,300.0,1.0,743,21,0,Urban,0.1228,Y
Female,Yes,1,Graduate,No,16398,17346,27.9,360.0,1.0,688,29,1,Urban,0.2297,Y
Male,No,2,Graduate,No,28489,0,31.5,360.0,0.0,488,48,1,Urban,0.3071,N
Male,Yes,2,Graduate,No,17764,6283,32.7,300.0,1.0,599,43,1,Semiurban,0.4533,N
Male,Yes,2,Graduate,Yes,30848,0,23.4,240.0,1.0,598,39,0,Rural,0.3161,Y
Male,No,1,Graduate,No,58373,0,16.0,240.0,1.0,655,31,0,Rural,0.1142,Y
Male,Yes,3+,Graduate,No,48907,13453,27.1,360.0,1.0,811,40,2,Urban,0.1207,Y
Female,Yes,3+,Graduate,No,48276,0,16.8,360.0,1.0,649,40,1,Semiurban,0.0967,Y
Female,Yes,0,Not Graduate,No,26374,0,34.5,360.0,1.0,760,21,1,Semiurban,0.3633,N
Male,Yes,2,Graduate,No,77670,30066,26.0,300.0,1.0,850,40,2,Rural,0.0804,Y
Female,Yes,0,Graduate,No,43940,20990,19.4,240.0,1.0,725,32,0,Semiurban,0.1245,Y
Female,No,0,Graduate,No,45110,0,12.7,300.0,1.0,641,47,0,Semiurban,0.0938,Y
Female,Yes,1,Not Graduate,No,70983,0,39.3,360.0,1.0,702,42,0,Semiurban,0.1538,Y
Male,Yes,0,Graduate,No,27020,27070,28.1,360.0,1.0,706,60,1,Semiurban,0.1443,Y
Male,Yes,0,Not Graduate,No,49726,0,70.9,300.0,1.0,850,38,0,Urban,0.4753,Y
Male,Yes,2,Graduate,No,54816,0,27.5,300.0,1.0,554,26,1,Urban,0.1672,Y
Female,No,,Not Graduate,No,33766,0,29.0,360.0,0.0,690,21,0,Semiurban,0.2386,N
Female,Yes,0,Graduate,Yes,61463,0,8.3,300.0,1.0,553,28,0,Rural,0.045,Y
Male,Yes,3+,Graduate,No,56306,47603,,360.0,0.0,663,42,2,Semiurban,0.0647,N
Male,No,0,Graduate,No,42168,0,16.6,300.0,1.0,673,45,0,Rural,0.1312,Y
Female,Yes,0,Not Graduate,No,41520,41004,33.0,240.0,1.0,850,31,0,Urban,0.1666,Y
Female,No,0,Graduate,Yes,57629,0,24.6,240.0,1.0,771,33,2,Semiurban,0.1779,Y
Female,No,0,Graduate,No,65791,0,36.3,180.0,0.0,642,39,1,Urban,0.3065,N
Female,No,1,Graduate,No,45773,0,72.2,120.0,1.0,625,42,0,Rural,1.3144,N
Male,Yes,2,Not Graduate,No,77660,17961,12.4,240.0,1.0,850,49,0,Urban,0.054,Y
Female,No,0,Not Graduate,No,61652,0,35.4,240.0,0.0,843,32,0,Semiurban,0.2392,N
Female,No,2,Graduate,Yes,18138,0,30.3,240.0,1.0,850,30,1,Urban,0.696,N
Male,Yes,0,Graduate,No,21973,35705,65.9,180.0,0.0,500,60,0,Semiurban,0.6347,N
Male,Yes,0,Graduate,No,80107,13401,30.7,300.0,1.0,693,58,2,Rural,0.1094,Y
Female,Yes,1,Not Graduate,No,39207,24418,28.8,360.0,1.0,603,32,1,Urban,0.1257,Y
Male,Yes,1,Not Graduate,No,48151,0,33.5,360.0,0.0,535,51,0,Rural,0.1933,N
Female,Yes,1,Graduate,Yes,78405,0,34.9,300.0,1.0,736,62,1,Rural,0.1484,Y
Female,Yes,0,Graduate,,44214,20284,48.1,120.0,1.0,776,52,0,Urban,0.6215,Y
Female,Yes,0,Not Graduate,Yes,45190,0,12.3,300.0,1.0,758,30,0,Rural,0.0907,Y
Male,Yes,0,Not Graduate,No,28728,50174,15.9,360.0,1.0,555,39,1,Urban,0.056,Y
Male,Yes,0,Graduate,No,53370,63841,56.9,300.0,1.0,707,21,0,Urban,0.1618,Y
Female,Yes,1,Graduate,No,59472,34735,6.2,240.0,1.0,757,27,1,Semiurban,0.0274,Y
Male,No,0,Graduate,No,33225,0,19.1,360.0,1.0,795,38,2,Semiurban,0.1597,Y
Female,Yes,2,Graduate,,27973,40051,22.0,240.0,1.0,749,40,3,Urban,0.1348,Y
Female,Yes,0,Graduate,No,164908,31139,18.1,360.0,1.0,754,30,1,Urban,0.0256,Y
Male,Yes,0,Graduate,No,42342,60998,51.9,360.0,1.0,689,21,3,Rural,0.1395,Y
Male,Yes,0,Graduate,No,31513,8814,26.7,360.0,1.0,734,40,0,Semiurban,0.1839,Y
Male,No,0,Graduate,No,63152,0,15.9,360.0,1.0,850,46,1,Urban,0.0699,Y
Male,No,2,Graduate,No,43244,0,13.7,240.0,0.0,699,46,0,Semiurban,0.132,N
Female,Yes,0,Graduate,No,25774,17837,23.8,360.0,1.0,743,36,0,Urban,0.1516,Y
Female,No,0,Not Graduate,No,56474,0,40.4,300.0,0.0,656,37,1,Urban,0.2385,N
Female,Yes,2,Graduate,No,28953,10091,21.8,300.0,1.0,717,41,0,Semiurban,0.1861,Y
Female,Yes,1,Graduate,No,97561,31318,18.5,180.0,1.0,716,42,0,Semiurban,0.0797,Y
Male,,0,Graduate,No,56798,14604,13.2,240.0,1.0,796,37,0,Urban,0.077,Y
Female,No,0,Not Graduate,No,38621,0,25.1,360.0,1.0,656,21,0,Rural,0.1805,Y
Female,Yes,1,Not Graduate,No,46848,25344,24.3,300.0,1.0,698,53,0,Urban,0.1122,Y
,No,3+,Graduate,No,69678,0,13.0,300.0,1.0,587,33,0,Semiurban,0.0622,Y
Female,No,2,Not Graduate,No,48678,0,37.2,300.0,1.0,780,25,0,Urban,0.2547,Y
Male,Yes,0,Graduate,Yes,128163,20826,55.9,360.0,1.0,806,34,2,Semiurban,0.1042,Y
Female,Yes,3+,Not Graduate,No,78271,10355,20.7,300.0,1.0,764,39,0,Urban,0.0779,Y
Male,No,0,Graduate,No,56602,0,24.1,360.0,1.0,689,31,0,Semiurban,0.1183,Y
Male,Yes,0,Graduate,No,27764,10289,10.4,360.0,1.0,706,32,0,Semiurban,0.0759,Y
Male,Yes,2,Graduate,No,41215,26143,31.3,360.0,1.0,723,34,0,Urban,0.1291,Y
Female,Yes,0,Graduate,No,56356,29665,26.5,360.0,1.0,809,42,0,Urban,0.0856,Y
Female,Yes,0,Graduate,Yes,29395,0,16.5,360.0,1.0,803,29,1,Semiurban,0.1559,Y
Female,Yes,0,Not Graduate,Yes,84687,12997,12.9,300.0,0.0,461,42,3,Urban,0.044,N
Female,Yes,0,Not Graduate,No,27253,31431,60.9,240.0,1.0,631,23,1,Semiurban,0.4324,N
Male,Yes,1,Graduate,No,32254,23841,25.3,360.0,1.0,749,60,2,Semiurban,0.1253,Y
Female,Yes,,Graduate,No,33485,0,11.6,240.0,0.0,470,50,2,Semiurban,0.1443,N
Male,No,0,Graduate,No,64338,0,33.6,360.0,1.0,793,35,0,Rural,0.1451,Y
Male,No,0,Graduate,No,29659,0,23.1,300.0,1.0,685,42,1,Semiurban,0.2596,Y
Male,Yes,3+,Graduate,No,18034,25071,20.8,360.0,1.0,774,25,1,Rural,0.134,Y
Female,Yes,2,Graduate,Yes,76422,23652,,360.0,1.0,713,44,0,Rural,0.1002,Y
Female,No,0,Not Graduate,No,35518,0,4.2,180.0,1.0,701,47,2,Rural,0.0657,Y
Male,Yes,3+,Graduate,No,25997,0,6.8,360.0,1.0,612,41,3,Urban,0.0727,Y
Male,Yes,1,Graduate,No,30411,10213,45.9,360.0,0.0,541,48,1,Rural,0.3138,N
Female,No,0,Graduate,No,104650,0,18.6,360.0,1.0,700,38,0,Rural,0.0494,Y
Male,No,0,Graduate,No,31936,0,15.5,300.0,1.0,697,37,0,Urban,0.1618,Y
Female,No,0,Graduate,No,41702,0,9.0,360.0,1.0,775,31,1,Urban,0.0599,Y
Female,No,1,Not Graduate,No,35473,0,22.6,360.0,0.0,532,44,0,Rural,0.177,N
Male,Yes,0,Graduate,No,23949,23462,24.3,240.0,0.0,587,29,0,Semiurban,0.2136,Y
Male,Yes,0,Graduate,No,30596,5606,47.7,240.0,1.0,845,43,0,Urban,0.549,Y
Female,No,0,Not Graduate,No,23143,0,25.1,180.0,1.0,784,41,1,Rural,0.6025,Y
Female,Yes,3+,Graduate,Yes,71535,20293,16.7,360.0,1.0,719,53,1,Urban,0.0505,Y
Male,Yes,0,Not Graduate,Yes,46651,6382,25.6,240.0,0.0,459,44,1,Urban,0.2011,N
Female,No,3+,Graduate,No,153482,0,39.1,360.0,1.0,586,21,0,Semiurban,0.0708,Y
Male,No,3+,Graduate,No,31118,0,34.3,300.0,1.0,767,31,3,Semiurban,0.3674,Y
Male,Yes,0,Not Graduate,Yes,28870,37317,29.2,240.0,1.0,777,30,1,Rural,0.1838,Y
Female,No,0,Graduate,No,95500,0,23.7,360.0,0.0,415,30,1,Semiurban,0.0689,N
Female,No,0,Graduate,No,75281,0,14.2,300.0,1.0,773,49,1,Rural,0.0629,Y
Male,No,3+,Graduate,,53765,0,10.8,360.0,1.0,659,21,1,Urban,0.0558,Y
Female,Yes,0,Not Graduate,No,25417,0,9.8,240.0,1.0,674,54,3,Semiurban,0.1606,Y
Male,Yes,,Graduate,Yes,106138,18675,25.4,300.0,1.0,790,49,1,Urban,0.0678,Y
Male,Yes,0,Graduate,Yes,42785,9210,27.1,360.0,0.0,656,40,0,Urban,0.1448,N
Male,Yes,0,Not Graduate,No,35763,12213,38.7,300.0,0.0,581,42,1,Rural,0.2689,N
Female,Yes,3+,Graduate,Yes,78549,0,28.1,360.0,1.0,772,39,0,Urban,0.0994,Y
Male,Yes,1,Not Graduate,No,43864,37144,37.7,180.0,1.0,677,40,0,Rural,0.2585,Y
Male,Yes,2,Not Graduate,No,24764,6791,18.6,360.0,1.0,639,50,0,Urban,0.1637,Y
Male,No,0,Graduate,No,45259,0,31.9,360.0,1.0,823,36,0,Urban,0.1958,Y
Female,Yes,0,Not Graduate,No,30011,18487,11.0,360.0,1.0,829,45,0,Urban,0.063,Y
Female,No,3+,Graduate,No,12000,0,19.4,240.0,0.0,532,28,0,Semiurban,0.6736,N
Female,No,0,Graduate,No,28542,0,6.7,300.0,1.0,662,44,1,Urban,0.0782,Y
Male,Yes,3+,Graduate,No,34069,32037,20.5,120.0,1.0,790,35,1,Semiurban,0.2584,Y
Female,No,0,Graduate,No,24889,0,41.9,300.0,1.0,648,43,0,Semiurban,0.5611,Y
Male,Yes,0,Not Graduate,No,59138,9305,20.9,300.0,1.0,782,28,0,Urban,0.1018,Y
Female,Yes,1,Graduate,Yes,30070,17539,31.0,360.0,1.0,618,43,0,Semiurban,0.1809,Y
Female,No,3+,Graduate,No,56343,0,23.7,360.0,1.0,684,37,2,Semiurban,0.1168,Y
Male,Yes,3+,Not Graduate,No,23941,0,14.3,360.0,1.0,798,55,0,Rural,0.1659,Y
Female,No,0,Graduate,No,69885,0,18.0,360.0,1.0,623,41,0,Urban,0.0715,Y
Male,Yes,0,Graduate,No,23430,12058,40.8,300.0,0.0,537,43,0,Urban,0.3832,N
Male,No,1,Graduate,No,13756,0,30.9,120.0,0.0,624,33,3,Urban,1.8718,N
Male,Yes,1,Not Graduate,No,82342,20017,13.9,360.0,1.0,548,41,0,Semiurban,0.0377,Y
Male,Yes,1,Not Graduate,No,28913,0,,360.0,1.0,717,43,0,Semiurban,0.0836,Y
Male,Yes,0,Not Graduate,No,106773,0,22.7,360.0,1.0,815,34,0,Rural,0.0591,Y
Female,No,3+,Graduate,Yes,58823,0,14.2,360.0,1.0,788,33,2,Rural,0.0671,Y
Male,No,1,Not Graduate,No,65850,0,18.1,360.0,1.0,706,29,0,Urban,0.0764,Y
Female,Yes,2,Graduate,No,74812,12755,8.4,300.0,0.0,592,37,1,Semiurban,0.032,Y
Male,Yes,0,Not Graduate,No,46927,22679,37.5,300.0,1.0,844,31,1,Semiurban,0.1796,Y
Male,Yes,0,Graduate,No,47194,24296,19.0,360.0,0.0,713,41,0,Rural,0.0738,Y
Female,No,3+,Graduate,No,84176,0,20.8,360.0,1.0,701,29,2,Urban,0.0686,Y
Male,Yes,1,Graduate,No,46896,0,12.2,360.0,0.0,533,37,0,Semiurban,0.0723,N
Male,No,2,Graduate,Yes,30820,0,17.0,240.0,0.0,667,28,2,Rural,0.2298,N
Female,No,3+,Graduate,No,59449,0,21.6,300.0,1.0,812,51,1,Urban,0.1211,Y
Male,Yes,1,Not Graduate,No,15416,49930,13.9,300.0,1.0,834,38,2,Semiurban,0.0709,Y
Male,Yes,0,Graduate,No,85800,0,17.6,300.0,1.0,763,38,0,Rural,0.0684,Y
Male,Yes,0,Not Graduate,No,86701,48032,46.1,360.0,0.0,558,45,0,Rural,0.095,Y
Female,No,0,Graduate,No,80748,0,7.0,360.0,1.0,560,58,0,Urban,0.0241,Y
Female,Yes,0,Not Graduate,No,79212,27341,22.4,360.0,1.0,850,39,1,Urban,0.0584,Y
Female,Yes,0,Not Graduate,Yes,42528,0,12.5,300.0,0.0,734,22,0,Urban,0.098,N
Female,No,0,Graduate,Yes,42052,0,44.8,120.0,1.0,641,51,3,Rural,0.8878,N
Male,Yes,0,Graduate,No,23985,0,18.0,180.0,1.0,727,23,1,Rural,0.4169,Y
Male,Yes,0,Graduate,No,106300,17727,10.7,,1.0,690,33,2,Rural,0.0359,N
Female,Yes,0,Graduate,Yes,34804,35140,17.6,360.0,0.0,596,51,1,Semiurban,0.0699,N
Male,Yes,0,Graduate,No,52572,28383,24.8,240.0,0.0,554,34,1,Urban,0.1276,N
Male,No,0,Not Graduate,Yes,50364,0,106.2,300.0,1.0,772,32,0,Semiurban,0.7029,Y
Male,Yes,1,Not Graduate,No,22693,20332,5.7,360.0,1.0,608,41,2,Urban,0.0368,Y
Male,Yes,0,Graduate,No,18540,10068,9.8,180.0,1.0,675,38,1,Semiurban,0.1903,Y
Female,No,0,Graduate,No,44480,0,44.0,180.0,1.0,789,30,0,Semiurban,0.5495,Y
Male,Yes,1,Not Graduate,Yes,35352,16423,8.1,360.0,1.0,532,48,2,Semiurban,0.0435,Y
Male,No,2,Graduate,No,42416,0,20.2,360.0,1.0,738,52,2,Rural,0.1323,Y
Male,No,0,Graduate,No,75562,0,15.0,360.0,1.0,661,53,0,Urban,0.0551,Y
,Yes,1,Not Graduate,,49636,18956,13.7,360.0,1.0,850,44,2,Semiurban,0.0555,Y
Male,Yes,3+,Graduate,No,64813,22162,18.1,360.0,,740,30,0,Semiurban,0.0578,Y
Male,No,2,Graduate,No,55418,0,16.5,240.0,1.0,639,24,0,Semiurban,0.1241,Y
Female,Yes,0,Not Graduate,No,37867,26689,37.9,300.0,1.0,841,21,0,Semiurban,0.1957,Y
Female,Yes,1,Graduate,,26879,19498,44.6,360.0,1.0,712,49,2,Urban,0.2671,Y
Male,No,0,Not Graduate,No,50633,0,25.9,,1.0,722,40,1,Urban,0.1421,Y
Male,Yes,1,Graduate,No,46256,23329,17.4,360.0,1.0,790,33,2,Urban,0.0695,Y
Male,,3+,Graduate,No,70093,0,23.5,360.0,1.0,655,21,2,Urban,0.0931,Y
Male,Yes,0,Not Graduate,No,41132,45128,32.6,120.0,1.0,840,25,2,Semiurban,0.3149,N
Male,Yes,3+,Graduate,No,38228,0,36.6,240.0,1.0,762,21,3,Urban,0.3989,Y
,Yes,0,Not Graduate,No,39547,0,25.1,240.0,1.0,652,54,2,Semiurban,0.2644,N
Male,No,3+,Not Graduate,No,28019,0,50.2,180.0,1.0,671,45,0,Urban,0.9953,N
Male,No,1,Graduate,No,91442,0,13.9,360.0,1.0,597,24,0,Semiurban,0.0422,Y
Female,No,0,Graduate,Yes,78418,0,39.8,180.0,1.0,738,56,1,Semiurban,0.282,Y
Female,Yes,1,Graduate,,24185,33045,30.6,300.0,1.0,694,30,0,Urban,0.1782,Y
Female,Yes,0,Not Graduate,No,66302,41240,13.9,360.0,1.0,738,42,2,Semiurban,0.0359,Y
Male,Yes,0,Graduate,No,17632,0,23.1,300.0,1.0,557,42,3,Rural,0.4367,N
Male,Yes,2,Graduate,No,72595,0,24.1,180.0,1.0,663,37,0,Urban,0.1844,Y
Female,Yes,,Graduate,Yes,31314,25095,18.4,360.0,1.0,622,35,0,Semiurban,0.0906,Y
Male,Yes,2,Graduate,No,53101,32837,18.3,360.0,1.0,754,38,1,Urban,0.0592,Y
Male,Yes,0,Not Graduate,No,16903,11027,8.0,240.0,0.0,536,35,1,Urban,0.1193,N
Female,No,0,Not Graduate,No,24359,0,13.3,360.0,1.0,752,41,1,Semiurban,0.1517,Y
Female,Yes,3+,Not Graduate,No,56070,0,17.4,240.0,1.0,662,41,0,Urban,0.1293,Y
Female,No,0,Graduate,Yes,31243,0,14.2,360.0,1.0,850,32,0,Rural,0.1262,Y
Male,Yes,1,Not Graduate,Yes,29144,0,12.0,180.0,0.0,595,50,1,Urban,0.2287,N
Male,Yes,1,Graduate,No,89137,14254,38.0,300.0,1.0,792,29,1,Urban,0.1225,Y
Female,Yes,1,Graduate,Yes,133985,40339,18.9,360.0,1.0,700,42,0,Semiurban,0.0301,Y
Male,Yes,3+,Graduate,No,70863,0,73.7,360.0,1.0,793,34,0,Semiurban,0.2889,Y
Female,Yes,1,Not Graduate,Yes,25695,23872,23.0,360.0,1.0,640,28,0,Semiurban,0.1289,Y
Female,Yes,0,Not Graduate,No,107126,26029,37.5,360.0,0.0,586,35,0,Urban,0.0782,Y
Female,Yes,2,Not Graduate,No,20318,25986,17.7,240.0,1.0,668,31,2,Rural,0.1593,Y
Male,No,0,Not Graduate,No,38092,0,13.5,360.0,1.0,850,45,0,Rural,0.0984,Y
Male,No,0,Not Graduate,No,45588,0,23.5,180.0,1.0,603,37,3,Semiurban,0.2864,Y
Female,No,3+,Graduate,No,116078,0,43.7,300.0,0.0,776,53,0,Rural,0.1255,N
Female,Yes,1,Not Graduate,No,70006,13244,19.0,360.0,1.0,586,28,1,Semiurban,0.0634,Y
Female,Yes,2,Graduate,No,35176,26636,26.3,120.0,1.0,776,21,1,Urban,0.3546,Y
Male,Yes,1,Graduate,No,27654,0,23.4,180.0,1.0,654,42,1,Urban,0.4701,Y
Male,Yes,2,Graduate,No,73211,44356,18.9,360.0,1.0,733,57,0,Urban,0.0447,Y
Female,Yes,3+,Graduate,No,33973,65767,19.5,240.0,1.0,695,43,0,Rural,0.0815,Y
Female,Yes,0,Graduate,No,49433,0,11.0,300.0,0.0,515,28,1,Urban,0.0742,N
Female,Yes,0,Graduate,No,22362,41948,20.0,360.0,1.0,717,27,1,Semiurban,0.0864,Y
,Yes,0,Graduate,No,58961,18985,29.7,240.0,1.0,672,60,0,Urban,0.1588,Y
Female,Yes,1,Not Graduate,No,56633,11436,24.0,240.0,1.0,761,34,0,Semiurban,0.1469,Y
Female,No,0,Not Graduate,No,23842,0,22.4,300.0,0.0,500,27,2,Urban,0.3132,N
Female,No,0,Graduate,Yes,74296,0,31.0,180.0,0.0,633,51,2,Rural,0.2318,N
Male,No,0,Graduate,No,58535,0,22.6,360.0,0.0,668,36,0,Urban,0.1072,N
Male,No,3+,Graduate,No,64216,0,20.3,360.0,1.0,700,21,3,Rural,0.0878,Y
Female,Yes,1,Graduate,No,36705,23394,31.2,300.0,1.0,591,61,1,Rural,0.173,Y
Male,No,0,Graduate,No,48508,0,21.8,240.0,1.0,850,44,0,Semiurban,0.1873,Y
Male,No,0,Not Graduate,No,45784,0,17.4,300.0,1.0,752,21,0,Urban,0.1267,Y
Female,Yes,0,Graduate,,41189,23956,26.6,180.0,1.0,645,53,1,Urban,0.2268,Y
Male,Yes,0,Graduate,No,48303,17170,19.7,300.0,1.0,754,26,2,Rural,0.1003,Y
Female,No,0,Graduate,No,83135,0,17.0,180.0,1.0,559,26,0,Urban,0.1136,Y
Male,Yes,3+,Graduate,No,75923,100600,22.0,,1.0,816,28,1,Urban,0.0346,Y
Female,No,3+,Graduate,Yes,24565,0,22.2,240.0,1.0,850,59,2,Semiurban,0.3765,N
Female,Yes,0,Graduate,No,72599,45689,10.4,360.0,0.0,664,60,3,Urban,0.0244,N
Male,Yes,0,Not Graduate,No,80465,0,24.5,120.0,1.0,620,32,0,Urban,0.2537,Y
Male,Yes,0,Graduate,No,41127,0,60.8,360.0,1.0,531,57,2,Semiurban,0.4106,Y
Male,Yes,,Graduate,No,57195,16808,11.2,120.0,0.0,713,21,0,Urban,0.1261,N
Male,No,0,Graduate,No,56783,0,14.9,360.0,1.0,697,48,1,Urban,0.0729,Y
Female,No,0,Graduate,No,28999,0,106.5,360.0,1.0,675,53,2,Semiurban,1.0201,N
Female,Yes,0,Graduate,No,36645,65184,12.3,180.0,1.0,815,55,1,Urban,0.0671,Y
Male,Yes,2,Graduate,Yes,64564,0,43.5,300.0,1.0,657,39,0,Semiurban,0.2246,Y
Male,No,1,Graduate,No,34617,0,17.5,120.0,1.0,779,44,1,Urban,0.4213,Y
Male,Yes,1,Graduate,No,72240,17932,20.8,360.0,0.0,592,30,0,Semiurban,0.0641,Y
Female,Yes,0,Graduate,No,85177,39365,18.6,180.0,1.0,732,38,0,Semiurban,0.083,Y
Male,Yes,3+,Graduate,No,78577,2858,25.9,300.0,1.0,850,36,1,Semiurban,0.106,Y
Female,No,3+,Graduate,No,119360,0,7.8,300.0,1.0,666,36,3,Urban,0.0218,Y
Female,No,0,Graduate,No,42389,0,22.5,360.0,1.0,658,50,1,Urban,0.1474,Y
Female,Yes,0,Graduate,Yes,48465,0,15.8,300.0,1.0,692,40,0,Rural,0.1087,Y
Male,Yes,0,Graduate,No,52069,0,6.6,360.0,1.0,602,57,2,Urban,0.0352,Y
Female,No,0,Graduate,No,43036,0,39.4,360.0,1.0,794,41,0,Semiurban,0.2543,Y
Male,No,0,Graduate,No,58168,0,5.7,360.0,1.0,782,62,0,Rural,0.0272,Y
Male,Yes,1,Graduate,No,18852,9598,72.9,240.0,0.0,589,51,1,Semiurban,1.0676,N
Female,Yes,0,Graduate,Yes,49141,93440,29.1,360.0,1.0,627,37,0,Urban,0.0567,Y
Female,No,0,Graduate,No,22276,0,8.9,300.0,1.0,463,40,1,Urban,0.1332,Y
Male,Yes,0,Not Graduate,No,27411,0,44.8,300.0,1.0,635,29,1,Rural,0.5448,Y
Male,Yes,3+,Not Graduate,No,63988,48473,12.8,360.0,0.0,569,40,1,Semiurban,0.0316,N
Male,Yes,0,Not Graduate,No,40153,0,13.2,180.0,1.0,539,27,0,Semiurban,0.1826,Y
Male,Yes,1,Not Graduate,No,62869,44894,6.8,300.0,1.0,850,53,0,Semiurban,0.021,Y
Male,Yes,0,Not Graduate,No,39720,5019,12.0,360.0,1.0,747,34,2,Rural,0.0745,Y
Male,Yes,0,Not Graduate,Yes,77127,18744,12.8,180.0,1.0,759,42,0,Semiurban,0.0742,Y
Male,No,1,Graduate,No,39358,0,32.8,360.0,1.0,697,21,0,Urban,0.2315,Y
Female,Yes,0,Graduate,Yes,16690,0,40.5,300.0,1.0,776,35,0,Semiurban,0.8088,N
Female,Yes,0,Graduate,No,49647,15030,9.5,360.0,1.0,683,34,0,Semiurban,0.0408,Y
,Yes,0,Graduate,Yes,14996,13825,23.6,360.0,1.0,695,48,0,Urban,0.2274,Y
Male,No,1,Not Graduate,No,21453,0,,360.0,1.0,836,44,0,Rural,0.0867,Y
Female,No,1,Graduate,No,28525,0,23.7,360.0,1.0,809,49,3,Urban,0.2308,Y
Female,Yes,0,Not Graduate,No,26800,24188,73.5,180.0,1.0,709,43,3,Semiurban,0.8008,N
Female,No,1,Graduate,No,33775,0,6.9,300.0,0.0,772,52,1,Urban,0.0681,Y
Female,Yes,0,Graduate,No,26343,0,,360.0,1.0,703,43,1,Urban,0.1149,Y
Female,No,1,Graduate,Yes,21961,0,31.1,360.0,1.0,664,23,0,Semiurban,0.3934,Y
Male,Yes,0,Graduate,No,95886,13262,33.4,180.0,1.0,721,37,2,Rural,0.17,Y
Male,No,1,Graduate,No,31600,0,11.4,360.0,1.0,737,38,0,Semiurban,0.1002,Y
Female,Yes,3+,Not Graduate,No,14539,0,48.6,180.0,1.0,603,21,0,Urban,1.8569,N
Female,Yes,3+,Not Graduate,No,37032,10328,12.3,180.0,1.0,754,27,0,Semiurban,0.1443,Y
Female,No,0,Not Graduate,No,25277,0,,300.0,1.0,850,60,0,Urban,0.7226,N
Male,Yes,2,Graduate,No,28496,0,26.6,360.0,1.0,796,35,0,Urban,0.2593,Y
Male,Yes,0,Not Graduate,No,63270,0,43.1,360.0,1.0,770,37,0,Urban,0.1892,Y
Male,Yes,3+,Graduate,No,35452,19037,25.1,360.0,1.0,753,21,3,Urban,0.128,Y
Female,No,0,Graduate,No,24927,0,29.8,360.0,0.0,500,23,1,Semiurban,0.3321,N
Female,Yes,0,Not Graduate,No,55444,0,30.8,240.0,1.0,620,43,1,Semiurban,0.2315,Y
Male,Yes,0,Graduate,No,78824,29056,39.9,240.0,1.0,725,33,0,Urban,0.1541,Y
Male,No,0,Graduate,No,58014,0,19.7,360.0,1.0,671,26,0,Rural,0.0943,Y
Male,Yes,1,Graduate,No,13007,17691,11.7,240.0,1.0,580,52,1,Urban,0.1588,Y
Female,Yes,3+,Not Graduate,No,25400,63445,19.2,360.0,0.0,558,30,2,Rural,0.06,N
Female,No,1,Graduate,No,45421,0,13.5,180.0,1.0,751,24,3,Semiurban,0.1651,Y
,Yes,1,Graduate,No,39256,20960,14.0,300.0,1.0,762,38,0,Urban,0.0775,Y
Male,Yes,2,Graduate,No,37660,22145,54.2,360.0,1.0,635,29,0,Rural,0.2517,Y
Female,Yes,0,Not Graduate,No,27136,130845,29.2,360.0,0.0,586,29,1,Urban,0.0513,N
Male,No,0,Not Graduate,No,21965,0,28.4,300.0,1.0,747,37,3,Semiurban,0.431,Y
Female,Yes,0,Graduate,No,121042,12320,38.2,240.0,0.0,476,31,0,Urban,0.1193,Y
Male,No,0,Graduate,No,44961,0,29.1,360.0,1.0,640,21,1,Semiurban,0.1798,Y
Male,No,0,Graduate,No,61149,0,61.6,360.0,1.0,709,44,0,Semiurban,0.2798,Y
Female,Yes,0,Graduate,No,44495,8104,5.7,360.0,1.0,628,48,2,Urban,0.0301,Y
Female,No,0,Graduate,No,45396,0,11.0,240.0,0.0,560,35,1,Urban,0.101,N
Male,,0,Graduate,No,43000,13271,13.2,300.0,1.0,850,45,0,Semiurban,0.0782,Y
Female,Yes,3+,Graduate,No,25331,5996,,180.0,1.0,574,34,1,Urban,0.1561,Y
Male,No,0,Not Graduate,Yes,20801,0,21.5,180.0,1.0,838,21,1,Urban,0.5742,N
Male,No,0,Graduate,No,53805,0,22.1,240.0,1.0,741,48,0,Semiurban,0.1711,Y
Male,Yes,1,Not Graduate,,48724,58490,65.7,300.0,1.0,600,37,0,Rural,0.2043,Y
Male,Yes,0,Not Graduate,No,70908,0,34.5,360.0,,771,40,0,Urban,0.1351,Y
Male,Yes,0,Not Graduate,No,64067,17933,14.8,300.0,1.0,714,37,3,Urban,0.0602,N
Male,Yes,0,Graduate,No,29606,43501,27.0,360.0,1.0,818,36,0,Rural,0.1026,Y
Male,Yes,0,Graduate,No,78143,0,6.7,360.0,1.0,769,40,0,Urban,0.0238,Y
Female,Yes,0,Not Graduate,No,65024,7891,21.9,240.0,1.0,728,40,0,Semiurban,0.1251,Y
Male,No,0,Graduate,No,62656,0,21.2,180.0,1.0,682,52,1,Rural,0.188,N
,Yes,1,Graduate,Yes,136580,7676,11.7,240.0,0.0,695,43,0,Rural,0.0338,Y
Male,Yes,1,Graduate,No,123251,38330,17.8,360.0,1.0,675,51,2,Urban,0.0306,Y
Female,No,0,Graduate,No,62627,0,13.3,360.0,1.0,584,55,0,Urban,0.059,Y
Male,No,0,Not Graduate,No,58841,0,11.5,300.0,,419,21,0,Urban,0.0651,N
Male,Yes,0,Graduate,No,76178,24390,30.1,360.0,1.0,599,52,0,Rural,0.0831,Y
Male,Yes,2,Graduate,No,33124,24227,37.4,240.0,1.0,782,45,0,Rural,0.2717,Y
Male,Yes,0,Not Graduate,No,33359,40553,27.3,240.0,1.0,677,43,0,Urban,0.1539,Y
Male,Yes,1,Not Graduate,No,62113,9214,,360.0,1.0,641,49,3,Semiurban,0.06,N
Female,Yes,2,Graduate,No,28905,33511,13.5,360.0,0.0,551,35,1,Rural,0.0601,N
Female,No,0,Graduate,No,59658,0,15.7,240.0,1.0,785,45,2,Urban,0.1097,Y
Female,Yes,0,Graduate,No,47974,0,17.6,240.0,0.0,647,26,0,Urban,0.1529,N
,Yes,0,Graduate,No,28909,46346,11.9,300.0,1.0,725,22,1,Urban,0.0527,Y
Male,Yes,0,Not Graduate,No,44933,13784,37.8,180.0,0.0,536,44,1,Semiurban,0.3576,N
Male,Yes,0,Graduate,No,85182,0,17.8,360.0,0.0,555,37,0,Rural,0.058,Y
Male,Yes,0,Graduate,Yes,46221,7319,31.8,360.0,1.0,698,38,1,Rural,0.165,Y
Male,No,0,Graduate,Yes,46317,0,,360.0,1.0,629,29,2,Urban,0.0522,Y
Male,Yes,0,Graduate,Yes,52286,60290,13.3,360.0,1.0,700,42,0,Urban,0.0328,Y
Male,Yes,2,Graduate,No,55804,28059,33.6,360.0,1.0,625,33,0,Semiurban,0.1113,Y
Male,Yes,0,Graduate,No,37593,0,33.9,180.0,1.0,743,37,2,Rural,0.501,N
Male,No,3+,Not Graduate,Yes,52846,0,9.8,300.0,1.0,753,33,0,Semiurban,0.0618,Y
Female,Yes,3+,Graduate,Yes,26251,14434,24.1,300.0,0.0,691,29,1,Semiurban,0.1974,N
Female,Yes,3+,Not Graduate,No,29746,0,24.5,360.0,1.0,733,36,0,Semiurban,0.2288,Y
Male,No,2,Graduate,No,31711,0,13.1,360.0,1.0,731,51,1,Urban,0.1147,Y
Female,Yes,0,Graduate,Yes,56099,55391,24.9,300.0,1.0,635,33,1,Semiurban,0.0744,Y
Female,Yes,,Graduate,No,48056,0,7.8,360.0,0.0,586,37,1,Rural,0.0451,N
Male,Yes,1,Graduate,No,41474,0,11.5,,1.0,618,35,3,Urban,0.0924,Y
Male,Yes,1,Graduate,No,62654,90096,28.8,360.0,0.0,437,31,0,Semiurban,0.0524,Y
Male,Yes,2,Graduate,No,53607,28859,20.4,120.0,1.0,686,52,2,Urban,0.2061,Y
Female,No,3+,Not Graduate,No,38369,0,21.1,180.0,1.0,665,23,0,Semiurban,0.3055,Y
Female,Yes,0,Not Graduate,No,26433,0,18.1,360.0,0.0,645,37,1,Semiurban,0.1902,N
Male,Yes,0,Graduate,No,29441,10374,,180.0,0.0,503,29,0,Semiurban,0.3865,N
Male,Yes,0,Graduate,Yes,21303,27134,28.5,360.0,1.0,850,44,0,Rural,0.1634,Y
Male,Yes,0,Not Graduate,No,47586,61129,32.3,360.0,0.0,547,39,1,Urban,0.0825,N
Male,Yes,0,Graduate,No,28823,15007,21.7,360.0,0.0,584,51,0,Semiurban,0.1375,N
Male,No,1,Not Graduate,No,34625,0,15.9,360.0,1.0,659,46,0,Urban,0.1276,Y
Female,Yes,2,Not Graduate,No,41615,14370,14.4,360.0,0.0,660,39,0,Rural,0.0714,N
Female,No,0,Graduate,No,74757,0,10.7,360.0,0.0,571,46,1,Urban,0.0398,N
Female,Yes,3+,Graduate,No,70572,25911,15.8,360.0,1.0,622,47,1,Rural,0.0455,Y
Female,Yes,1,Graduate,No,43159,20515,14.0,360.0,1.0,545,28,2,Urban,0.0611,Y
Female,Yes,2,Not Graduate,No,83513,0,52.5,360.0,0.0,642,47,2,Urban,0.1746,N
Male,Yes,0,Graduate,No,16217,0,10.7,360.0,1.0,768,41,1,Urban,0.1833,Y
Female,Yes,2,Not Graduate,No,113392,0,37.4,240.0,0.0,621,43,0,Rural,0.1374,N
Male,Yes,1,Graduate,Yes,62708,20595,17.1,360.0,1.0,691,34,0,Urban,0.057,Y
Female,No,0,Graduate,No,46695,0,17.7,240.0,1.0,681,29,0,Urban,0.1579,Y
Male,Yes,0,Graduate,No,28405,0,25.6,180.0,1.0,780,27,0,Urban,0.5007,Y
Female,Yes,3+,Graduate,No,35631,18619,8.6,360.0,1.0,701,21,3,Urban,0.044,Y
Male,Yes,0,Graduate,No,60155,11229,12.4,180.0,1.0,811,30,2,Urban,0.0965,Y
Male,Yes,0,Graduate,No,60842,65109,9.5,360.0,1.0,701,65,0,Semiurban,0.021,Y
Male,Yes,0,Graduate,No,61957,8529,16.0,300.0,1.0,698,47,3,Urban,0.0757,Y
Male,Yes,1,Graduate,No,30815,14520,11.6,360.0,0.0,623,42,2,Semiurban,0.0711,N
Female,Yes,2,Graduate,Yes,27864,12149,44.3,,1.0,835,49,2,Urban,0.3075,Y
Female,No,0,Graduate,No,48903,0,,180.0,1.0,816,35,0,Semiurban,0.1613,Y
Male,No,0,Graduate,No,65181,0,4.8,300.0,0.0,586,34,0,Semiurban,0.0245,N
Male,Yes,3+,Graduate,No,44427,19505,16.4,120.0,1.0,676,35,0,Urban,0.2138,Y
Male,Yes,2,Not Graduate,Yes,93036,25870,32.6,300.0,1.0,601,30,0,Urban,0.0914,Y
Male,No,2,Not Graduate,No,45097,0,53.4,360.0,1.0,772,31,0,Urban,0.3289,Y
Male,Yes,0,Graduate,No,44340,77871,17.5,240.0,0.0,429,38,0,Urban,0.0597,Y
Female,Yes,0,Graduate,No,62024,0,14.7,360.0,1.0,850,39,2,Semiurban,0.0658,Y
Male,Yes,0,Not Graduate,No,81602,0,19.9,180.0,1.0,786,53,0,Semiurban,0.1355,Y
Male,Yes,1,Not Graduate,Yes,22592,0,25.8,120.0,1.0,643,49,1,Semiurban,0.9516,N
Male,,0,Not Graduate,Yes,25362,16991,10.2,120.0,1.0,821,22,2,Urban,0.2007,Y
Male,Yes,0,Graduate,Yes,37925,0,17.3,240.0,1.0,759,35,2,Urban,0.1901,Y
Male,Yes,0,Graduate,No,215232,36997,19.5,300.0,1.0,752,26,1,Urban,0.0258,Y
Female,Yes,0,Graduate,,38920,0,,180.0,0.0,566,21,1,Semiurban,0.294,N
Male,No,2,Not Graduate,No,41736,0,18.4,360.0,0.0,640,39,0,Semiurban,0.1225,N
Male,Yes,0,Graduate,No,60426,24082,11.5,360.0,0.0,462,44,0,Urban,0.0378,N
Male,Yes,1,Graduate,No,72292,22445,24.6,360.0,1.0,716,39,0,Rural,0.0721,Y
Male,Yes,3+,Graduate,No,48286,19401,19.6,360.0,1.0,649,43,0,Urban,0.0804,Y
Male,No,0,Graduate,No,79394,0,19.5,360.0,1.0,684,34,2,Rural,0.0682,Y
Female,No,1,Graduate,No,24416,0,10.5,360.0,1.0,648,27,0,Urban,0.1195,Y
Female,Yes,3+,Graduate,No,30241,22231,29.5,240.0,1.0,653,34,0,Rural,0.2342,Y
Male,Yes,3+,Graduate,No,79320,22303,11.4,360.0,0.0,706,53,1,Urban,0.0312,N
Male,No,0,Graduate,No,44599,0,53.0,240.0,1.0,581,42,1,Rural,0.4951,Y
Male,No,0,Graduate,No,23595,0,9.9,300.0,0.0,627,21,0,Urban,0.1399,N
Male,Yes,0,Graduate,No,22896,29516,31.7,360.0,1.0,608,39,0,Urban,0.168,Y
Female,Yes,1,Graduate,No,29570,18042,6.4,360.0,1.0,829,52,1,Urban,0.0373,Y
Female,Yes,1,Graduate,No,44403,33846,5.2,240.0,1.0,749,46,1,Rural,0.0277,Y
Male,No,1,Graduate,No,56033,0,14.4,180.0,1.0,584,52,1,Rural,0.1428,Y
Male,Yes,0,Graduate,Yes,37627,0,5.2,360.0,1.0,740,22,0,Urban,0.0384,Y
Male,Yes,0,Graduate,No,53772,65866,31.1,360.0,1.0,647,39,0,Semiurban,0.0722,Y
Female,No,1,Graduate,No,35649,0,19.8,360.0,1.0,730,34,0,Semiurban,0.1543,Y
Female,No,0,Graduate,No,81794,0,46.6,360.0,1.0,590,45,0,Urban,0.1583,Y
Male,No,1,Graduate,No,158882,0,18.2,360.0,1.0,821,29,0,Urban,0.0318,Y
Male,No,0,Graduate,Yes,36450,0,23.2,300.0,1.0,530,28,3,Rural,0.2122,Y
Female,Yes,0,Graduate,No,56385,14811,17.1,240.0,1.0,637,38,1,Semiurban,0.1001,Y
Male,Yes,0,Graduate,No,54133,0,11.9,300.0,1.0,613,28,1,Urban,0.0733,Y
Male,Yes,0,Not Graduate,Yes,47541,0,15.7,360.0,1.0,744,41,0,Urban,0.0917,Y
Male,No,0,Graduate,No,61490,0,9.8,360.0,1.0,666,21,0,Urban,0.0443,Y
Female,Yes,0,Graduate,No,56354,0,25.3,300.0,1.0,693,51,0,Semiurban,0.1496,Y
Male,No,0,Graduate,Yes,35048,0,16.7,240.0,1.0,652,21,0,Urban,0.1985,Y
Male,Yes,,Not Graduate,Yes,85671,62955,18.9,360.0,1.0,587,48,1,Semiurban,0.0353,Y
Female,No,0,Graduate,No,49062,0,109.3,360.0,,689,32,1,Urban,0.6188,Y
Male,Yes,1,Graduate,No,36593,21785,15.8,300.0,0.0,473,22,2,Urban,0.0902,N
Male,Yes,0,Graduate,Yes,150482,38246,24.2,180.0,1.0,545,40,1,Urban,0.0712,Y
Male,No,1,Graduate,No,41852,0,19.4,360.0,1.0,766,48,2,Rural,0.1288,Y
Male,Yes,1,Not Graduate,No,50386,0,40.2,300.0,0.0,478,51,3,Urban,0.2659,N
Female,No,1,Graduate,No,48423,0,23.2,360.0,1.0,841,50,3,Rural,0.1331,Y
Male,Yes,3+,Not Graduate,Yes,41567,6488,17.1,360.0,1.0,838,29,1,Urban,0.0988,Y
Male,No,0,Graduate,No,55511,0,79.5,360.0,1.0,790,40,0,Semiurban,0.3978,Y
Male,,1,Graduate,No,29071,50002,12.0,360.0,0.0,488,21,0,Urban,0.0422,Y
Female,Yes,,Graduate,No,59771,0,17.9,360.0,1.0,850,39,3,Semiurban,0.0832,Y
Female,No,2,Graduate,No,18413,0,34.8,,1.0,498,42,0,Rural,1.0499,N
Male,Yes,0,Graduate,No,23178,9100,12.3,360.0,1.0,631,34,0,Urban,0.1058,Y
Male,Yes,0,Graduate,Yes,110510,16590,31.8,240.0,0.0,665,21,0,Urban,0.1042,N
Female,Yes,0,Graduate,No,23669,17248,15.1,300.0,,778,31,1,Semiurban,0.123,Y
Male,Yes,1,Not Graduate,No,16648,11427,36.7,360.0,1.0,645,59,2,Urban,0.3631,Y
Female,Yes,1,Graduate,Yes,23964,10539,36.1,360.0,1.0,639,42,0,Semiurban,0.2906,Y
Female,No,0,Graduate,Yes,105877,0,19.0,360.0,1.0,691,33,0,Urban,0.0498,Y
Female,Yes,0,Graduate,No,18107,12514,11.0,360.0,1.0,702,36,1,Semiurban,0.0998,Y
Male,Yes,1,Graduate,No,27504,14409,15.9,180.0,1.0,668,42,1,Semiurban,0.2107,Y
Male,Yes,0,Graduate,No,21395,4768,19.9,300.0,1.0,850,21,0,Urban,0.2535,Y
Female,Yes,2,Graduate,No,38674,85540,34.2,240.0,0.0,528,22,2,Semiurban,0.1147,N
Male,Yes,2,Not Graduate,No,35667,42586,24.3,300.0,1.0,842,30,1,Semiurban,0.1035,Y
Male,No,0,Graduate,No,34878,0,27.7,360.0,0.0,627,32,0,Urban,0.2206,N
Female,No,1,Graduate,No,112203,0,24.8,240.0,0.0,682,58,0,Urban,0.0921,Y
Female,Yes,0,Graduate,No,24354,0,33.4,360.0,1.0,575,39,0,Semiurban,0.3809,Y
Male,Yes,1,Not Graduate,No,42146,21773,17.8,360.0,0.0,683,32,2,Urban,0.0774,N
Male,No,3+,Graduate,No,52538,0,22.2,360.0,0.0,679,39,0,Rural,0.1174,Y
Male,Yes,2,Graduate,Yes,27171,3695,20.4,360.0,0.0,530,21,0,Semiurban,0.1836,Y
Female,Yes,0,Not Graduate,No,56573,15241,15.4,360.0,1.0,786,28,0,Urban,0.0596,Y
Female,Yes,0,Not Graduate,No,36319,0,36.9,300.0,0.0,457,30,1,Rural,0.3387,N
Male,Yes,0,Graduate,No,53485,24834,36.4,360.0,1.0,667,27,0,Urban,0.1291,Y
Male,No,0,Not Graduate,No,42024,0,41.4,180.0,1.0,815,52,1,Semiurban,0.5473,Y
Female,No,0,Graduate,No,15910,0,12.7,180.0,1.0,694,45,0,Urban,0.4434,Y
Male,Yes,0,Graduate,No,85225,0,24.8,300.0,0.0,566,25,2,Semiurban,0.097,Y
Male,Yes,0,Graduate,No,124895,0,38.7,240.0,1.0,836,24,1,Semiurban,0.1291,Y
Female,No,0,Not Graduate,No,40604,0,49.5,360.0,1.0,534,24,0,Semiurban,0.3386,Y
Male,No,0,Graduate,No,28312,0,8.1,240.0,1.0,694,36,0,Urban,0.1192,Y
Female,Yes,3+,Graduate,No,94184,109576,20.1,360.0,1.0,704,40,0,Urban,0.0274,Y
Male,Yes,1,Not Graduate,Yes,114141,9529,17.9,360.0,,638,43,1,Urban,0.0402,Y
Male,Yes,0,Graduate,No,40766,12470,52.2,360.0,1.0,834,27,1,Urban,0.2724,Y
Female,No,0,Not Graduate,No,39762,0,5.3,360.0,1.0,628,36,2,Urban,0.037,Y
Male,No,0,Graduate,Yes,42619,0,10.7,,1.0,629,37,0,Semiurban,0.0697,Y
Female,Yes,0,Graduate,No,19201,77128,47.5,300.0,1.0,487,51,0,Rural,0.1644,Y
Male,No,0,Graduate,No,38347,0,15.2,300.0,1.0,810,47,1,Urban,0.1321,Y
Male,Yes,2,Not Graduate,No,104555,12671,9.2,240.0,0.0,560,22,1,Urban,0.0327,N
,,1,Graduate,No,40768,30135,49.8,360.0,1.0,681,21,2,Rural,0.1951,Y
Male,Yes,1,Graduate,No,26370,0,8.5,360.0,1.0,691,37,0,Rural,0.0895,Y
Male,Yes,0,Graduate,No,56860,17796,37.1,300.0,1.0,817,31,3,Semiurban,0.1656,Y
Male,Yes,3+,Not Graduate,Yes,31774,9453,7.9,240.0,1.0,850,27,0,Urban,0.0798,Y
Male,Yes,3+,Graduate,No,42906,8060,8.5,,1.0,554,30,0,Semiurban,0.0463,Y
Male,Yes,0,Graduate,No,23519,101800,22.6,180.0,1.0,668,44,0,Rural,0.1002,Y
Female,Yes,0,Graduate,Yes,26415,0,12.1,360.0,1.0,608,21,0,Urban,0.1272,Y
Female,Yes,0,Not Graduate,No,64140,72300,23.7,300.0,1.0,690,58,2,Semiurban,0.0579,Y
Female,Yes,0,Graduate,Yes,47001,12194,59.2,360.0,0.0,582,30,0,Semiurban,0.2778,N
Male,Yes,1,Graduate,Yes,30091,38293,18.3,360.0,1.0,555,45,0,Urban,0.0743,Y
Male,Yes,0,Not Graduate,Yes,47088,0,53.3,180.0,0.0,623,31,0,Semiurban,0.6288,N
Female,Yes,0,Not Graduate,No,32742,35094,24.4,360.0,1.0,670,21,0,Semiurban,0.0999,Y
Male,No,0,Graduate,No,29975,0,35.6,360.0,1.0,780,36,3,Semiurban,0.3299,Y
Male,No,0,Not Graduate,No,79381,0,4.9,360.0,1.0,713,24,2,Semiurban,0.0171,Y
Female,No,2,Graduate,No,65607,0,29.4,360.0,0.0,436,40,0,Urban,0.1245,Y
Female,Yes,1,Graduate,No,43887,8454,26.8,120.0,1.0,765,38,0,Semiurban,0.4267,Y
Male,Yes,1,Graduate,No,47675,0,16.2,360.0,1.0,589,30,2,Semiurban,0.0944,Y
Male,No,0,Graduate,No,44170,0,62.6,300.0,1.0,599,40,2,Rural,0.4724,Y
Female,Yes,1,Not Graduate,Yes,56585,5504,14.9,360.0,1.0,681,49,1,Urban,0.0667,Y
Female,Yes,0,Graduate,No,29740,18653,7.6,300.0,1.0,684,37,1,Urban,0.0523,Y
Female,Yes,1,Graduate,Yes,68272,0,32.1,360.0,1.0,552,30,1,Rural,0.1306,Y
Female,No,0,Graduate,No,52933,0,8.5,300.0,0.0,577,42,0,Semiurban,0.0535,Y
Female,Yes,0,Graduate,No,38889,9133,21.0,300.0,1.0,702,43,1,Rural,0.1458,Y
Male,No,0,Graduate,No,34756,0,44.9,360.0,1.0,698,35,1,Urban,0.3588,Y
Male,No,0,Graduate,No,67546,0,27.1,360.0,1.0,558,53,2,Urban,0.1114,N
Female,Yes,3+,Graduate,No,41141,69918,17.3,360.0,1.0,723,35,0,Urban,0.0433,Y
Female,No,0,Not Graduate,No,31274,0,16.3,360.0,0.0,646,54,0,Rural,0.1448,N
Female,Yes,0,Graduate,No,36597,17072,42.9,360.0,,469,31,0,Rural,0.222,N
Male,No,0,Graduate,No,65160,0,9.7,360.0,1.0,613,47,1,Semiurban,0.0414,Y
Male,Yes,2,Graduate,No,19825,0,32.0,180.0,1.0,781,36,1,Urban,0.8967,N
Female,No,0,Graduate,No,37134,0,74.9,360.0,1.0,850,41,0,Urban,0.5603,Y
Female,Yes,1,Not Graduate,No,75757,27126,27.8,120.0,1.0,695,21,1,Semiurban,0.2252,Y
Female,No,2,Not Graduate,No,40778,0,17.4,360.0,1.0,670,62,1,Semiurban,0.1185,Y
Female,Yes,0,Graduate,No,50838,21506,18.2,300.0,1.0,728,41,0,Semiurban,0.0839,Y
Female,Yes,0,Graduate,No,76373,14878,15.1,360.0,0.0,712,49,0,Urban,0.046,N
Female,No,0,Graduate,No,69298,0,13.6,360.0,1.0,633,23,2,Semiurban,0.0545,Y
Female,No,2,Graduate,Yes,35595,0,21.6,360.0,0.0,546,40,1,Urban,0.1686,N
Male,Yes,0,Graduate,No,41556,17470,30.2,360.0,1.0,664,36,1,Semiurban,0.1421,Y
Female,Yes,0,Not Graduate,No,69730,0,52.8,360.0,1.0,582,26,2,Semiurban,0.2103,Y
Male,Yes,1,Not Graduate,No,70950,25992,6.2,300.0,1.0,787,52,0,Rural,0.0213,Y
Male,No,1,Graduate,No,42445,0,4.6,360.0,1.0,734,40,0,Semiurban,0.0301,Y
Female,No,0,Not Graduate,Yes,43184,0,53.4,240.0,1.0,528,37,0,Urban,0.5152,N
Male,No,0,Not Graduate,No,50708,0,20.8,,1.0,709,45,0,Urban,0.1367,Y
Male,Yes,0,Not Graduate,No,87856,35934,21.4,240.0,1.0,850,29,2,Rural,0.072,Y
Male,Yes,0,Not Graduate,No,75643,38089,27.1,360.0,1.0,735,40,0,Urban,0.0662,Y
Male,Yes,0,Graduate,No,62736,9932,18.0,300.0,0.0,734,39,0,Urban,0.0826,N
Male,No,3+,Graduate,No,25866,0,65.7,360.0,1.0,660,39,0,Rural,0.7055,Y
Male,Yes,0,Not Graduate,No,38661,13003,27.0,300.0,0.0,677,49,3,Semiurban,0.1742,N
Female,No,2,Not Graduate,No,39690,0,15.4,240.0,1.0,828,33,1,Semiurban,0.1617,Y
Male,Yes,1,Not Graduate,No,90151,15838,16.2,300.0,1.0,703,32,1,Urban,0.0509,Y
Male,Yes,0,Graduate,Yes,39362,102811,18.4,240.0,0.0,553,31,0,Rural,0.0539,Y
Male,Yes,1,Graduate,No,83010,25656,12.6,240.0,0.0,689,31,0,Urban,0.0483,Y
Female,Yes,0,Graduate,Yes,33345,50382,55.4,360.0,0.0,639,50,2,Urban,0.1838,N
Male,Yes,3+,Graduate,Yes,34702,10827,21.6,300.0,0.0,676,37,1,Urban,0.1581,N
Female,Yes,2,Graduate,No,56428,22208,,240.0,1.0,747,49,0,Urban,0.053,Y
Female,Yes,0,Graduate,No,97156,33905,25.6,120.0,1.0,703,41,1,Rural,0.1628,Y
Female,No,0,Graduate,No,39899,0,47.6,300.0,1.0,702,28,0,Semiurban,0.3977,Y
Male,Yes,0,Graduate,Yes,12316,22342,38.0,360.0,0.0,558,21,0,Semiurban,0.3046,N
Female,Yes,0,Graduate,No,20291,45996,12.7,300.0,0.0,626,22,1,Rural,0.0639,N
Male,Yes,0,Graduate,No,51482,17515,,240.0,0.0,574,28,0,Urban,0.0622,N
Female,Yes,0,Graduate,No,21218,12134,47.3,300.0,,733,49,2,Urban,0.4727,N
Female,No,1,Graduate,No,28774,0,7.6,360.0,1.0,639,52,1,Semiurban,0.0734,Y
Male,,0,Not Graduate,No,44630,9699,25.1,300.0,0.0,513,39,2,Semiurban,0.154,N
Male,No,2,Graduate,Yes,13034,0,14.3,240.0,1.0,763,48,0,Semiurban,0.4571,Y
Male,Yes,2,Graduate,Yes,36686,13416,44.2,360.0,1.0,745,32,1,Urban,0.2451,Y
Female,Yes,0,Not Graduate,No,24775,11433,10.7,360.0,0.0,551,31,1,Semiurban,0.0821,N
Male,Yes,2,Graduate,Yes,20961,37018,12.5,120.0,1.0,834,46,1,Urban,0.1797,Y
Female,Yes,0,Graduate,No,29700,19075,29.1,360.0,1.0,636,40,1,Urban,0.1657,Y
Male,Yes,0,Graduate,No,25988,29264,32.4,360.0,0.0,629,46,1,Urban,0.1629,N
Female,No,1,Not Graduate,No,56092,0,45.4,240.0,0.0,631,39,0,Urban,0.3372,N
Female,Yes,0,Graduate,Yes,80681,31325,26.7,360.0,1.0,715,34,2,Urban,0.0662,Y
Female,Yes,1,Not Graduate,No,36967,13301,24.8,360.0,1.0,824,36,0,Urban,0.137,Y
Female,Yes,2,Not Graduate,Yes,32923,5912,37.7,360.0,0.0,736,41,2,Rural,0.2697,N
Male,Yes,3+,Graduate,No,36058,0,8.8,,0.0,486,41,2,Rural,0.0678,N
Male,Yes,1,Graduate,No,25487,0,11.8,180.0,1.0,505,28,1,Semiurban,0.2572,N
Female,Yes,2,Graduate,Yes,23286,25825,9.3,360.0,0.0,546,37,2,Rural,0.0526,N
Male,Yes,0,Graduate,No,19482,52817,4.0,360.0,1.0,622,21,1,Rural,0.0154,Y
Male,Yes,0,Graduate,No,22817,26194,,300.0,1.0,671,34,2,Urban,0.2265,Y
Male,No,1,Not Graduate,No,100307,0,47.4,120.0,0.0,754,28,0,Semiurban,0.3938,N
Male,No,0,Graduate,No,31407,0,28.0,360.0,1.0,850,21,0,Rural,0.2476,Y
Male,Yes,0,Graduate,No,12000,13700,25.2,240.0,1.0,625,62,1,Semiurban,0.4085,Y
Female,Yes,0,Not Graduate,Yes,33073,0,21.1,360.0,1.0,730,30,0,Urban,0.1772,Y
Male,No,1,Graduate,Yes,20026,0,20.8,360.0,1.0,728,28,1,Semiurban,0.2885,Y
Male,Yes,0,Graduate,No,45695,11170,55.5,360.0,0.0,621,56,0,Urban,0.2711,Y
Male,Yes,1,Not Graduate,No,43296,41201,50.9,360.0,1.0,587,25,3,Urban,0.1673,N
Female,Yes,0,Not Graduate,No,45613,0,14.1,180.0,1.0,821,22,1,Urban,0.1717,Y
Male,Yes,0,Graduate,No,43462,15489,39.1,180.0,1.0,791,36,0,Urban,0.3685,Y
Female,,,Not Graduate,No,36814,10725,42.0,360.0,1.0,667,33,0,Urban,0.2454,Y
Female,No,0,Graduate,No,21419,0,29.7,120.0,1.0,821,31,2,Rural,1.1555,N
Male,No,2,Graduate,No,42731,0,25.3,240.0,1.0,580,28,2,Urban,0.2467,Y
Female,No,0,Graduate,,73826,0,24.8,360.0,1.0,558,36,0,Urban,0.0933,Y
Female,No,0,Graduate,No,109846,0,8.3,300.0,0.0,614,56,0,Urban,0.0252,Y
Female,Yes,0,Graduate,No,39380,115483,7.8,360.0,1.0,749,21,2,Semiurban,0.014,Y
Female,Yes,0,Graduate,No,41573,10175,32.1,240.0,1.0,695,47,3,Rural,0.2585,Y
Male,No,0,Not Graduate,No,56966,0,10.4,,0.0,690,55,0,Urban,0.0761,N
Male,No,0,Graduate,Yes,93585,0,8.7,360.0,1.0,651,31,0,Urban,0.0258,Y
Male,Yes,3+,Not Graduate,No,34782,9997,5.8,360.0,,818,42,1,Semiurban,0.036,Y
Male,No,,Graduate,No,62713,0,15.1,360.0,1.0,781,37,1,Semiurban,0.0669,Y
Female,Yes,0,Not Graduate,No,29395,24307,25.1,360.0,1.0,850,21,1,Urban,0.1298,Y
Male,Yes,0,Graduate,No,52309,11481,26.4,180.0,1.0,550,51,0,Urban,0.2299,Y
Female,Yes,0,Graduate,No,72063,14403,33.5,300.0,1.0,666,38,0,Semiurban,0.1291,Y
Female,Yes,0,Graduate,No,23262,16183,15.9,240.0,0.0,508,32,1,Urban,0.168,N
Female,Yes,1,Not Graduate,No,34113,0,21.4,240.0,1.0,780,21,0,Rural,0.2614,Y
Female,Yes,2,Not Graduate,No,71496,0,33.4,360.0,1.0,850,44,0,Urban,0.1298,Y
Male,Yes,0,Graduate,No,60360,4022,26.5,300.0,1.0,677,40,1,Urban,0.1372,Y
Male,Yes,2,Graduate,No,74457,0,14.1,240.0,1.0,764,45,0,Rural,0.0789,Y
Male,Yes,0,Graduate,Yes,67793,23095,24.0,360.0,0.0,720,44,1,Rural,0.0733,N
Male,No,0,Not Graduate,No,37401,0,6.1,360.0,0.0,619,29,1,Urban,0.0453,N
Male,Yes,0,Not Graduate,No,133198,28347,20.1,240.0,1.0,773,21,0,Rural,0.0518,Y
Male,Yes,0,Not Graduate,No,47499,58562,13.9,240.0,0.0,412,37,1,Semiurban,0.0546,N
Female,Yes,3+,Not Graduate,No,12000,22393,50.0,360.0,0.0,731,36,1,Urban,0.4038,N
Male,Yes,0,Not Graduate,No,38516,55892,11.2,360.0,1.0,683,40,0,Semiurban,0.033,Y
Male,No,0,Graduate,No,35081,0,21.5,360.0,1.0,850,55,1,Urban,0.1702,Y
Female,Yes,3+,Not Graduate,No,66014,129491,15.5,300.0,0.0,513,37,0,Urban,0.0264,Y
Male,No,2,Graduate,No,35398,0,14.4,360.0,0.0,633,46,0,Urban,0.113,Y
Male,Yes,2,Not Graduate,No,76840,9622,25.2,360.0,0.0,664,42,0,Semiurban,0.081,N
Female,Yes,3+,Graduate,No,58633,16137,15.6,240.0,1.0,485,23,1,Rural,0.0869,Y
Female,Yes,0,Graduate,Yes,26902,24103,61.0,360.0,1.0,850,24,1,Urban,0.3322,Y
Female,Yes,2,Graduate,No,41349,0,6.1,360.0,0.0,657,51,0,Urban,0.041,N
Male,Yes,1,Graduate,No,30099,34169,29.3,300.0,1.0,575,28,3,Semiurban,0.152,Y
Female,Yes,2,Graduate,No,48649,9487,19.1,240.0,1.0,743,42,0,Semiurban,0.1369,Y
Female,Yes,2,Graduate,No,30009,14355,19.5,360.0,0.0,623,27,0,Rural,0.1221,N
Male,Yes,0,Graduate,Yes,46038,0,24.1,240.0,1.0,698,46,0,Urban,0.2181,Y
Female,No,2,Graduate,No,38710,0,36.5,180.0,1.0,656,41,0,Semiurban,0.5238,Y
Female,Yes,0,Graduate,Yes,41105,22238,23.5,360.0,1.0,704,35,3,Urban,0.1031,Y
Female,Yes,0,Graduate,No,123682,9586,36.6,300.0,1.0,788,45,1,Semiurban,0.0915,Y
Female,Yes,0,Not Graduate,No,37040,6936,20.7,300.0,0.0,664,41,2,Urban,0.1569,N
Female,Yes,3+,Not Graduate,No,16861,11352,10.8,180.0,0.0,591,30,0,Urban,0.2127,N
Female,Yes,0,Graduate,No,73711,29370,19.0,360.0,1.0,731,38,0,Semiurban,0.0512,Y
Male,No,0,Not Graduate,Yes,73422,0,40.1,360.0,1.0,699,45,3,Rural,0.1517,Y
Female,No,0,Not Graduate,,16490,0,15.7,240.0,1.0,622,50,0,Semiurban,0.3967,Y
Male,Yes,,Graduate,No,31243,44096,10.5,300.0,1.0,705,37,0,Rural,0.0465,Y
Male,Yes,0,Graduate,Yes,55155,40942,29.1,240.0,1.0,644,58,0,Urban,0.1262,Y
Female,Yes,2,Graduate,No,57647,25414,24.6,300.0,0.0,500,30,0,Semiurban,0.0987,N
Female,Yes,2,Graduate,Yes,44251,0,12.6,360.0,0.0,372,21,1,Semiurban,0.0791,N
Female,Yes,0,Not Graduate,No,44753,24117,17.5,240.0,0.0,553,22,0,Semiurban,0.1059,N
Male,Yes,0,Graduate,No,27742,0,18.0,120.0,0.0,661,38,2,Rural,0.5407,N
Male,Yes,1,Graduate,No,13361,0,20.2,360.0,1.0,820,38,0,Rural,0.4199,Y
Male,No,3+,Not Graduate,No,123594,0,29.6,360.0,1.0,750,39,0,Semiurban,0.0665,Y
Female,Yes,2,Graduate,No,27328,29093,15.8,300.0,0.0,473,31,2,Semiurban,0.0933,N
Female,Yes,0,Graduate,No,48448,9401,,360.0,1.0,696,62,1,Rural,0.1465,Y
Female,No,2,Graduate,No,40969,0,14.6,120.0,1.0,606,55,1,Urban,0.297,Y
Female,Yes,0,Graduate,No,69466,14574,54.6,300.0,0.0,762,25,0,Rural,0.2166,N
Female,No,1,Graduate,No,46979,0,55.3,180.0,1.0,675,37,0,Rural,0.6539,Y
Female,Yes,2,Graduate,No,47893,45094,12.0,240.0,0.0,546,39,2,Semiurban,0.0538,Y
Male,No,0,Graduate,No,12000,0,9.6,300.0,1.0,793,46,1,Semiurban,0.2666,Y
Male,No,2,Graduate,Yes,29241,0,36.1,,1.0,706,21,0,Urban,0.4115,Y
Female,Yes,1,Graduate,No,64364,17215,23.4,180.0,1.0,806,21,0,Urban,0.1594,Y
Female,No,2,Graduate,Yes,61533,0,28.0,180.0,0.0,489,25,0,Semiurban,0.2528,N
Male,Yes,0,Graduate,No,27561,12779,13.6,360.0,0.0,598,55,2,Urban,0.0936,N
Female,No,0,Not Graduate,No,20151,0,18.6,300.0,1.0,756,31,1,Semiurban,0.3077,Y
Male,Yes,2,Graduate,No,47254,4512,16.3,240.0,0.0,354,47,1,Rural,0.1312,N
Male,Yes,0,Graduate,No,12000,10197,24.1,240.0,1.0,649,44,1,Urban,0.4524,Y
Female,Yes,0,Graduate,No,24976,27135,9.5,360.0,1.0,655,36,2,Urban,0.0506,Y
Female,No,3+,Graduate,No,106946,0,18.9,180.0,1.0,715,47,1,Semiurban,0.0982,Y
Female,Yes,0,Graduate,No,91357,20904,9.5,360.0,1.0,682,24,0,Urban,0.0235,Y
Male,No,3+,Graduate,No,56592,0,14.7,300.0,1.0,737,33,0,Semiurban,0.0866,Y
Male,No,0,Not Graduate,No,51724,0,18.9,360.0,0.0,569,21,1,Semiurban,0.1015,N
Female,Yes,0,Graduate,Yes,16729,10085,27.2,360.0,1.0,813,39,0,Urban,0.2818,Y
Female,No,2,Graduate,No,30628,0,28.6,360.0,1.0,850,29,2,Urban,0.2594,Y
Male,No,1,Graduate,No,38270,0,31.7,300.0,1.0,575,62,0,Rural,0.2761,Y
Female,Yes,1,Not Graduate,Yes,30955,0,8.3,360.0,1.0,712,39,0,Urban,0.0745,Y
Male,Yes,0,Graduate,No,37230,19257,42.9,360.0,1.0,808,47,0,Semiurban,0.211,Y
Female,Yes,2,Graduate,No,84933,36429,13.6,300.0,1.0,647,45,0,Rural,0.0374,Y
Female,Yes,0,Graduate,No,33829,30031,14.3,360.0,1.0,735,37,0,Rural,0.0622,Y
Male,Yes,0,Graduate,No,37404,0,23.6,360.0,0.0,556,49,0,Urban,0.1753,Y
Male,Yes,0,Graduate,No,64200,5507,16.4,300.0,1.0,620,38,0,Semiurban,0.0784,Y
Female,Yes,1,Not Graduate,No,21813,50486,25.0,360.0,0.0,498,43,0,Semiurban,0.0961,Y
Female,Yes,0,Graduate,,29141,11101,27.9,360.0,1.0,488,64,2,Semiurban,0.1926,Y
Female,Yes,0,Graduate,No,30673,0,12.7,300.0,1.0,725,40,0,Rural,0.138,Y
Female,No,0,Not Graduate,No,45606,0,18.0,300.0,0.0,611,32,0,Semiurban,0.1316,N
Female,No,0,Graduate,No,37329,0,18.3,240.0,1.0,624,30,1,Urban,0.2043,Y
Female,Yes,0,Graduate,No,37924,43190,35.7,360.0,0.0,565,37,2,Semiurban,0.1223,N
Male,No,1,Graduate,Yes,31811,0,15.2,360.0,1.0,580,39,0,Semiurban,0.1327,Y
Male,No,0,Graduate,No,25967,0,14.8,300.0,1.0,758,39,0,Semiurban,0.19,Y
Male,No,2,Graduate,,60148,0,10.9,360.0,1.0,674,21,2,Urban,0.0503,Y
Male,Yes,1,Graduate,Yes,37463,33539,11.6,360.0,1.0,779,21,0,Urban,0.0454,Y
Male,Yes,0,Not Graduate,No,60446,13162,8.9,240.0,1.0,681,27,2,Rural,0.0504,Y
Male,No,1,Not Graduate,No,25443,0,13.2,240.0,0.0,501,39,0,Urban,0.2162,N
Female,,0,Not Graduate,No,31805,0,52.3,360.0,1.0,662,39,1,Urban,0.4568,Y
Female,No,2,Graduate,No,39712,0,30.4,360.0,1.0,846,43,1,Rural,0.2126,Y
Female,No,3+,Graduate,No,41609,0,43.2,360.0,0.0,779,42,0,Semiurban,0.2884,Y
Male,Yes,0,Graduate,No,64679,0,11.4,120.0,1.0,574,33,0,Urban,0.1469,Y
Male,Yes,1,Graduate,No,35766,20122,6.2,360.0,1.0,792,27,0,Semiurban,0.0308,Y
Male,Yes,0,Not Graduate,No,64432,0,24.3,360.0,0.0,490,44,1,Semiurban,0.1048,N
Male,Yes,0,Graduate,No,53502,8231,61.1,360.0,0.0,522,40,3,Semiurban,0.2749,N
Male,No,2,Not Graduate,No,42048,0,15.0,360.0,0.0,609,26,0,Rural,0.0991,N
Female,Yes,0,Graduate,No,27566,17314,21.4,180.0,1.0,754,45,0,Urban,0.2649,Y
Female,Yes,0,Graduate,No,64760,0,7.8,120.0,1.0,644,49,1,Semiurban,0.1004,Y
Female,No,0,Graduate,No,27913,0,20.4,180.0,1.0,765,47,0,Urban,0.406,Y
Female,Yes,1,Graduate,No,43886,8729,18.6,300.0,0.0,697,49,0,Urban,0.1178,N
Male,No,0,Not Graduate,No,43176,0,5.7,300.0,0.0,656,30,2,Semiurban,0.044,Y
Female,No,3+,Not Graduate,No,39993,0,10.8,360.0,1.0,623,47,3,Urban,0.075,Y
Female,Yes,0,Graduate,No,36510,10425,10.3,180.0,1.0,670,36,2,Semiurban,0.1219,Y
Male,Yes,,Graduate,No,29406,32180,7.8,300.0,1.0,789,60,0,Urban,0.0422,Y
Female,Yes,1,Graduate,No,19762,0,13.0,360.0,1.0,850,48,0,Urban,0.1827,Y
,Yes,0,Graduate,No,89492,7780,27.3,360.0,1.0,596,43,1,Semiurban,0.078,Y
Female,Yes,1,Graduate,No,34688,0,13.7,180.0,1.0,737,57,0,Semiurban,0.2194,Y
Female,Yes,0,Not Graduate,No,41604,0,40.0,240.0,1.0,776,32,0,Urban,0.4006,N
Male,No,0,Graduate,No,41477,0,16.2,360.0,0.0,464,44,1,Rural,0.1085,N
Female,,0,Graduate,Yes,76711,0,24.4,120.0,1.0,802,63,1,Urban,0.2651,Y
Female,No,3+,Not Graduate,No,116611,0,27.1,,1.0,850,47,1,Urban,0.0646,Y
Female,Yes,1,Graduate,No,48046,0,50.4,360.0,1.0,770,40,0,Urban,0.2914,Y
Male,Yes,2,Graduate,No,41007,31487,13.1,360.0,1.0,761,35,1,Urban,0.0502,Y
Female,No,0,Graduate,No,25293,0,26.2,300.0,,642,27,1,Urban,0.3453,Y
Male,Yes,1,Graduate,No,21552,15060,11.4,360.0,1.0,666,35,0,Rural,0.0865,Y
Male,Yes,0,Graduate,Yes,18270,0,56.4,360.0,0.0,532,29,0,Semiurban,0.8575,N
Male,No,3+,Graduate,No,29794,0,10.8,360.0,1.0,630,35,1,Urban,0.1007,Y
Female,No,1,Not Graduate,No,15593,0,25.3,360.0,0.0,568,37,0,Rural,0.4507,N
Female,No,1,Not Graduate,,76070,0,51.2,360.0,1.0,738,49,0,Urban,0.187,Y
Female,Yes,0,Not Graduate,Yes,54806,17700,9.8,120.0,0.0,513,34,0,Urban,0.1126,N
Female,Yes,0,Graduate,No,39112,14241,28.7,240.0,1.0,679,31,2,Urban,0.2241,Y
Male,No,,Graduate,No,77241,0,11.1,240.0,1.0,739,48,0,Urban,0.0599,Y
Male,No,3+,Graduate,No,25963,0,81.2,120.0,1.0,519,46,0,Semiurban,2.6062,N
Male,Yes,0,Graduate,No,29437,28720,6.5,360.0,0.0,675,35,0,Urban,0.031,Y
Male,No,0,Graduate,No,16867,0,,300.0,1.0,729,45,3,Semiurban,0.1601,Y
,Yes,0,Graduate,No,65328,12789,10.2,300.0,1.0,730,35,3,Semiurban,0.0435,Y
Male,Yes,0,Graduate,No,29579,52595,10.4,180.0,0.0,694,36,0,Rural,0.0703,N
Male,Yes,0,Graduate,No,44705,0,27.5,360.0,1.0,794,55,2,Semiurban,0.1709,Y
Male,Yes,2,Not Graduate,Yes,73225,0,59.1,360.0,0.0,645,36,1,Urban,0.2242,N
Male,Yes,1,Graduate,Yes,88029,11299,40.2,360.0,1.0,735,34,2,Urban,0.1124,Y
Male,Yes,2,Not Graduate,No,43714,13416,23.1,360.0,,589,38,0,Semiurban,0.1123,N
Female,Yes,2,Graduate,No,53751,51135,20.2,360.0,1.0,658,21,0,Urban,0.0535,Y
Female,No,0,Graduate,No,28228,0,,360.0,0.0,504,36,1,Urban,0.1378,N
Female,No,0,Graduate,No,102918,0,25.4,240.0,1.0,745,41,0,Semiurban,0.1028,Y
Male,Yes,0,Graduate,No,40820,15527,17.7,360.0,0.0,625,60,2,Urban,0.0873,N
Male,No,3+,Graduate,Yes,46173,0,22.5,360.0,1.0,723,39,2,Rural,0.1354,Y
Female,Yes,0,Graduate,No,36191,44448,12.9,360.0,1.0,589,43,1,Urban,0.0444,Y
Male,Yes,0,Graduate,No,80791,19686,9.8,360.0,1.0,471,42,0,Rural,0.0271,Y
Male,No,0,Graduate,No,49011,0,20.4,360.0,1.0,715,63,0,Rural,0.1156,Y
Male,Yes,0,Graduate,Yes,64891,0,20.1,360.0,1.0,545,49,0,Urban,0.086,Y
Male,Yes,0,Graduate,No,52943,0,14.0,360.0,1.0,739,22,2,Semiurban,0.0735,Y
Male,Yes,0,Graduate,No,39727,11904,12.7,360.0,1.0,850,52,1,Semiurban,0.0683,Y
Male,No,2,Not Graduate,No,70596,0,28.1,300.0,1.0,740,28,0,Semiurban,0.1327,Y
Female,Yes,2,Graduate,Yes,52715,8640,26.4,300.0,1.0,671,31,1,Semiurban,0.1434,Y
Male,No,0,Not Graduate,No,27433,0,61.9,360.0,0.0,496,24,0,Semiurban,0.6268,N
Male,Yes,0,Not Graduate,No,27049,0,46.0,360.0,0.0,538,58,0,Urban,0.4724,N
Female,No,2,Not Graduate,No,47782,0,9.8,240.0,1.0,707,51,0,Urban,0.0855,Y
Male,No,0,Graduate,No,69824,0,17.9,360.0,1.0,807,52,2,Rural,0.0712,Y
Male,No,2,Graduate,No,100681,0,8.9,360.0,1.0,723,49,1,Urban,0.0246,Y
Female,Yes,0,Graduate,No,18240,11482,6.7,360.0,0.0,564,46,0,Urban,0.0626,N
Male,Yes,1,Graduate,No,44929,11234,75.0,360.0,1.0,771,34,0,Urban,0.3709,Y
,No,1,Graduate,No,56660,0,48.8,240.0,0.0,723,40,0,Rural,0.3589,N
Male,Yes,1,Graduate,No,51423,34994,13.8,360.0,1.0,738,32,1,Semiurban,0.0444,Y
Male,Yes,2,Not Graduate,No,73472,20110,42.4,,1.0,727,29,0,Rural,0.1259,Y
Male,Yes,0,Graduate,No,61560,39432,46.3,300.0,0.0,441,31,0,Rural,0.1528,N
Female,No,0,Not Graduate,No,27099,0,6.3,360.0,1.0,587,64,0,Rural,0.0646,Y
Male,Yes,0,Not Graduate,No,26705,9601,33.5,300.0,1.0,576,34,2,Semiurban,0.3076,N
Female,Yes,2,Graduate,No,51856,4112,15.0,180.0,1.0,693,49,0,Urban,0.1489,Y
Male,Yes,0,Graduate,Yes,72784,14807,25.3,240.0,1.0,635,61,3,Urban,0.1203,Y
Male,Yes,2,Graduate,No,47653,47073,122.2,180.0,0.0,545,47,0,Semiurban,0.7167,N
Female,No,0,Not Graduate,No,20151,0,52.0,,1.0,634,29,2,Urban,0.7168,N
Male,Yes,0,Graduate,No,26276,0,18.6,360.0,1.0,642,30,1,Semiurban,0.1966,Y
Male,Yes,2,Graduate,No,62678,25063,47.1,300.0,1.0,543,39,2,Semiurban,0.1789,Y
Male,No,0,Graduate,No,37260,0,6.3,360.0,1.0,730,63,0,Semiurban,0.047,Y
Male,No,0,Not Graduate,No,47051,0,27.2,180.0,1.0,773,54,0,Urban,0.3212,N
Male,Yes,0,Not Graduate,,75562,28317,27.6,360.0,1.0,716,44,0,Urban,0.0738,Y
Female,No,0,Graduate,No,24316,0,30.7,120.0,1.0,743,36,0,Semiurban,1.0521,N
Male,No,1,Graduate,No,36058,0,14.8,360.0,1.0,752,42,3,Urban,0.114,Y
Male,No,1,Graduate,No,34152,0,25.3,300.0,1.0,748,40,0,Semiurban,0.2469,Y
Male,Yes,0,Graduate,No,52982,23175,33.6,240.0,1.0,786,40,3,Semiurban,0.1838,Y
Female,Yes,0,Not Graduate,No,65280,0,5.0,360.0,1.0,817,28,1,Rural,0.0213,Y
Male,No,0,Not Graduate,No,21160,0,16.6,360.0,1.0,850,28,2,Rural,0.2179,N
Female,No,0,Not Graduate,No,44233,0,11.7,300.0,1.0,537,42,0,Semiurban,0.0882,Y
Female,Yes,3+,Graduate,No,68505,15768,29.9,300.0,0.0,632,25,0,Semiurban,0.1183,N
Female,Yes,2,Graduate,No,17546,22342,45.9,180.0,1.0,601,31,0,Urban,0.6393,Y
Male,Yes,,Graduate,No,42951,56212,13.9,360.0,1.0,837,38,1,Urban,0.0389,Y
Male,Yes,0,Graduate,No,24152,15812,10.5,360.0,1.0,716,42,3,Semiurban,0.073,Y
Female,Yes,3+,Graduate,No,32184,6550,21.5,360.0,1.0,735,50,0,Semiurban,0.1542,Y
Female,Yes,0,Not Graduate,No,12676,0,,240.0,1.0,721,24,1,Semiurban,0.332,Y
Female,No,0,Graduate,No,88998,0,17.5,360.0,1.0,729,24,0,Urban,0.0546,Y
Male,,2,Graduate,No,37126,8958,16.5,120.0,1.0,850,52,3,Rural,0.2984,Y
Male,No,0,Graduate,No,29626,0,28.4,360.0,1.0,822,56,2,Urban,0.2663,Y
Male,Yes,0,Graduate,No,52268,0,24.3,360.0,0.0,734,27,0,Rural,0.1291,N
Female,Yes,3+,Graduate,No,26340,14739,22.1,360.0,1.0,692,29,1,Semiurban,0.1494,Y
Male,Yes,1,Graduate,No,25119,31182,53.6,,1.0,519,44,1,Urban,0.2644,Y
Male,Yes,0,Graduate,Yes,94388,0,23.6,180.0,1.0,777,39,1,Urban,0.1389,Y
Female,No,0,Graduate,No,109571,0,15.6,240.0,1.0,610,39,0,Urban,0.0593,Y
Male,No,0,Graduate,No,32990,0,16.8,300.0,1.0,677,29,2,Rural,0.1697,Y
Female,Yes,2,Not Graduate,No,75635,0,12.7,360.0,1.0,704,46,0,Rural,0.0466,Y
Male,Yes,0,Not Graduate,,52999,11055,10.9,300.0,1.0,710,35,1,Semiurban,0.0567,Y
Male,Yes,0,Graduate,Yes,21875,38318,8.7,300.0,0.0,648,35,0,Semiurban,0.0482,Y
Male,No,3+,Graduate,No,27888,0,39.7,240.0,1.0,627,26,1,Semiurban,0.5931,Y
Female,No,0,Graduate,No,96331,0,13.1,360.0,1.0,766,47,2,Semiurban,0.0378,Y
Male,Yes,0,Not Graduate,No,21733,0,24.3,120.0,0.0,573,34,0,Semiurban,0.9317,N
Male,No,0,Graduate,No,138760,0,16.8,300.0,1.0,850,38,2,Urban,0.0404,Y
Female,No,0,Graduate,No,33334,0,19.7,240.0,1.0,567,51,0,Rural,0.2462,Y
Male,Yes,0,Graduate,No,97773,63816,40.1,180.0,1.0,721,26,0,Semiurban,0.1379,Y
Male,Yes,3+,Graduate,No,38071,0,22.3,240.0,1.0,765,37,0,Urban,0.2441,Y
Male,No,2,Not Graduate,Yes,66168,0,11.5,300.0,1.0,673,21,1,Rural,0.0579,Y
Male,No,0,Not Graduate,No,89100,0,14.3,300.0,1.0,658,32,0,Semiurban,0.0535,Y
Female,Yes,0,Not Graduate,No,88874,18334,33.6,360.0,1.0,829,52,3,Urban,0.0871,Y
Male,Yes,1,Graduate,Yes,33118,46939,26.8,360.0,1.0,786,21,0,Urban,0.093,Y
Male,Yes,0,Graduate,Yes,28892,0,34.9,360.0,0.0,518,41,1,Semiurban,0.3355,N
Male,Yes,0,Graduate,No,42591,6081,17.4,180.0,0.0,457,56,1,Rural,0.1986,N
Female,No,3+,Graduate,No,23150,0,8.7,180.0,1.0,763,44,0,Rural,0.2088,Y
Male,Yes,0,Graduate,No,49993,33095,27.2,300.0,1.0,739,32,2,Semiurban,0.1091,Y
Male,No,0,Graduate,No,29425,0,23.4,360.0,1.0,761,26,0,Urban,0.2209,Y
Male,No,0,Graduate,No,76218,0,23.7,180.0,0.0,578,21,2,Urban,0.1727,N
,Yes,0,Graduate,No,33354,20043,8.8,360.0,1.0,787,55,0,Urban,0.0458,Y
Male,Yes,0,Graduate,Yes,18562,0,13.7,360.0,1.0,850,33,0,Rural,0.205,Y
Male,Yes,0,Graduate,No,89363,23971,11.4,360.0,,848,21,3,Rural,0.0279,Y
Female,No,0,Not Graduate,No,48615,0,25.5,,1.0,636,27,1,Urban,0.1748,Y
Male,Yes,1,Graduate,No,45007,38290,26.1,300.0,0.0,815,26,1,Rural,0.1044,N
Female,Yes,0,Not Graduate,No,76665,14479,19.6,360.0,1.0,769,33,0,Semiurban,0.0597,Y
Female,No,0,Graduate,No,68582,0,35.9,240.0,1.0,582,64,0,Urban,0.2181,Y
Male,Yes,1,Not Graduate,Yes,30305,9159,49.1,300.0,1.0,749,48,1,Semiurban,0.4147,N
Male,No,2,Graduate,No,35423,0,24.8,120.0,1.0,731,43,1,Rural,0.5834,N
Male,No,0,Graduate,No,25426,0,30.0,360.0,1.0,700,51,0,Urban,0.3277,Y
Female,Yes,0,Graduate,Yes,21328,0,14.5,360.0,1.0,692,58,0,Rural,0.1888,Y
Male,Yes,0,Not Graduate,No,59237,0,13.0,120.0,1.0,773,44,2,Urban,0.1829,Y
Male,No,1,Graduate,No,53965,0,36.8,360.0,,654,54,2,Urban,0.1894,N
Male,No,0,Graduate,No,64888,0,11.9,360.0,1.0,657,31,0,Urban,0.0509,Y
Female,Yes,0,Not Graduate,No,84188,25080,30.5,300.0,1.0,662,29,2,Rural,0.093,Y
Female,Yes,0,Graduate,No,65332,21003,56.4,300.0,1.0,658,27,0,Semiurban,0.2178,Y
Male,Yes,0,Graduate,,68304,29896,29.7,360.0,1.0,694,41,2,Rural,0.084,Y
Female,No,0,Graduate,No,15694,0,19.1,180.0,0.0,670,21,0,Semiurban,0.6761,N
Male,Yes,0,Graduate,No,38044,17942,9.0,240.0,1.0,818,53,1,Semiurban,0.067,Y
Male,Yes,2,Graduate,No,71847,79356,22.2,360.0,1.0,691,33,1,Rural,0.0408,Y
Female,No,1,Graduate,Yes,24733,0,36.8,240.0,1.0,809,47,0,Semiurban,0.6199,Y
Male,Yes,0,Not Graduate,No,46436,37810,18.0,360.0,0.0,630,23,1,Rural,0.0593,N
Male,Yes,0,Not Graduate,No,57511,46684,37.1,300.0,1.0,722,50,0,Urban,0.1187,Y
Male,Yes,0,Graduate,No,55350,0,25.0,360.0,1.0,850,53,0,Semiurban,0.1255,Y
Female,No,0,Graduate,No,53338,0,23.9,360.0,1.0,740,39,0,Semiurban,0.1245,Y
Female,Yes,2,Not Graduate,No,59842,24741,16.6,300.0,1.0,698,44,3,Rural,0.0654,Y
Female,No,3+,Not Graduate,No,48551,0,8.4,360.0,1.0,785,27,2,Urban,0.0481,Y
Female,No,0,Not Graduate,No,21344,0,15.6,240.0,1.0,599,39,2,Semiurban,0.3045,Y
Male,Yes,0,Graduate,Yes,57152,18409,15.5,180.0,1.0,690,49,2,Semiurban,0.114,Y
Male,Yes,0,Not Graduate,No,51143,13202,28.4,360.0,1.0,734,35,0,Urban,0.1226,Y
Male,Yes,1,Graduate,No,21485,35385,19.9,360.0,1.0,775,55,0,Urban,0.0972,Y
Male,Yes,1,Graduate,No,88421,11630,38.5,360.0,1.0,732,21,2,Urban,0.1069,Y
Male,No,,Graduate,No,57926,0,23.8,360.0,1.0,594,34,0,Rural,0.1141,Y
Female,No,2,Graduate,No,22244,0,14.8,360.0,1.0,630,21,3,Semiurban,0.1848,N
Male,Yes,0,Graduate,No,29478,24471,12.3,360.0,1.0,671,41,1,Urban,0.0633,Y
Male,Yes,1,Not Graduate,No,33456,0,14.0,360.0,1.0,732,36,1,Rural,0.1162,Y
Male,Yes,1,Not Graduate,No,33444,35928,22.1,240.0,1.0,593,36,0,Urban,0.1327,Y
Male,No,0,Not Graduate,Yes,51355,0,16.1,360.0,0.0,717,46,0,Semiurban,0.0871,N
Female,Yes,0,Not Graduate,No,27223,0,10.5,360.0,1.0,738,35,1,Rural,0.1071,Y
Male,Yes,1,Graduate,Yes,77969,11066,36.7,240.0,0.0,616,69,0,Rural,0.1717,Y
Male,Yes,1,Graduate,No,74825,0,22.0,360.0,0.0,574,47,0,Urban,0.0817,Y
Female,Yes,1,Not Graduate,No,60455,62257,23.7,120.0,0.0,460,38,0,Semiurban,0.1609,Y
Male,Yes,1,Graduate,No,45348,31834,12.3,300.0,1.0,718,31,1,Semiurban,0.0531,Y
Male,Yes,1,Graduate,No,70879,38133,10.8,120.0,,777,28,1,Rural,0.0826,Y
Male,Yes,,Graduate,Yes,38639,12774,18.2,360.0,1.0,696,43,0,Semiurban,0.0983,Y
Female,No,0,Graduate,No,30877,0,5.9,300.0,0.0,686,32,0,Rural,0.0637,N
Female,Yes,1,Graduate,No,80423,52300,32.1,360.0,1.0,704,49,0,Urban,0.0672,Y
Female,Yes,0,Graduate,No,51988,29677,13.2,,1.0,773,37,0,Semiurban,0.0449,Y
Male,Yes,0,Graduate,No,31507,23051,17.1,360.0,1.0,700,37,0,Semiurban,0.0871,Y
Female,Yes,0,Not Graduate,No,35995,19327,25.9,360.0,0.0,624,39,1,Semiurban,0.13,N
Male,Yes,1,Not Graduate,No,30693,50118,17.6,180.0,1.0,788,36,1,Semiurban,0.121,Y
Male,Yes,,Not Graduate,No,121916,48311,10.0,300.0,1.0,613,41,1,Rural,0.0196,Y
Male,Yes,3+,Graduate,No,44447,34710,49.6,360.0,1.0,768,61,1,Rural,0.1741,Y
Male,Yes,0,Not Graduate,No,47997,0,8.0,360.0,1.0,805,44,1,Urban,0.0463,Y
Male,Yes,0,Not Graduate,No,63615,17159,5.2,360.0,1.0,850,43,0,Rural,0.0179,Y
Female,Yes,0,Graduate,No,24157,35779,33.9,240.0,0.0,596,47,0,Urban,0.2357,N
Female,No,0,Not Graduate,No,76747,0,8.4,300.0,0.0,401,37,0,Semiurban,0.0365,N
Male,Yes,2,Graduate,No,32731,0,42.6,360.0,0.0,430,27,3,Rural,0.3615,N
Male,Yes,0,Not Graduate,Yes,110748,7976,25.2,360.0,1.0,630,21,0,Urban,0.059,Y
Male,Yes,1,Graduate,No,37937,52295,23.8,240.0,1.0,825,21,2,Rural,0.1099,Y
Male,Yes,1,Graduate,No,74520,13300,14.3,360.0,0.0,788,46,2,Rural,0.0452,N
Male,Yes,0,Graduate,No,12729,29226,12.2,300.0,0.0,553,42,1,Semiurban,0.0969,N
Male,Yes,2,Graduate,No,24648,20173,16.0,300.0,0.0,595,36,0,Urban,0.119,Y
Female,No,0,Graduate,No,38300,0,11.9,300.0,1.0,478,64,1,Semiurban,0.1036,Y
Male,Yes,0,Not Graduate,No,16068,30011,41.5,360.0,1.0,769,38,0,Rural,0.2502,Y
Male,Yes,2,Not Graduate,Yes,59901,0,12.9,360.0,1.0,722,21,0,Urban,0.0598,Y
Male,No,2,Not Graduate,No,51869,0,27.2,,1.0,687,46,0,Semiurban,0.1457,Y
Male,No,0,Graduate,No,27027,0,36.7,360.0,1.0,623,51,2,Urban,0.3772,Y
Male,Yes,0,Not Graduate,No,44003,19136,11.8,360.0,1.0,678,46,1,Urban,0.0519,Y
Female,Yes,0,Graduate,No,66386,13756,25.2,120.0,1.0,589,51,1,Rural,0.262,Y
Male,Yes,0,Not Graduate,No,15498,0,11.7,300.0,1.0,633,21,2,Urban,0.2516,Y
Female,Yes,3+,Graduate,No,23465,25028,18.1,360.0,1.0,596,39,1,Rural,0.1037,Y
Male,Yes,1,Graduate,No,37513,14019,15.3,360.0,0.0,498,29,0,Semiurban,0.0825,Y
Male,Yes,0,Not Graduate,No,44885,15434,13.2,360.0,1.0,606,44,2,Semiurban,0.0608,Y
Male,No,2,Not Graduate,No,43075,0,22.1,300.0,0.0,642,55,0,Urban,0.171,N
Female,Yes,,Graduate,No,69192,4273,9.7,300.0,0.0,487,34,0,Rural,0.044,N
Male,Yes,0,Not Graduate,Yes,56309,8030,35.1,300.0,0.0,585,45,0,Urban,0.1818,N
Female,Yes,3+,Graduate,No,62838,70898,10.5,360.0,1.0,612,28,1,Semiurban,0.0218,Y
Male,No,2,Not Graduate,No,22138,0,9.4,240.0,1.0,615,38,2,Urban,0.1769,Y
Female,Yes,2,Graduate,,47687,15253,17.3,360.0,1.0,612,32,1,Semiurban,0.0764,Y
Male,Yes,0,Graduate,No,38041,6719,16.1,300.0,1.0,798,58,0,Semiurban,0.1199,Y
Female,Yes,2,Graduate,No,92137,21175,24.9,360.0,1.0,694,26,1,Semiurban,0.061,Y
Male,Yes,0,Graduate,No,48397,43898,21.1,180.0,,643,39,1,Urban,0.127,Y
Female,Yes,1,Not Graduate,Yes,31744,139727,7.6,240.0,1.0,620,53,1,Semiurban,0.0185,Y
Male,Yes,3+,Graduate,No,67931,0,36.3,360.0,1.0,589,21,0,Rural,0.1484,Y
Male,Yes,0,Graduate,Yes,58785,11839,17.0,360.0,1.0,645,43,0,Semiurban,0.0669,Y
Male,Yes,2,Graduate,No,29413,0,23.2,300.0,1.0,581,39,0,Urban,0.2629,Y
Female,Yes,0,Graduate,No,37263,7863,75.3,360.0,1.0,671,31,1,Urban,0.4635,Y
Male,No,0,Graduate,No,37582,0,43.5,300.0,0.0,526,51,1,Urban,0.3858,N
Female,Yes,2,Graduate,No,81939,18978,22.8,360.0,1.0,640,57,1,Urban,0.0628,Y
Male,Yes,0,Graduate,No,49100,0,8.8,240.0,1.0,821,45,0,Urban,0.0747,Y
Male,Yes,1,Graduate,No,63793,92800,8.9,300.0,1.0,688,35,0,Semiurban,0.0189,Y
Male,Yes,0,Graduate,No,34661,8771,40.3,240.0,1.0,694,22,1,Urban,0.3866,N
Female,No,3+,Not Graduate,No,52439,0,15.8,240.0,1.0,825,40,0,Semiurban,0.1255,Y
Female,Yes,0,Graduate,No,85108,0,18.2,300.0,1.0,588,36,1,Rural,0.0713,Y
Female,Yes,0,Graduate,No,37029,27768,10.1,300.0,0.0,546,37,2,Rural,0.052,N
Male,Yes,0,Not Graduate,No,46985,8611,26.2,360.0,1.0,571,33,0,Rural,0.1309,Y
Female,No,3+,Graduate,No,22434,0,39.8,360.0,0.0,596,32,0,Urban,0.4928,N
Female,No,1,Not Graduate,No,30249,0,50.1,300.0,0.0,645,38,2,Urban,0.5521,N
Male,Yes,1,Graduate,No,37526,8255,15.3,360.0,1.0,492,24,0,Rural,0.0928,Y
Female,Yes,0,Graduate,No,26097,0,29.6,360.0,1.0,787,49,3,Urban,0.3151,Y
Female,Yes,0,Graduate,No,85904,11103,19.0,360.0,1.0,738,30,2,Urban,0.0544,Y
Female,Yes,0,Graduate,No,29173,26045,34.1,360.0,0.0,593,39,0,Semiurban,0.1715,N
Female,No,1,Graduate,Yes,65736,0,20.0,300.0,1.0,598,34,1,Urban,0.1014,Y
Male,Yes,0,Not Graduate,No,48699,15539,12.2,300.0,1.0,779,45,0,Rural,0.0633,Y
Male,Yes,3+,Not Graduate,Yes,45045,42111,44.3,120.0,1.0,850,45,0,Rural,0.4236,Y
Female,,2,Graduate,No,93254,0,21.3,360.0,1.0,673,44,1,Rural,0.0634,Y
Male,No,0,Not Graduate,,14324,0,16.3,360.0,1.0,681,25,0,Rural,0.3161,Y
Female,Yes,0,Graduate,No,40211,26844,22.3,360.0,1.0,712,36,3,Urban,0.0924,Y
Female,No,2,Not Graduate,No,25843,0,12.9,360.0,1.0,674,56,1,Semiurban,0.1387,N
Female,Yes,0,Not Graduate,No,16635,54695,25.8,180.0,1.0,694,34,1,Urban,0.2009,Y
Female,No,0,Graduate,No,24407,0,17.9,360.0,1.0,803,50,0,Semiurban,0.2037,Y
Male,No,0,Graduate,No,44740,0,12.5,300.0,1.0,704,38,1,Urban,0.0931,Y
Male,Yes,1,Graduate,No,30863,0,83.6,360.0,1.0,736,35,0,Semiurban,0.7524,Y
Male,No,2,Graduate,No,69446,0,11.0,300.0,0.0,773,40,1,Rural,0.0528,N
Male,No,0,Graduate,,39858,0,24.8,120.0,1.0,842,29,2,Urban,0.5185,Y
Male,Yes,0,Not Graduate,Yes,37708,13340,20.8,360.0,1.0,616,48,0,Urban,0.1132,Y
Male,Yes,0,Not Graduate,No,37792,10275,10.9,180.0,1.0,850,29,0,Urban,0.126,Y
Female,No,1,Not Graduate,No,42224,0,16.4,360.0,0.0,714,44,0,Semiurban,0.1079,N
Female,Yes,0,Not Graduate,No,35982,43002,9.0,360.0,1.0,844,50,2,Urban,0.0317,Y
Male,Yes,0,Not Graduate,No,28980,22240,69.4,240.0,1.0,654,43,1,Rural,0.5645,Y
Male,No,3+,Graduate,No,72736,0,17.1,300.0,0.0,609,32,1,Semiurban,0.0784,N
Female,No,3+,Graduate,No,32466,0,18.0,300.0,0.0,555,40,1,Semiurban,0.1848,N
Male,Yes,3+,Graduate,No,36616,67814,64.5,180.0,1.0,721,30,2,Semiurban,0.3431,Y
Male,Yes,2,Graduate,Yes,54979,39052,12.3,300.0,1.0,850,36,0,Urban,0.0436,Y
Male,Yes,0,Graduate,No,52019,37479,43.7,300.0,0.0,603,32,2,Urban,0.1628,N
Female,Yes,0,Graduate,No,28375,20245,28.7,120.0,1.0,555,30,2,Rural,0.4919,N
Male,Yes,0,Not Graduate,No,64698,181035,6.1,300.0,1.0,676,45,0,Rural,0.0083,Y
Female,No,0,Not Graduate,No,58037,0,16.1,180.0,0.0,531,49,0,Urban,0.1541,N
Male,Yes,3+,Graduate,No,48484,5534,26.1,360.0,1.0,850,50,3,Urban,0.1342,Y
,Yes,2,Not Graduate,No,35751,0,20.5,360.0,1.0,637,41,2,Urban,0.1593,N
Male,Yes,1,Graduate,No,36193,11074,20.6,180.0,1.0,673,54,3,Urban,0.2421,N
Male,No,0,Not Graduate,No,40099,0,14.0,360.0,0.0,556,31,1,Urban,0.097,N
Female,Yes,3+,Graduate,No,23959,0,13.1,300.0,1.0,850,52,0,Semiurban,0.1822,Y
Female,Yes,2,Graduate,No,43493,19263,16.7,240.0,0.0,676,48,0,Rural,0.1109,N
Female,Yes,0,Not Graduate,No,69290,11831,65.2,240.0,1.0,761,38,2,Urban,0.3349,N
Male,Yes,2,Graduate,No,68747,0,11.7,360.0,1.0,731,40,1,Semiurban,0.0473,Y
Female,Yes,0,Graduate,No,36665,0,15.0,180.0,1.0,729,49,0,Urban,0.2273,Y
Female,Yes,0,Graduate,No,75512,38233,20.4,180.0,1.0,717,45,0,Semiurban,0.0996,Y
Female,Yes,1,Graduate,No,115030,32507,8.3,360.0,1.0,850,41,0,Semiurban,0.0156,Y
Male,Yes,1,Not Graduate,No,37869,171987,26.0,360.0,1.0,596,33,0,Rural,0.0344,Y
Male,Yes,0,Graduate,Yes,62677,16130,9.3,300.0,1.0,461,28,2,Urban,0.0393,Y
Male,Yes,0,Not Graduate,No,14308,0,10.5,300.0,1.0,750,39,2,Urban,0.2446,Y
Female,Yes,3+,Graduate,Yes,23645,0,10.2,360.0,1.0,836,25,2,Semiurban,0.1198,Y
Male,Yes,1,Graduate,No,46423,0,7.5,240.0,1.0,727,46,0,Urban,0.0673,Y
Male,Yes,1,Graduate,No,26813,45205,43.0,240.0,1.0,532,21,0,Urban,0.2488,Y
Female,Yes,0,Not Graduate,No,122958,0,27.5,360.0,1.0,777,41,0,Urban,0.0621,Y
Female,Yes,0,Graduate,No,59811,87611,34.9,360.0,1.0,614,35,0,Semiurban,0.0658,Y
Female,Yes,0,Graduate,No,71892,0,33.1,180.0,1.0,594,33,0,Urban,0.2558,Y
Male,Yes,0,Graduate,No,43717,0,18.2,360.0,1.0,622,35,3,Rural,0.1156,Y
Female,Yes,0,Graduate,No,26860,0,,360.0,1.0,565,21,2,Semiurban,0.2037,Y
Male,No,0,Not Graduate,Yes,34221,0,36.9,240.0,1.0,728,33,0,Urban,0.4493,Y
Male,No,1,Graduate,Yes,50372,0,53.7,300.0,1.0,652,28,0,Semiurban,0.3553,Y
Male,Yes,0,Graduate,No,32243,0,9.4,240.0,0.0,470,29,0,Urban,0.1215,N
Male,Yes,2,Graduate,Yes,62044,14488,91.1,360.0,0.0,804,70,1,Semiurban,0.3306,N
Male,Yes,0,Graduate,No,63304,21099,9.1,360.0,1.0,662,23,1,Semiurban,0.0299,Y
Female,Yes,0,Graduate,Yes,44466,14083,15.2,180.0,1.0,715,42,1,Semiurban,0.1442,Y
Male,Yes,0,Graduate,No,17804,57136,21.0,360.0,0.0,730,29,2,Rural,0.0778,N
Female,No,0,Graduate,No,104547,0,,360.0,0.0,651,28,0,Urban,0.059,Y
Male,Yes,0,Graduate,No,39881,0,65.3,120.0,1.0,850,23,0,Rural,1.3644,N
Male,No,3+,Graduate,No,171895,0,36.9,360.0,0.0,527,50,0,Rural,0.0596,Y
Male,Yes,2,Not Graduate,No,61468,23495,25.7,360.0,1.0,804,51,0,Urban,0.084,Y
Male,No,0,Not Graduate,No,39936,0,37.4,300.0,1.0,754,31,1,Urban,0.3122,Y
Female,No,0,Graduate,No,55487,0,24.7,360.0,1.0,800,48,0,Urban,0.1237,Y
Male,Yes,1,Graduate,No,16161,5822,13.4,300.0,1.0,786,27,0,Urban,0.2032,Y
Male,Yes,2,Graduate,No,74093,12602,26.9,180.0,1.0,641,34,1,Semiurban,0.1724,Y
,Yes,0,Not Graduate,No,160087,0,20.9,360.0,1.0,850,45,1,Urban,0.0363,Y
Male,Yes,1,Graduate,No,15606,13141,12.1,360.0,0.0,387,27,0,Rural,0.1169,N
Female,Yes,2,Not Graduate,No,38419,39087,42.8,360.0,0.0,512,30,0,Urban,0.1534,N
Male,Yes,2,Not Graduate,No,42080,18762,19.4,240.0,1.0,771,38,0,Urban,0.1329,Y
Female,Yes,2,Graduate,No,68708,81757,10.3,300.0,1.0,736,38,2,Urban,0.0228,Y
Female,No,2,Graduate,No,127133,0,11.3,300.0,1.0,722,26,0,Urban,0.0296,Y
Female,Yes,3+,Not Graduate,No,53715,24307,27.7,360.0,1.0,774,63,0,Rural,0.0986,Y
Female,No,0,Graduate,No,129430,0,37.7,300.0,0.0,514,29,1,Semiurban,0.0971,N
Male,Yes,1,Not Graduate,No,48301,0,26.8,360.0,1.0,786,48,0,Urban,0.1541,Y
Female,No,2,Not Graduate,No,55587,0,26.9,240.0,1.0,698,45,0,Rural,0.2016,Y
Female,Yes,1,Not Graduate,No,52267,33718,12.4,300.0,0.0,716,29,0,Rural,0.0481,Y
Male,Yes,3+,Graduate,No,81646,0,21.2,240.0,1.0,683,43,0,Rural,0.1082,Y
Male,No,0,Graduate,No,35912,0,16.5,360.0,1.0,752,29,3,Rural,0.1276,Y
,Yes,0,Graduate,No,66779,10855,17.9,240.0,0.0,647,39,1,Semiurban,0.0961,Y
,No,0,Not Graduate,No,23971,0,18.8,300.0,0.0,671,47,0,Semiurban,0.2614,N
Female,Yes,0,Not Graduate,No,38474,35687,13.5,180.0,1.0,713,32,1,Urban,0.1011,Y
Male,Yes,0,Graduate,No,32261,0,31.5,360.0,1.0,684,43,0,Urban,0.2712,Y
Male,Yes,1,Graduate,No,46350,49472,11.0,360.0,1.0,640,32,0,Semiurban,0.0319,Y
Male,No,0,Not Graduate,No,37872,0,9.2,360.0,1.0,754,40,0,Rural,0.0675,Y
Male,Yes,1,Not Graduate,Yes,78125,100675,12.5,120.0,1.0,539,39,1,Semiurban,0.0583,Y
Female,No,1,Graduate,No,28586,0,34.1,240.0,1.0,738,34,0,Rural,0.497,Y
Male,No,0,Graduate,Yes,18664,0,24.6,300.0,1.0,744,21,1,Urban,0.4393,Y
Male,Yes,0,Not Graduate,No,22502,50939,6.9,360.0,1.0,850,47,2,Semiurban,0.0261,Y
Female,Yes,1,Not Graduate,No,72918,14360,28.7,300.0,1.0,651,60,0,Semiurban,0.1096,Y
Female,No,2,Not Graduate,No,27316,0,19.5,360.0,1.0,727,40,1,Semiurban,0.1983,Y
Male,Yes,2,Graduate,No,54118,23850,,240.0,1.0,724,31,3,Semiurban,0.0834,Y
Female,Yes,,Graduate,No,38277,14649,17.4,360.0,1.0,610,40,2,Urban,0.0913,Y
Male,Yes,3+,Graduate,No,66978,66556,9.0,300.0,0.0,590,51,1,Urban,0.0225,Y
Male,Yes,1,Not Graduate,No,39522,18531,22.3,360.0,1.0,589,52,1,Rural,0.1067,Y
Male,Yes,3+,Not Graduate,No,176694,17849,9.4,360.0,1.0,797,48,1,Urban,0.0134,Y
Male,Yes,2,Not Graduate,No,114583,8291,16.3,180.0,1.0,763,43,3,Semiurban,0.0737,Y
Male,No,2,Graduate,No,37888,0,16.3,360.0,1.0,749,45,0,Semiurban,0.1195,Y
Female,Yes,0,Not Graduate,No,35381,9682,31.9,360.0,1.0,653,39,1,Urban,0.1966,Y
Female,Yes,3+,Graduate,No,212387,0,20.6,300.0,0.0,718,27,0,Rural,0.0323,Y
Female,No,0,Graduate,No,25863,0,30.7,360.0,1.0,612,34,0,Semiurban,0.3297,Y
Male,No,2,Graduate,No,43152,0,9.8,120.0,0.0,595,34,1,Rural,0.1892,N
Female,No,0,Not Graduate,No,44857,0,18.8,300.0,1.0,605,41,1,Urban,0.1397,Y
Male,Yes,0,Not Graduate,No,44304,18171,27.6,300.0,1.0,694,21,0,Semiurban,0.1473,Y
Male,No,0,Graduate,Yes,18595,0,42.3,300.0,1.0,824,44,0,Rural,0.7582,N
Male,Yes,0,Graduate,No,56857,64971,10.1,360.0,0.0,633,21,0,Rural,0.023,Y
Male,Yes,0,Not Graduate,No,27305,0,12.1,240.0,1.0,627,43,2,Rural,0.1846,Y
Female,Yes,2,Graduate,No,90944,31412,27.2,240.0,1.0,663,51,0,Semiurban,0.0926,Y
Male,Yes,0,Not Graduate,No,21419,29675,52.8,360.0,0.0,556,48,0,Urban,0.287,N
Male,No,0,Graduate,No,45694,0,23.8,360.0,1.0,635,28,2,Urban,0.1447,Y
Female,Yes,0,Graduate,No,14646,0,10.3,,1.0,735,45,1,Rural,0.586,Y
Male,No,1,Graduate,No,15105,0,10.4,360.0,1.0,850,46,2,Rural,0.1912,Y
Male,No,0,Graduate,No,29153,0,21.8,240.0,,540,57,3,Semiurban,0.3116,N
Male,Yes,0,Graduate,No,31285,43018,24.9,360.0,1.0,850,42,0,Urban,0.0931,Y
Female,Yes,0,Graduate,No,92306,30716,17.6,300.0,1.0,710,49,1,Semiurban,0.0477,Y
Female,Yes,,Graduate,No,43465,8664,10.5,360.0,1.0,739,33,1,Urban,0.0559,Y
Male,Yes,0,Graduate,No,84643,11105,38.9,300.0,1.0,733,29,1,Semiurban,0.1354,Y
Male,Yes,0,Not Graduate,No,36684,34899,16.3,360.0,0.0,437,48,1,Urban,0.0633,N
Male,No,,Graduate,No,60057,0,27.6,360.0,1.0,751,48,0,Rural,0.1277,Y
Female,Yes,3+,Graduate,No,30861,27920,6.9,360.0,1.0,491,31,2,Urban,0.0326,Y
Male,Yes,0,Not Graduate,No,29830,8675,41.3,360.0,1.0,729,25,0,Semiurban,0.2979,Y
Male,No,1,Graduate,Yes,17847,0,13.3,300.0,1.0,725,39,0,Urban,0.2484,Y
,Yes,0,Graduate,No,52464,8203,45.0,300.0,1.0,572,38,0,Semiurban,0.2472,Y
Male,No,0,Graduate,,50566,0,29.0,360.0,1.0,716,41,1,Semiurban,0.1593,Y
Male,Yes,0,Not Graduate,No,65425,0,8.5,300.0,1.0,684,48,3,Rural,0.0433,N
Female,Yes,0,Not Graduate,No,49388,28102,23.3,180.0,1.0,696,49,0,Urban,0.167,Y
Male,,0,Graduate,No,122161,0,54.3,360.0,1.0,697,38,1,Urban,0.1235,Y
Male,Yes,0,Not Graduate,No,48437,0,14.0,300.0,1.0,657,27,0,Rural,0.0963,Y
Female,Yes,0,Graduate,Yes,72832,35521,54.3,180.0,1.0,717,30,0,Urban,0.2784,Y
Female,No,1,Graduate,No,37720,0,25.3,360.0,,668,31,2,Urban,0.1863,N
Male,Yes,3+,Not Graduate,Yes,28163,3293,44.9,360.0,1.0,688,37,3,Semiurban,0.3965,N
Male,No,0,Graduate,No,63503,0,22.1,360.0,0.0,585,32,1,Semiurban,0.0967,N
Male,Yes,1,Not Graduate,No,42422,0,18.6,360.0,0.0,648,35,1,Urban,0.1218,N
Female,Yes,3+,Graduate,No,67240,17092,60.5,180.0,1.0,850,39,0,Urban,0.3986,Y
Male,Yes,2,Graduate,No,52916,5531,31.0,360.0,1.0,693,31,1,Rural,0.1473,Y
Female,No,0,Not Graduate,No,29837,0,17.4,360.0,1.0,557,42,1,Semiurban,0.162,Y
Female,Yes,1,Graduate,No,75900,27685,25.9,240.0,0.0,509,58,0,Urban,0.1042,N
Male,Yes,0,Not Graduate,No,28693,16182,14.3,360.0,0.0,644,36,2,Urban,0.0885,N
Male,No,0,Not Graduate,Yes,60637,0,21.4,180.0,0.0,726,31,1,Semiurban,0.1961,N
Male,Yes,0,Not Graduate,No,84188,46643,41.2,300.0,0.0,505,41,1,Urban,0.105,N
Male,No,0,Graduate,No,36596,0,18.2,180.0,1.0,706,29,0,Rural,0.2763,Y
Male,Yes,0,Graduate,No,79063,0,11.9,360.0,1.0,712,36,0,Semiurban,0.0418,Y
Female,No,0,Not Graduate,No,54112,0,11.2,120.0,0.0,521,31,1,Semiurban,0.1725,N
Female,No,1,Not Graduate,No,67912,0,21.0,300.0,1.0,848,26,1,Rural,0.1031,Y
Male,No,0,Graduate,No,29191,0,12.4,360.0,1.0,815,28,1,Urban,0.118,Y
Female,Yes,0,Not Graduate,No,49373,20026,8.5,240.0,1.0,741,31,0,Urban,0.051,Y
Male,Yes,0,Graduate,No,21938,50232,9.8,180.0,1.0,672,27,0,Semiurban,0.0754,Y
Male,No,0,Not Graduate,No,104365,0,40.7,180.0,1.0,796,52,2,Semiurban,0.2167,Y
Male,Yes,1,Graduate,Yes,16204,0,18.4,300.0,1.0,756,43,1,Urban,0.3785,Y
Female,Yes,3+,Graduate,No,37146,7761,20.8,300.0,1.0,671,48,1,Urban,0.1544,Y
Female,No,0,Graduate,No,27838,0,11.2,360.0,1.0,797,23,1,Urban,0.1118,Y
Female,Yes,0,Graduate,Yes,62153,0,14.2,240.0,1.0,743,35,2,Urban,0.0952,Y
Male,Yes,2,Not Graduate,No,116073,0,13.9,360.0,0.0,441,43,2,Semiurban,0.0333,N
Male,Yes,0,Graduate,No,61541,0,17.0,360.0,0.0,501,56,0,Semiurban,0.0767,N
Male,Yes,2,Not Graduate,No,194978,0,7.4,360.0,1.0,590,30,0,Semiurban,0.0105,Y
Male,Yes,0,Graduate,Yes,22271,13089,38.6,360.0,1.0,803,24,0,Urban,0.3032,Y
Female,Yes,0,Graduate,No,23142,0,19.9,360.0,1.0,647,40,1,Urban,0.2389,Y
Female,Yes,0,Graduate,Yes,28380,11736,22.7,360.0,1.0,766,31,0,Urban,0.1572,Y
Female,No,0,Graduate,No,47128,0,34.8,360.0,1.0,850,57,1,Urban,0.2051,Y
Male,No,0,Graduate,No,26543,0,33.2,240.0,1.0,781,44,0,Urban,0.5211,Y
Male,Yes,2,Graduate,Yes,30460,59772,14.2,360.0,1.0,672,35,1,Urban,0.0437,Y
Male,Yes,1,Not Graduate,No,60491,38802,28.9,360.0,1.0,643,35,0,Semiurban,0.0808,Y
Male,No,1,Graduate,No,23871,0,28.7,180.0,0.0,562,37,0,Rural,0.6679,N
Male,Yes,2,Graduate,Yes,25170,15580,24.3,360.0,1.0,618,21,2,Urban,0.1656,Y
Female,Yes,0,Not Graduate,No,36342,0,38.0,300.0,1.0,607,38,0,Rural,0.3485,Y
Female,Yes,1,Graduate,Yes,38093,0,32.5,300.0,1.0,638,33,2,Rural,0.2844,Y
Male,Yes,0,Graduate,No,73498,0,31.1,300.0,1.0,758,45,0,Rural,0.141,Y
Male,No,2,Graduate,No,28273,0,45.6,300.0,1.0,663,28,0,Rural,0.5376,Y
Male,Yes,0,Graduate,No,30942,13357,20.4,360.0,1.0,690,46,0,Semiurban,0.1279,Y
Male,No,1,Graduate,No,59328,0,20.8,360.0,1.0,752,44,1,Semiurban,0.0974,Y
Female,Yes,2,Graduate,No,66217,10191,32.8,300.0,1.0,775,40,0,Urban,0.1431,Y
Male,No,0,Not Graduate,No,90614,0,18.0,300.0,1.0,536,52,2,Semiurban,0.0662,Y
Male,Yes,0,Not Graduate,No,56081,29400,26.8,360.0,1.0,555,21,2,Semiurban,0.0871,Y
Male,Yes,0,Graduate,No,47343,30627,14.4,120.0,1.0,675,43,1,Semiurban,0.1539,Y
Female,Yes,0,Not Graduate,No,59132,32604,5.1,360.0,0.0,490,38,2,Semiurban,0.0154,N
Male,Yes,1,Graduate,No,38805,34180,28.8,360.0,1.0,787,37,0,Semiurban,0.1096,Y
Male,Yes,3+,Graduate,No,38662,14233,7.9,360.0,1.0,668,27,2,Semiurban,0.0415,Y
Male,Yes,0,Graduate,No,18269,7884,13.2,300.0,0.0,752,22,2,Urban,0.1682,N
Female,Yes,0,Graduate,No,69335,11950,32.9,360.0,1.0,666,48,1,Semiurban,0.1124,Y
Female,Yes,,Graduate,No,49302,0,33.1,120.0,0.0,618,47,0,Rural,0.5595,N
Male,Yes,0,Graduate,No,65416,0,40.7,180.0,1.0,650,58,1,Rural,0.3456,Y
Female,No,0,Not Graduate,Yes,12000,0,6.0,360.0,1.0,754,60,3,Rural,0.1389,N
Female,No,3+,Graduate,No,43323,0,24.0,360.0,1.0,756,21,0,Urban,0.1539,Y
Female,No,1,Graduate,No,28913,0,17.2,240.0,1.0,790,36,0,Rural,0.2479,Y
Female,No,0,Not Graduate,Yes,93965,0,36.3,360.0,1.0,698,41,1,Urban,0.1073,Y
Female,Yes,0,Not Graduate,No,60301,44368,48.7,360.0,1.0,824,49,1,Rural,0.1292,Y
Male,Yes,1,Graduate,No,49867,13337,9.2,360.0,1.0,737,54,0,Urban,0.0404,Y
Female,Yes,2,Graduate,No,35740,6475,20.3,360.0,1.0,652,27,2,Semiurban,0.1336,Y
Male,No,2,Graduate,No,54101,0,33.1,360.0,,653,32,2,Semiurban,0.1699,Y
Female,No,0,Graduate,No,27887,0,16.4,360.0,1.0,776,53,0,Semiurban,0.1634,Y
Male,,3+,Graduate,No,42198,0,57.2,360.0,1.0,824,21,3,Semiurban,0.3765,Y
Female,Yes,1,Graduate,No,33217,42930,,360.0,1.0,609,26,0,Semiurban,0.0576,Y
Female,Yes,1,Graduate,No,137757,8033,16.8,300.0,0.0,658,43,0,Semiurban,0.0384,Y
Male,Yes,1,Graduate,No,92501,16700,10.5,360.0,1.0,576,61,0,Urban,0.0267,Y
Female,Yes,0,Graduate,No,75473,16551,22.0,360.0,,654,21,0,Semiurban,0.0664,Y
Male,Yes,3+,Graduate,,21054,14868,3.3,300.0,1.0,754,39,3,Urban,0.0306,Y
Female,No,0,Graduate,No,68328,0,17.3,360.0,1.0,634,44,0,Semiurban,0.0703,Y
Male,Yes,0,Graduate,No,48719,37987,43.0,360.0,1.0,842,54,1,Urban,0.1378,Y
Male,No,2,Graduate,No,81775,0,8.7,360.0,1.0,765,43,0,Semiurban,0.0296,Y
Female,No,1,Not Graduate,Yes,52114,0,7.6,240.0,1.0,604,21,0,Semiurban,0.0608,Y
Male,No,2,Graduate,Yes,44207,0,39.2,360.0,1.0,769,24,3,Urban,0.2463,N
Female,Yes,0,Graduate,No,49856,25466,42.6,300.0,0.0,471,53,1,Semiurban,0.1885,Y
Male,,0,Graduate,Yes,17983,13785,8.9,180.0,1.0,710,43,1,Semiurban,0.1556,Y
Male,Yes,3+,Not Graduate,No,30221,22688,56.8,300.0,1.0,789,26,1,Rural,0.3578,Y
Male,Yes,0,Not Graduate,No,53459,13009,26.0,,1.0,774,43,0,Rural,0.2173,Y
Male,Yes,2,Graduate,No,78409,12016,37.7,300.0,1.0,702,41,0,Semiurban,0.139,Y
Male,No,0,Graduate,No,33683,0,,180.0,1.0,679,21,0,Semiurban,0.2062,Y
Male,No,2,Graduate,No,43460,0,49.1,360.0,1.0,606,21,3,Urban,0.3138,Y
Male,No,0,Graduate,No,19920,0,17.1,180.0,1.0,726,41,1,Urban,0.4769,Y
Male,No,1,Not Graduate,,92010,0,16.7,360.0,1.0,782,60,0,Urban,0.0504,Y
Female,Yes,2,Graduate,No,77410,11837,26.8,360.0,1.0,850,41,0,Rural,0.0834,Y
Female,Yes,0,Graduate,No,61454,44396,15.9,300.0,0.0,549,21,2,Urban,0.0501,Y
Male,Yes,1,Graduate,Yes,54361,17884,8.1,180.0,1.0,786,21,0,Semiurban,0.0623,Y
Female,Yes,2,Graduate,No,96401,0,21.7,,1.0,779,45,0,Urban,0.0625,Y
Male,No,1,Not Graduate,,29658,0,16.6,240.0,1.0,667,46,0,Urban,0.2332,Y
Female,Yes,3+,Graduate,No,28097,0,12.7,240.0,1.0,775,36,2,Urban,0.1883,Y
Female,Yes,0,Not Graduate,No,75415,28008,42.3,360.0,0.0,517,33,1,Semiurban,0.1136,N
Female,Yes,0,Graduate,,72923,0,84.4,300.0,0.0,613,47,1,Semiurban,0.3858,N
Male,Yes,0,Graduate,Yes,24422,0,11.6,360.0,1.0,691,50,0,Semiurban,0.1319,Y
Female,Yes,0,Graduate,No,34007,0,22.6,360.0,1.0,750,46,0,Semiurban,0.1846,Y
Male,No,0,Graduate,No,103213,0,15.8,360.0,1.0,757,28,0,Rural,0.0425,Y
Female,Yes,1,Graduate,No,54493,0,79.3,180.0,0.0,542,48,2,Rural,0.8084,N
Male,Yes,0,Graduate,No,65748,12798,27.0,240.0,1.0,709,34,2,Rural,0.1432,Y
Female,Yes,0,Not Graduate,No,24847,28425,,360.0,1.0,698,31,0,Semiurban,0.1825,Y
Female,Yes,0,Graduate,No,61594,8221,40.8,360.0,0.0,492,31,0,Urban,0.1623,Y
Female,Yes,2,Graduate,Yes,21812,200000,21.7,360.0,1.0,677,38,2,Rural,0.0272,Y
Male,No,1,Graduate,No,16483,0,18.0,360.0,1.0,658,44,0,Urban,0.3033,Y
Female,Yes,0,Graduate,Yes,63794,34051,50.0,360.0,1.0,609,21,0,Urban,0.1419,Y
Male,Yes,2,Not Graduate,No,90873,23224,32.0,360.0,0.0,518,30,0,Semiurban,0.0779,N
Female,Yes,0,Graduate,Yes,39070,0,12.1,240.0,1.0,687,33,1,Semiurban,0.129,Y
Male,No,3+,Graduate,No,33750,0,13.0,360.0,1.0,715,49,3,Urban,0.107,Y
Male,Yes,1,Graduate,Yes,104341,20340,15.9,,1.0,598,28,0,Semiurban,0.0425,Y
Male,Yes,0,Not Graduate,No,40240,12066,40.3,300.0,1.0,818,34,0,Semiurban,0.2568,Y
Male,Yes,1,Not Graduate,No,42921,12569,48.6,360.0,1.0,765,47,0,Semiurban,0.2433,Y
Male,No,2,Not Graduate,No,103464,0,73.0,360.0,0.0,582,38,0,Semiurban,0.196,N
Male,Yes,0,Graduate,No,37168,26233,13.1,180.0,0.0,480,55,2,Semiurban,0.1148,N
Male,Yes,2,Graduate,No,31984,16918,21.8,360.0,1.0,691,36,0,Urban,0.1238,Y
Female,,0,Graduate,No,66686,32034,15.8,240.0,0.0,565,59,0,Urban,0.0667,N
Female,Yes,0,Graduate,No,31072,30332,18.0,240.0,1.0,613,61,1,Urban,0.1221,Y
Male,No,0,Graduate,No,41262,0,35.1,360.0,1.0,605,43,0,Semiurban,0.2363,Y
Male,No,0,Not Graduate,Yes,22935,0,19.5,300.0,0.0,659,43,0,Semiurban,0.2834,N
Male,Yes,0,Graduate,Yes,48664,39206,44.2,360.0,1.0,681,44,0,Semiurban,0.1397,Y
Male,No,3+,Not Graduate,No,45892,0,14.7,240.0,0.0,670,47,2,Semiurban,0.1335,Y
Female,No,0,Graduate,No,71970,0,31.3,360.0,1.0,709,39,0,Semiurban,0.1208,Y
Female,No,0,Graduate,No,68093,0,15.4,360.0,1.0,778,51,3,Urban,0.0628,Y
Male,Yes,0,Graduate,No,58440,0,6.7,360.0,1.0,775,44,0,Urban,0.0318,Y
Male,Yes,2,Graduate,No,54021,0,10.9,360.0,1.0,752,53,2,Rural,0.056,Y
Male,Yes,3+,Not Graduate,No,42761,30250,21.6,360.0,1.0,816,22,0,Semiurban,0.0822,Y
Female,No,2,Graduate,,60161,0,63.6,300.0,1.0,719,40,1,Semiurban,0.3524,Y
Female,Yes,3+,Not Graduate,No,25434,0,15.2,300.0,1.0,575,49,3,Semiurban,0.1992,N
Male,Yes,2,Graduate,No,13705,43439,18.1,360.0,1.0,590,25,1,Rural,0.088,Y
Male,Yes,3+,Graduate,No,79297,26888,26.9,300.0,1.0,651,43,0,Semiurban,0.0844,Y
Female,Yes,1,Not Graduate,No,62136,50874,14.0,,1.0,777,45,1,Urban,0.0344,Y
Female,Yes,0,Graduate,No,41627,0,15.0,120.0,0.0,554,57,0,Rural,0.3003,N
Male,No,0,Not Graduate,No,75908,0,21.0,300.0,0.0,608,34,0,Urban,0.0922,Y
Male,Yes,1,Graduate,No,30769,69211,15.5,360.0,1.0,758,40,2,Urban,0.0431,Y
Male,No,0,Not Graduate,No,31171,0,,300.0,1.0,725,32,1,Urban,0.0738,Y
Male,Yes,0,Graduate,No,29084,117384,13.6,240.0,0.0,384,36,0,Semiurban,0.0387,Y
Male,Yes,1,Graduate,No,58913,0,29.0,300.0,0.0,483,56,0,Semiurban,0.1641,Y
Male,Yes,3+,Graduate,No,20101,21299,29.6,,1.0,850,38,1,Semiurban,0.1986,Y
Female,Yes,0,Graduate,No,30228,14809,44.8,360.0,1.0,739,30,0,Rural,0.2763,Y
Male,Yes,2,Graduate,No,51270,16920,42.7,300.0,0.0,347,36,0,Urban,0.2087,N
Female,No,1,Graduate,No,24293,0,11.7,360.0,,596,32,0,Semiurban,0.1338,N
Male,Yes,3+,Graduate,No,31884,15932,12.8,360.0,1.0,850,33,1,Semiurban,0.0744,Y
Male,No,3+,Graduate,Yes,14680,0,13.2,360.0,1.0,735,32,0,Rural,0.2498,Y
Female,Yes,2,Graduate,No,60048,18680,18.3,300.0,1.0,714,33,0,Urban,0.0775,Y
Male,Yes,0,Graduate,No,31448,42429,13.8,180.0,0.0,425,25,2,Rural,0.1038,N
Female,Yes,0,Graduate,No,25600,15049,18.1,360.0,1.0,686,39,2,Urban,0.1237,Y
Male,Yes,0,Graduate,No,23213,26352,11.9,300.0,1.0,562,27,0,Rural,0.08,Y
Male,Yes,2,Graduate,No,35986,34204,32.2,300.0,1.0,600,51,0,Semiurban,0.1529,Y
Female,Yes,2,Graduate,No,20129,0,11.4,240.0,0.0,459,35,1,Rural,0.236,N
Male,Yes,2,Graduate,No,117148,151814,11.0,240.0,1.0,850,42,1,Urban,0.017,Y
Female,Yes,0,Not Graduate,No,13462,35478,27.4,360.0,1.0,776,43,0,Urban,0.1555,Y
Male,Yes,1,Graduate,No,35408,0,31.0,300.0,1.0,836,21,1,Urban,0.2918,Y
Male,,0,Graduate,No,46791,0,17.5,180.0,0.0,471,35,1,Semiurban,0.2078,N
Male,Yes,0,Graduate,No,30101,23487,33.8,120.0,0.0,607,57,2,Semiurban,0.5256,N
Male,Yes,0,Graduate,No,49319,0,,240.0,0.0,499,29,0,Rural,0.2737,N
Female,,0,Not Graduate,Yes,29739,0,,300.0,1.0,629,63,0,Semiurban,0.7039,Y
Female,Yes,2,Not Graduate,No,95325,0,31.2,360.0,1.0,752,44,0,Urban,0.0909,Y
Male,Yes,0,Graduate,No,25351,20711,55.9,180.0,1.0,726,44,3,Urban,0.6742,Y
Male,Yes,0,Graduate,No,13690,45807,20.8,300.0,1.0,736,41,0,Urban,0.1165,Y
Female,Yes,3+,Graduate,No,23173,13292,46.5,180.0,1.0,597,50,1,Rural,0.7084,Y
Female,No,0,Graduate,No,53812,0,47.1,120.0,1.0,721,50,3,Rural,0.7294,Y
Male,Yes,0,Not Graduate,No,41816,20109,18.4,360.0,,741,38,3,Rural,0.0825,Y
Male,No,0,Graduate,No,64606,0,13.3,360.0,1.0,649,33,0,Semiurban,0.0572,Y
Male,No,0,Graduate,No,57004,0,14.8,360.0,1.0,686,22,2,Urban,0.0721,Y
Female,Yes,0,Graduate,No,32269,7837,25.8,240.0,1.0,562,47,1,Urban,0.268,Y
Male,Yes,0,Graduate,No,34733,16004,10.1,300.0,1.0,516,39,2,Semiurban,0.0664,Y
Male,Yes,1,Graduate,No,36583,2544,15.3,300.0,1.0,850,29,0,Rural,0.1303,Y
Female,Yes,0,Not Graduate,No,113797,9627,41.2,360.0,1.0,728,32,1,Urban,0.0927,Y
Male,Yes,0,Graduate,No,62656,0,30.0,360.0,1.0,678,37,1,Urban,0.133,Y
Male,Yes,2,Not Graduate,Yes,114216,43162,4.9,360.0,1.0,782,27,1,Semiurban,0.0086,Y
Male,Yes,0,Graduate,No,67534,0,9.0,240.0,0.0,512,39,1,Semiurban,0.0555,N
Male,Yes,3+,Graduate,No,42968,0,73.4,300.0,1.0,720,21,0,Urban,0.5694,Y
,No,0,Graduate,No,26644,0,40.8,360.0,0.0,690,32,0,Rural,0.4253,N
Male,Yes,0,Graduate,No,49058,46849,14.2,360.0,0.0,491,25,1,Urban,0.0411,N
Male,No,2,Not Graduate,No,43026,0,8.2,240.0,1.0,666,40,0,Rural,0.0794,Y
Male,No,0,Graduate,No,42327,0,9.5,300.0,1.0,586,27,0,Urban,0.0748,Y
Female,Yes,0,Graduate,No,39953,18353,27.3,360.0,1.0,785,32,3,Urban,0.1301,Y
Female,No,1,Graduate,Yes,15895,0,65.8,180.0,0.0,608,63,0,Urban,2.2997,N
Male,Yes,0,Graduate,No,83318,23757,63.3,360.0,1.0,815,48,0,Urban,0.1642,Y
Male,Yes,2,Not Graduate,No,43251,94131,7.8,360.0,1.0,786,45,0,Semiurban,0.0158,Y
Male,Yes,3+,Graduate,No,21870,54346,16.8,300.0,1.0,686,52,0,Semiurban,0.0735,Y
Male,Yes,0,Not Graduate,No,56437,24894,12.0,120.0,1.0,747,44,2,Semiurban,0.123,Y
Male,Yes,1,Graduate,No,28914,0,21.8,360.0,1.0,748,23,0,Semiurban,0.2094,Y
Female,Yes,0,Graduate,No,58751,13603,9.0,120.0,1.0,776,24,1,Urban,0.1037,Y
Male,Yes,3+,Graduate,Yes,68929,17154,14.5,240.0,1.0,842,21,0,Urban,0.0702,Y
Male,Yes,2,Not Graduate,No,73852,24424,11.9,120.0,1.0,612,40,2,Rural,0.1009,Y
Male,Yes,3+,Not Graduate,No,40927,24476,27.5,240.0,1.0,541,26,1,Rural,0.1752,Y
Female,Yes,0,Graduate,Yes,36066,0,14.7,360.0,,615,32,2,Urban,0.1132,N
Male,Yes,2,Graduate,No,32443,43194,16.1,360.0,1.0,753,34,2,Semiurban,0.0591,Y
Female,Yes,0,Graduate,No,30907,0,27.3,300.0,1.0,747,31,2,Semiurban,0.2944,Y
Male,Yes,0,Graduate,No,43975,10945,53.8,360.0,1.0,659,38,3,Urban,0.2721,Y
Female,Yes,3+,Graduate,No,39948,11237,71.5,360.0,0.0,566,35,1,Semiurban,0.388,N
Female,No,0,Graduate,No,29359,0,26.4,300.0,1.0,635,34,1,Semiurban,0.2997,Y
Male,Yes,3+,Graduate,No,25037,25974,19.0,180.0,1.0,700,21,0,Urban,0.2069,Y
Male,No,0,Graduate,No,42008,0,44.2,360.0,1.0,648,41,0,Urban,0.2923,Y
Male,Yes,2,Graduate,No,35700,0,40.5,300.0,1.0,850,62,0,Rural,0.3781,Y
Male,No,0,Not Graduate,,25067,0,34.1,300.0,1.0,829,41,1,Urban,0.4534,Y
Female,Yes,0,Graduate,No,67190,35129,7.8,240.0,1.0,775,63,0,Urban,0.0318,Y
Female,Yes,0,Not Graduate,No,107586,17231,41.5,120.0,1.0,713,32,0,Semiurban,0.2771,Y
Female,Yes,1,Graduate,,71775,13510,24.9,360.0,1.0,813,35,1,Semiurban,0.0811,Y
Female,Yes,0,Graduate,No,30943,0,11.7,180.0,1.0,719,38,0,Urban,0.2101,Y
Male,Yes,,Graduate,No,43256,27289,13.4,360.0,1.0,725,36,1,Rural,0.0528,Y
Male,Yes,0,Graduate,Yes,95819,18537,28.5,120.0,0.0,434,51,1,Semiurban,0.2077,N
Female,No,0,Graduate,No,24665,0,4.5,360.0,0.0,613,21,2,Urban,0.0507,N
Male,Yes,0,Graduate,No,65598,23236,18.6,300.0,1.0,594,33,0,Semiurban,0.0698,Y
Female,Yes,0,Not Graduate,No,21503,17816,13.6,360.0,1.0,674,56,0,Semiurban,0.0961,Y
Male,No,2,Graduate,Yes,102952,0,12.8,180.0,1.0,725,33,0,Urban,0.0691,Y
Male,Yes,2,Not Graduate,Yes,35769,52513,15.3,240.0,1.0,629,48,0,Semiurban,0.0722,Y
Female,No,0,Graduate,No,135202,0,8.3,180.0,1.0,753,45,0,Semiurban,0.0341,Y
Male,Yes,1,Graduate,Yes,105243,9339,37.8,360.0,1.0,805,37,1,Semiurban,0.0916,Y
Female,No,2,Graduate,,42057,0,5.6,180.0,0.0,510,41,1,Semiurban,0.074,N
Female,Yes,0,Graduate,Yes,30955,24737,22.2,360.0,1.0,721,37,1,Semiurban,0.1107,Y
Female,No,0,Graduate,Yes,48893,0,12.1,180.0,1.0,598,21,1,Urban,0.1375,Y
Female,No,0,Not Graduate,No,40535,0,66.0,360.0,1.0,605,43,0,Semiurban,0.4523,Y
Male,Yes,0,Graduate,,36287,0,20.4,300.0,1.0,738,31,2,Semiurban,0.1874,Y
Female,Yes,0,Graduate,No,19360,102978,5.6,180.0,1.0,774,23,2,Rural,0.0254,Y
Male,Yes,0,Graduate,No,34294,18681,27.9,120.0,,574,42,0,Semiurban,0.4389,Y
Male,,1,Graduate,No,25457,0,10.4,300.0,1.0,850,42,0,Semiurban,0.1362,Y
Female,Yes,0,Graduate,No,58444,7989,36.3,360.0,0.0,545,49,0,Rural,0.1518,N
,Yes,0,Graduate,No,72805,0,29.1,180.0,,729,35,1,Urban,0.2221,Y
Male,Yes,0,Graduate,No,64237,0,48.6,360.0,1.0,662,47,0,Urban,0.2102,Y
Male,Yes,0,Graduate,No,52638,67714,22.5,300.0,1.0,684,38,1,Urban,0.0623,Y
Male,Yes,0,Graduate,No,28956,47926,32.8,360.0,1.0,847,42,0,Urban,0.1185,Y
Female,No,3+,Graduate,,49153,0,20.6,360.0,1.0,845,43,0,Semiurban,0.1164,Y
Male,Yes,0,Graduate,No,65932,0,14.1,360.0,0.0,441,23,0,Urban,0.0594,N
Female,No,1,Graduate,Yes,33087,0,38.1,180.0,1.0,659,42,3,Urban,0.6397,N
Female,Yes,0,Graduate,No,47075,6420,9.6,360.0,1.0,850,39,0,Urban,0.0498,Y
Female,,1,Not Graduate,No,41244,0,19.7,180.0,1.0,671,35,2,Semiurban,0.2654,Y
Male,Yes,1,Not Graduate,Yes,101843,0,14.3,300.0,1.0,748,39,2,Rural,0.0468,Y
Female,Yes,0,Graduate,Yes,67899,21302,33.3,360.0,1.0,812,66,0,Rural,0.1037,Y
Male,No,2,Not Graduate,No,60149,0,11.4,300.0,0.0,667,21,0,Urban,0.0632,N
,No,0,Graduate,No,18801,0,15.7,360.0,1.0,456,37,2,Semiurban,0.2319,N
Male,Yes,2,Graduate,Yes,48360,6370,20.6,360.0,0.0,620,47,1,Urban,0.1046,Y
Female,Yes,0,Graduate,No,41048,25021,49.0,360.0,1.0,850,24,0,Urban,0.206,Y
Female,Yes,3+,Not Graduate,Yes,40871,28722,14.6,300.0,1.0,713,42,3,Rural,0.0699,Y
Male,No,2,Graduate,No,20298,0,15.8,360.0,1.0,616,41,0,Semiurban,0.2162,Y
Male,No,3+,Not Graduate,No,25748,0,8.9,120.0,1.0,618,21,0,Urban,0.288,Y
Female,No,0,Not Graduate,No,42873,0,11.1,300.0,1.0,692,32,0,Semiurban,0.0863,Y
Male,Yes,0,Graduate,No,77434,49595,25.7,360.0,1.0,771,58,1,Urban,0.0562,Y
Female,Yes,2,Graduate,Yes,33016,7792,20.5,360.0,1.0,850,21,0,Urban,0.1395,Y
Male,Yes,2,Graduate,No,36317,0,20.7,360.0,1.0,684,33,2,Semiurban,0.1583,Y
Male,Yes,3+,Graduate,Yes,108071,60990,57.1,240.0,1.0,761,36,0,Urban,0.1407,Y
Female,Yes,0,Graduate,No,38238,18930,7.4,360.0,1.0,571,38,0,Rural,0.036,Y
Female,Yes,2,Graduate,No,41590,18247,80.7,360.0,1.0,558,33,2,Semiurban,0.3746,Y
Female,Yes,0,Graduate,No,41872,47331,40.7,180.0,0.0,545,39,2,Rural,0.2535,N
Male,No,0,Graduate,No,22635,0,16.5,300.0,1.0,750,38,0,Rural,0.243,Y
Female,No,0,Graduate,Yes,59036,0,25.4,300.0,1.0,702,46,1,Semiurban,0.1434,Y
Female,Yes,0,Graduate,No,32002,18336,13.3,300.0,0.0,595,47,1,Semiurban,0.0881,N
Female,Yes,3+,Graduate,Yes,43694,35032,24.3,180.0,1.0,685,43,1,Urban,0.1715,Y
Female,Yes,0,Graduate,No,55392,0,73.0,360.0,0.0,588,41,1,Semiurban,0.3661,N
Male,No,1,Graduate,,117158,0,13.6,180.0,1.0,684,21,2,Urban,0.0645,Y
Male,No,1,Not Graduate,Yes,22951,0,17.5,360.0,1.0,589,39,2,Urban,0.2118,Y
Male,No,0,Graduate,No,68356,0,12.8,360.0,1.0,576,50,2,Semiurban,0.052,Y
Female,No,0,Graduate,No,68484,0,14.0,300.0,0.0,712,21,0,Semiurban,0.0681,Y
Male,Yes,1,Not Graduate,Yes,32238,96810,15.8,180.0,1.0,636,24,0,Rural,0.068,Y
Female,Yes,0,Graduate,No,59859,16947,10.4,360.0,0.0,568,54,0,Urban,0.0376,Y
Male,Yes,2,Not Graduate,Yes,100883,18182,17.1,360.0,1.0,817,22,2,Semiurban,0.0399,Y
Female,Yes,3+,Graduate,Yes,30258,10717,20.7,360.0,1.0,686,37,0,Rural,0.1403,Y
Female,No,0,Not Graduate,No,50048,0,15.8,,1.0,789,32,0,Urban,0.1754,Y
Male,Yes,0,Not Graduate,No,54307,0,5.1,360.0,1.0,630,54,2,Urban,0.0261,Y
Male,Yes,0,Graduate,Yes,57936,15235,18.3,360.0,1.0,850,41,0,Urban,0.0695,Y
Male,Yes,1,Graduate,Yes,65163,35983,19.5,240.0,0.0,610,47,0,Rural,0.0803,N
Female,No,0,Not Graduate,No,48202,0,62.7,180.0,0.0,588,39,2,Urban,0.7226,N
Female,Yes,0,Not Graduate,No,57338,6201,20.4,360.0,1.0,695,60,0,Urban,0.0892,Y
Male,Yes,0,Not Graduate,No,28121,66119,35.2,300.0,1.0,779,30,2,Semiurban,0.1245,Y
Female,Yes,3+,Graduate,No,48146,10292,15.6,360.0,1.0,731,42,0,Rural,0.0742,Y
Male,Yes,0,Not Graduate,No,34955,11241,43.8,360.0,0.0,302,52,0,Rural,0.2634,N
Male,Yes,0,Graduate,No,23983,9253,11.4,360.0,1.0,670,54,0,Semiurban,0.0953,Y
Female,No,3+,Graduate,No,34387,0,27.2,360.0,1.0,739,35,2,Rural,0.2197,Y
Male,Yes,1,Graduate,No,50753,11757,33.3,240.0,1.0,623,21,1,Urban,0.222,Y
Male,No,1,Graduate,No,55155,0,30.5,360.0,1.0,665,34,0,Urban,0.1536,Y
Male,Yes,1,Graduate,No,23524,3925,73.6,300.0,1.0,675,57,1,Rural,0.8937,N
Male,Yes,3+,Graduate,No,27755,24124,14.1,360.0,1.0,850,30,0,Semiurban,0.0755,Y
Male,No,1,Graduate,No,63725,0,46.9,360.0,0.0,644,41,1,Urban,0.2044,N
Male,Yes,2,Graduate,No,57187,105988,,120.0,1.0,740,35,0,Semiurban,0.2053,Y
Female,Yes,1,Not Graduate,No,69117,0,20.7,300.0,1.0,605,37,2,Rural,0.0998,Y
Male,,1,Graduate,No,87896,0,60.6,360.0,1.0,648,52,1,Rural,0.1915,Y
Male,Yes,0,Graduate,Yes,58043,9504,18.4,240.0,,787,41,2,Rural,0.1135,Y
Male,No,0,Graduate,No,36048,0,20.4,180.0,1.0,769,60,1,Semiurban,0.3144,Y
Male,Yes,2,Graduate,No,46978,30155,20.0,360.0,1.0,582,49,1,Rural,0.072,Y
Female,Yes,0,Graduate,No,101717,15485,9.4,360.0,0.0,716,39,1,Semiurban,0.0223,Y
Female,Yes,1,Graduate,No,176703,22988,31.7,300.0,1.0,633,37,2,Semiurban,0.0529,Y
Male,No,0,Graduate,No,55913,0,28.9,360.0,1.0,742,42,0,Rural,0.1436,Y
Female,Yes,2,Not Graduate,,57976,16833,18.9,300.0,1.0,850,24,1,Semiurban,0.0842,Y
,No,0,Graduate,No,63758,0,57.8,360.0,1.0,672,26,1,Urban,0.2518,Y
Male,No,2,Graduate,No,44887,0,15.5,240.0,1.0,725,46,0,Urban,0.1439,Y
Male,Yes,1,Graduate,No,79374,27447,7.1,120.0,0.0,540,48,0,Semiurban,0.0554,Y
Male,Yes,0,Graduate,No,73425,0,62.9,300.0,1.0,726,23,0,Urban,0.2855,Y
Male,Yes,0,Graduate,No,52954,29713,36.8,360.0,0.0,718,47,2,Urban,0.1237,N
Female,Yes,0,Graduate,No,37835,10954,29.2,360.0,1.0,692,36,0,Urban,0.1662,Y
Male,Yes,0,Graduate,No,20737,29999,16.4,300.0,,684,29,0,Urban,0.1077,Y
Female,Yes,0,Graduate,No,63972,83708,24.7,240.0,1.0,809,35,0,Semiurban,0.0697,Y
Male,No,0,Graduate,No,49337,0,9.4,360.0,1.0,596,48,0,Urban,0.0529,Y
Male,No,3+,Graduate,No,30672,0,17.5,300.0,1.0,717,45,0,Urban,0.1902,Y
Female,No,0,Not Graduate,No,25211,0,11.7,240.0,0.0,525,41,2,Semiurban,0.1934,N
Male,No,1,Graduate,No,61742,0,23.5,360.0,0.0,569,42,0,Rural,0.1057,N
Male,Yes,0,Graduate,No,19918,90414,35.0,360.0,1.0,630,25,1,Urban,0.0881,Y
Female,No,1,Graduate,No,51525,0,10.7,240.0,0.0,461,44,2,Urban,0.0865,N
Female,No,0,Not Graduate,No,67628,0,31.0,360.0,1.0,511,33,3,Rural,0.1273,Y
Female,Yes,1,Not Graduate,Yes,58393,49336,22.6,360.0,1.0,669,60,1,Urban,0.0583,Y
Female,No,1,Graduate,No,36484,0,30.3,360.0,1.0,731,34,3,Rural,0.2307,Y
Female,Yes,1,Not Graduate,No,23749,39245,17.4,360.0,1.0,783,62,0,Urban,0.0767,Y
Female,Yes,0,Graduate,Yes,59487,35294,30.6,360.0,1.0,590,36,2,Urban,0.0897,Y
,No,1,Not Graduate,No,80843,0,13.2,360.0,1.0,724,37,3,Urban,0.0454,Y
Male,No,0,Graduate,No,33311,0,7.3,360.0,1.0,760,35,0,Urban,0.0609,Y
Male,Yes,0,Graduate,No,57151,54984,8.4,360.0,1.0,742,24,0,Rural,0.0208,Y
Male,No,0,Graduate,No,97808,0,14.9,360.0,1.0,733,53,1,Rural,0.0423,Y
Female,Yes,0,Graduate,Yes,52545,25342,7.6,240.0,1.0,515,39,0,Rural,0.0407,Y
Female,Yes,0,Graduate,No,36372,0,50.9,120.0,0.0,579,45,0,Rural,1.1662,N
Female,No,1,Graduate,Yes,74640,0,19.1,360.0,0.0,583,56,2,Rural,0.0711,N
Male,Yes,0,Graduate,No,30675,8206,34.9,360.0,1.0,759,37,0,Semiurban,0.2493,Y
Female,No,0,Graduate,No,23177,0,32.2,360.0,1.0,835,37,0,Rural,0.3859,Y
Male,Yes,0,Graduate,No,66580,19494,20.2,300.0,1.0,687,40,2,Urban,0.0782,Y
Female,Yes,1,Not Graduate,No,36204,36935,150.0,240.0,,679,24,0,Urban,0.8545,Y
Male,Yes,1,Not Graduate,No,37863,0,116.3,300.0,1.0,722,21,2,Semiurban,1.0238,N
Male,Yes,0,Not Graduate,No,32420,19203,,360.0,1.0,712,21,0,Rural,0.2491,Y
Male,Yes,1,Graduate,No,35017,20324,11.7,300.0,0.0,629,52,2,Semiurban,0.0705,N
Male,No,0,Graduate,No,89457,0,47.5,360.0,1.0,758,34,2,Rural,0.1475,Y
Female,Yes,0,Graduate,No,101849,11851,7.0,360.0,1.0,694,47,0,Semiurban,0.0171,Y
Female,No,0,Graduate,Yes,108824,0,46.4,360.0,1.0,755,35,2,Semiurban,0.1184,Y
Female,Yes,1,Graduate,No,76501,20037,4.3,360.0,0.0,570,21,1,Rural,0.0124,N
Male,Yes,1,Graduate,No,56002,15420,16.6,360.0,0.0,459,48,0,Urban,0.0646,Y
Male,Yes,0,Not Graduate,Yes,21674,16064,41.5,360.0,0.0,486,28,1,Rural,0.3055,N
Female,Yes,0,Graduate,Yes,40386,32970,25.3,240.0,1.0,500,44,0,Semiurban,0.1437,Y
Female,Yes,0,Not Graduate,Yes,130402,12603,8.3,360.0,1.0,850,48,2,Semiurban,0.0161,Y
,Yes,1,Graduate,No,35674,0,22.2,240.0,1.0,826,38,0,Rural,0.2593,Y
Male,Yes,2,Graduate,No,94568,41319,25.3,300.0,1.0,803,43,0,Semiurban,0.0621,Y
Female,Yes,0,Graduate,Yes,45593,26188,22.7,360.0,1.0,691,22,1,Semiurban,0.0878,Y
Male,Yes,0,Graduate,No,12000,10565,15.7,240.0,1.0,798,70,0,Semiurban,0.2899,Y
Male,Yes,2,Not Graduate,No,61099,21661,33.6,360.0,1.0,791,43,1,Urban,0.1128,Y
Male,Yes,2,Graduate,No,83544,29909,39.9,,1.0,579,47,0,Semiurban,0.1172,Y
Male,No,2,Graduate,No,43282,0,18.3,360.0,1.0,639,48,1,Urban,0.1174,Y
Female,Yes,1,Graduate,Yes,82168,12981,50.0,360.0,0.0,638,36,0,Rural,0.146,N
Female,No,2,Graduate,No,19266,0,18.3,360.0,0.0,546,39,2,Urban,0.2638,N
Male,Yes,0,Graduate,No,22186,13540,15.0,240.0,1.0,646,50,1,Semiurban,0.1749,Y
Male,No,0,Graduate,No,49140,0,45.3,,0.0,664,34,0,Rural,0.5121,N
Male,Yes,0,Graduate,No,56306,29246,44.4,360.0,1.0,635,42,0,Rural,0.1442,Y
Male,No,1,Graduate,No,87403,0,13.8,360.0,,850,43,1,Semiurban,0.0439,Y
Male,Yes,0,Graduate,Yes,61051,0,12.7,240.0,1.0,850,30,0,Semiurban,0.0867,Y
Female,No,0,Not Graduate,No,24421,0,57.9,360.0,1.0,691,43,3,Urban,0.6586,N
Male,No,0,Not Graduate,Yes,49342,0,18.9,120.0,0.0,702,21,0,Urban,0.3192,N
Male,No,0,Graduate,No,59896,0,20.1,240.0,1.0,727,48,2,Urban,0.1398,Y
Male,Yes,2,Graduate,No,17377,24622,17.3,360.0,0.0,553,55,1,Rural,0.1144,N
Male,Yes,0,Graduate,No,43399,22971,44.4,300.0,0.0,768,48,0,Urban,0.223,Y
Male,Yes,0,Not Graduate,No,37504,0,72.7,300.0,1.0,745,54,2,Semiurban,0.6461,Y
Male,Yes,2,Not Graduate,No,31973,19205,20.9,360.0,1.0,629,30,2,Urban,0.1134,Y
Female,No,0,Not Graduate,No,56919,0,85.7,360.0,0.0,631,36,1,Semiurban,0.4182,N
Male,Yes,1,Graduate,No,24963,0,14.4,360.0,1.0,850,39,0,Semiurban,0.1602,Y
Male,Yes,,Graduate,No,54636,0,17.0,300.0,1.0,710,39,0,Rural,0.1037,Y
Female,Yes,3+,Graduate,No,58674,15311,30.1,360.0,1.0,729,33,1,Urban,0.113,Y
Female,Yes,2,Graduate,No,76258,7510,12.3,360.0,1.0,683,28,0,Urban,0.0408,Y
Female,Yes,0,Graduate,No,25293,45205,29.8,360.0,1.0,742,57,1,Urban,0.1174,Y
Female,No,1,Graduate,No,20897,0,14.7,300.0,1.0,622,29,1,Urban,0.2345,Y
Male,Yes,0,Graduate,No,50993,23409,8.0,180.0,0.0,518,56,1,Semiurban,0.0597,N
Male,Yes,0,Graduate,No,38440,13163,7.1,360.0,0.0,559,43,1,Urban,0.0382,N
Male,Yes,0,Not Graduate,No,189345,6937,16.5,180.0,0.0,605,40,0,Urban,0.0467,Y
Female,Yes,0,Graduate,No,55784,15182,25.8,300.0,0.0,690,44,0,Rural,0.1212,N
Female,Yes,2,Not Graduate,No,45665,16982,8.9,240.0,1.0,697,55,1,Semiurban,0.0592,Y
Male,No,0,Not Graduate,Yes,40684,0,22.4,300.0,1.0,784,21,0,Urban,0.1835,Y
Male,No,1,Not Graduate,No,24124,0,22.4,300.0,1.0,670,42,0,Urban,0.3095,Y
Female,No,0,Not Graduate,No,58803,0,18.2,360.0,0.0,643,40,0,Urban,0.086,Y
Male,No,0,Not Graduate,Yes,42635,0,11.5,360.0,0.0,698,40,0,Semiurban,0.0749,N
Male,Yes,3+,Graduate,No,42653,0,23.2,240.0,1.0,700,48,1,Semiurban,0.2266,Y
Female,No,0,Graduate,No,46501,0,18.4,360.0,1.0,742,31,1,Semiurban,0.1099,Y
Female,No,1,Graduate,No,49543,0,36.2,360.0,1.0,657,25,0,Urban,0.203,Y
Female,No,0,Graduate,No,18590,0,9.2,240.0,,763,23,1,Semiurban,0.2062,Y
Female,Yes,0,Not Graduate,No,67407,0,21.5,360.0,1.0,458,28,0,Semiurban,0.0886,Y
Male,No,0,Graduate,No,29050,0,9.4,240.0,0.0,444,46,1,Semiurban,0.1348,N
Female,No,2,Graduate,Yes,41398,0,,300.0,1.0,762,44,2,Rural,0.1401,Y
Female,No,,Graduate,No,84369,0,10.4,360.0,1.0,563,48,0,Urban,0.0342,Y
Male,Yes,0,Not Graduate,No,107982,0,11.6,360.0,1.0,666,33,0,Urban,0.0298,Y
Male,No,0,Graduate,No,18954,0,20.0,300.0,1.0,836,33,1,Rural,0.3517,Y
Male,No,2,Graduate,No,45032,0,14.3,240.0,1.0,788,56,3,Urban,0.1323,Y
Male,No,1,Graduate,Yes,50841,0,48.4,240.0,1.0,850,49,0,Urban,0.3967,Y
Female,Yes,1,Graduate,No,20873,15532,40.8,360.0,1.0,717,46,0,Semiurban,0.3113,Y
Female,No,0,Graduate,No,66257,0,32.6,300.0,1.0,703,21,3,Semiurban,0.164,Y
Male,Yes,2,Graduate,Yes,47011,30806,32.2,360.0,1.0,711,60,0,Rural,0.1149,Y
Male,Yes,2,Not Graduate,No,48878,0,21.7,300.0,0.0,507,37,0,Urban,0.148,N
Female,Yes,2,Graduate,No,28035,14132,43.9,120.0,1.0,691,40,1,Urban,0.8676,Y
Male,No,2,Graduate,No,54527,0,16.8,,1.0,597,43,0,Urban,0.0856,Y
Male,Yes,1,Not Graduate,No,67448,0,71.6,180.0,1.0,816,40,2,Semiurban,0.5897,N
Female,Yes,0,Not Graduate,Yes,47271,0,11.4,360.0,0.0,656,36,1,Urban,0.067,N
Male,No,2,Not Graduate,No,34305,0,10.2,360.0,1.0,606,40,3,Semiurban,0.0826,Y
Male,No,3+,Graduate,Yes,35666,0,8.7,360.0,1.0,650,45,0,Urban,0.0678,Y
Male,Yes,0,Not Graduate,No,49523,49503,9.7,360.0,0.0,625,47,1,Urban,0.0272,Y
Male,No,0,Graduate,No,45451,0,7.6,360.0,1.0,734,51,1,Semiurban,0.0464,Y
Female,No,3+,Not Graduate,No,69732,0,22.8,300.0,1.0,616,26,2,Rural,0.109,Y
Male,Yes,0,Graduate,No,34887,58837,33.5,360.0,1.0,716,32,0,Rural,0.0993,Y
Male,Yes,2,Graduate,No,24120,15870,20.5,360.0,0.0,641,47,1,Rural,0.1424,N
Female,Yes,0,Graduate,No,53087,0,8.7,300.0,0.0,644,21,1,Semiurban,0.0546,Y
Female,Yes,0,Graduate,No,34935,0,15.2,300.0,1.0,850,40,1,Urban,0.145,Y
Male,Yes,0,Not Graduate,No,65633,0,33.3,300.0,0.0,613,29,2,Urban,0.1691,N
Male,No,0,Graduate,Yes,44523,0,16.4,240.0,1.0,598,44,1,Semiurban,0.1535,Y
Female,No,0,Graduate,No,61538,0,12.4,180.0,,614,29,1,Urban,0.1119,Y
Male,Yes,0,Graduate,No,26711,30738,8.1,240.0,1.0,823,34,1,Urban,0.0587,Y
Male,Yes,1,Graduate,No,47653,105199,15.6,360.0,1.0,850,35,0,Urban,0.0283,Y
Female,Yes,3+,Not Graduate,No,31269,14077,13.2,360.0,,707,41,0,Semiurban,0.0809,Y
Female,Yes,0,Not Graduate,No,24096,19572,19.1,360.0,1.0,744,49,0,Urban,0.1215,Y
Female,Yes,0,Not Graduate,No,28838,20259,26.7,360.0,1.0,718,49,1,Urban,0.1511,Y
Female,No,0,Graduate,No,33785,0,17.0,300.0,1.0,683,40,0,Semiurban,0.1677,Y
Female,No,0,Graduate,Yes,82648,0,22.4,240.0,1.0,576,26,1,Urban,0.1129,Y
Male,Yes,0,Graduate,No,33341,41950,26.7,360.0,1.0,753,66,0,Semiurban,0.0985,Y
Female,No,0,Graduate,No,23488,0,9.6,360.0,1.0,850,37,1,Semiurban,0.1135,Y
Male,Yes,0,Graduate,No,47370,29837,62.3,360.0,1.0,725,41,0,Urban,0.2241,Y
Male,No,0,Not Graduate,Yes,45008,0,12.9,360.0,1.0,683,41,0,Rural,0.0796,Y
,Yes,0,Graduate,No,34682,0,27.4,360.0,1.0,671,42,0,Urban,0.2194,Y
Male,Yes,1,Graduate,No,40921,0,10.2,360.0,0.0,635,29,2,Semiurban,0.0692,N
Male,No,0,Graduate,Yes,72266,0,21.5,240.0,1.0,814,43,0,Semiurban,0.124,Y
Female,Yes,2,Graduate,,62029,37111,21.9,240.0,1.0,758,58,0,Rural,0.092,Y
Male,No,3+,Not Graduate,No,59404,0,54.4,360.0,0.0,422,21,2,Semiurban,0.2544,N
,Yes,3+,Graduate,No,24542,47221,17.5,300.0,1.0,850,38,0,Urban,0.0813,Y
Male,Yes,3+,Graduate,No,187827,20191,43.8,360.0,1.0,785,26,1,Semiurban,0.0585,Y
Female,Yes,0,Graduate,No,75029,60912,23.9,300.0,1.0,694,49,2,Urban,0.0586,Y
Female,Yes,0,Not Graduate,No,57441,0,61.0,180.0,0.0,542,51,1,Semiurban,0.59,N
Male,No,0,Not Graduate,No,24781,0,6.9,360.0,1.0,670,37,2,Urban,0.0773,Y
Female,Yes,2,Graduate,No,71244,21585,26.8,360.0,0.0,668,39,0,Semiurban,0.0802,Y
Male,No,2,Graduate,No,34525,0,4.0,240.0,1.0,532,28,1,Urban,0.0483,Y
Female,No,2,Graduate,No,40250,0,19.4,360.0,0.0,636,21,3,Semiurban,0.1339,Y
Male,No,0,Graduate,No,19141,0,37.1,300.0,1.0,735,35,2,Semiurban,0.646,N
Male,Yes,2,Not Graduate,No,23843,7064,47.8,360.0,1.0,734,36,1,Urban,0.4296,Y
Female,No,0,Not Graduate,No,55231,0,31.3,360.0,1.0,605,38,0,Rural,0.1574,Y
Male,Yes,0,Not Graduate,No,73359,0,16.9,240.0,1.0,557,21,3,Semiurban,0.096,Y
Male,Yes,2,Graduate,No,62471,30517,27.9,360.0,1.0,850,21,0,Urban,0.0833,Y
Female,Yes,0,Not Graduate,No,61415,66203,90.9,360.0,1.0,722,22,0,Urban,0.1979,Y
Female,Yes,3+,Graduate,No,42942,16959,21.0,240.0,0.0,764,39,0,Semiurban,0.1461,Y
Male,Yes,0,Not Graduate,No,36194,6055,35.8,360.0,1.0,791,44,0,Urban,0.2354,Y
Male,Yes,2,Graduate,No,51249,50902,15.5,360.0,1.0,720,25,2,Rural,0.0421,Y
Male,Yes,0,Graduate,No,66883,0,38.2,360.0,1.0,731,35,0,Urban,0.1586,Y
Male,Yes,2,Graduate,No,44464,26837,34.6,360.0,0.0,687,32,0,Urban,0.1348,Y
Male,No,2,Graduate,No,81237,0,13.9,240.0,0.0,697,60,0,Rural,0.0713,Y
Female,Yes,3+,Graduate,No,39834,53346,32.0,240.0,1.0,753,34,0,Rural,0.1431,Y
Female,Yes,0,Not Graduate,No,27170,21674,,360.0,1.0,808,33,1,Urban,0.1871,Y
Male,Yes,3+,Graduate,Yes,44127,0,31.3,360.0,,813,29,1,Semiurban,0.197,Y
Male,No,0,Graduate,No,46769,0,19.6,360.0,1.0,740,21,1,Urban,0.1164,Y
Male,Yes,0,Graduate,Yes,42573,13920,42.0,300.0,1.0,656,45,1,Semiurban,0.2478,Y
Male,Yes,0,Graduate,No,84148,18708,11.5,300.0,1.0,755,35,0,Rural,0.0373,Y
Female,Yes,2,Not Graduate,No,66347,33919,20.2,240.0,1.0,643,34,1,Urban,0.0839,Y
Male,No,0,Graduate,No,21688,0,21.5,180.0,0.0,556,40,1,Urban,0.5507,N
Male,Yes,2,Graduate,No,95529,40967,40.6,180.0,1.0,746,21,0,Urban,0.1652,Y
Female,No,1,Not Graduate,No,12000,0,11.2,360.0,1.0,703,57,0,Urban,0.2592,Y
Male,Yes,0,Not Graduate,No,130029,28771,23.2,240.0,1.0,828,21,0,Urban,0.0609,Y
Female,Yes,3+,Graduate,No,38421,60376,14.9,360.0,1.0,651,58,0,Rural,0.0419,Y
Male,Yes,0,Not Graduate,No,40345,28271,21.4,360.0,1.0,518,38,0,Urban,0.0866,Y
Female,Yes,2,Graduate,Yes,43045,23156,25.4,360.0,1.0,828,34,0,Semiurban,0.1066,Y
Female,Yes,0,Not Graduate,No,53777,0,9.3,300.0,1.0,714,45,0,Rural,0.0576,Y
Female,Yes,0,Graduate,No,44350,0,42.9,360.0,1.0,719,34,0,Semiurban,0.2687,Y
Female,Yes,0,Not Graduate,Yes,41494,27409,26.0,360.0,1.0,639,48,0,Semiurban,0.1048,Y
Male,No,0,Graduate,No,85345,0,12.0,360.0,1.0,540,41,0,Urban,0.0391,Y
Male,Yes,0,Graduate,Yes,58853,0,16.4,360.0,1.0,636,46,1,Semiurban,0.0774,Y
Female,No,0,Graduate,No,27463,0,49.2,360.0,1.0,761,49,0,Urban,0.4976,Y
Female,Yes,,Graduate,No,64237,54151,25.8,360.0,1.0,692,36,2,Rural,0.0605,Y
Male,Yes,0,Not Graduate,No,57645,14819,11.3,240.0,1.0,680,49,2,Urban,0.065,Y
Male,Yes,0,Graduate,Yes,33771,0,12.6,360.0,0.0,437,44,1,Semiurban,0.1036,N
Male,Yes,2,Graduate,No,65912,0,29.2,360.0,1.0,850,53,0,Semiurban,0.1231,Y
Male,Yes,1,Graduate,No,40995,0,31.4,180.0,1.0,705,34,2,Semiurban,0.4255,Y
Male,Yes,2,Graduate,Yes,39702,25305,25.0,360.0,1.0,850,53,0,Urban,0.1068,Y
Female,No,1,Not Graduate,No,39165,0,16.9,360.0,1.0,743,29,0,Urban,0.1199,Y
Male,No,1,Graduate,No,13173,0,32.6,360.0,1.0,850,21,1,Rural,0.6874,N
Male,Yes,1,Graduate,Yes,34086,7807,16.7,120.0,1.0,645,23,0,Urban,0.3322,Y
Male,No,0,Graduate,No,63360,0,12.0,180.0,1.0,574,34,1,Urban,0.1052,Y
Female,No,1,Not Graduate,No,43862,0,52.0,120.0,0.0,573,41,1,Semiurban,0.9879,N
Female,Yes,0,Graduate,No,23328,0,26.9,240.0,1.0,760,38,0,Rural,0.4804,Y
Male,No,2,Graduate,No,71849,0,12.5,360.0,1.0,770,47,0,Urban,0.0483,Y
Male,Yes,2,Not Graduate,No,38204,0,21.8,180.0,1.0,746,25,3,Semiurban,0.317,Y
Female,Yes,0,Not Graduate,No,24082,50231,20.4,360.0,1.0,850,57,1,Semiurban,0.0763,Y
Male,Yes,2,Not Graduate,No,133654,0,16.3,,1.0,745,53,0,Urban,0.0339,Y
Male,Yes,0,Not Graduate,Yes,26197,0,23.1,120.0,1.0,682,48,1,Semiurban,0.7348,N
Male,Yes,0,Not Graduate,No,68854,42340,11.5,120.0,1.0,689,52,0,Rural,0.0862,Y
Female,Yes,0,Not Graduate,No,30192,0,33.9,360.0,1.0,638,21,2,Rural,0.3119,Y
,No,2,Not Graduate,No,47473,0,20.0,360.0,1.0,736,46,0,Urban,0.117,N
Male,No,2,Graduate,No,28252,0,7.6,180.0,1.0,807,46,2,Semiurban,0.1494,Y
Male,No,2,Graduate,No,23869,0,17.5,300.0,1.0,837,49,3,Semiurban,0.2444,Y
Male,No,0,Graduate,No,57590,0,13.9,360.0,1.0,683,47,3,Urban,0.067,Y
Male,No,0,Graduate,No,54320,0,3.3,240.0,1.0,705,43,0,Semiurban,0.0253,Y
Female,Yes,1,Not Graduate,,78616,61645,18.3,360.0,1.0,652,42,3,Urban,0.0362,Y
Male,Yes,0,Not Graduate,No,43600,19816,37.4,240.0,1.0,797,51,0,Urban,0.2457,Y
Female,Yes,1,Not Graduate,No,134615,13064,18.8,300.0,0.0,479,31,0,Urban,0.0424,Y
Female,No,0,Not Graduate,No,50725,0,30.7,360.0,0.0,525,42,0,Urban,0.1681,N
Female,Yes,0,Graduate,Yes,58888,0,20.2,120.0,1.0,336,32,1,Semiurban,0.2858,Y
Female,No,0,Not Graduate,No,22489,0,15.3,300.0,1.0,604,36,1,Urban,0.2268,Y
Male,,1,Graduate,No,32629,2703,12.9,300.0,0.0,537,21,1,Semiurban,0.1217,N
Male,Yes,0,Graduate,Yes,57517,41191,9.3,360.0,1.0,664,28,3,Urban,0.0262,Y
Female,No,0,Graduate,,42527,0,35.0,120.0,1.0,593,33,0,Semiurban,0.6858,N
Female,Yes,0,Not Graduate,No,48720,0,31.1,300.0,1.0,608,33,0,Rural,0.2128,N
Female,Yes,0,Graduate,No,29488,8832,17.0,300.0,1.0,824,34,1,Urban,0.1479,Y
Male,Yes,0,Not Graduate,No,47145,0,6.0,120.0,1.0,640,25,1,Semiurban,0.1061,Y
Female,Yes,0,Graduate,No,47064,14127,26.7,300.0,0.0,427,34,0,Semiurban,0.1454,N
Male,No,1,Graduate,No,24582,0,11.7,360.0,0.0,496,50,2,Semiurban,0.1322,N
Female,Yes,0,Graduate,No,61162,14617,21.9,240.0,1.0,617,35,0,Urban,0.1204,Y
Female,Yes,2,Graduate,No,18958,41360,8.0,360.0,1.0,704,52,1,Semiurban,0.0368,Y
Male,Yes,1,Not Graduate,No,48636,11295,21.2,240.0,1.0,742,52,0,Urban,0.1474,Y
Female,No,0,Graduate,No,107237,0,18.6,180.0,,588,32,0,Urban,0.0964,Y
Male,Yes,,Not Graduate,Yes,62335,0,4.7,240.0,1.0,737,44,2,Semiurban,0.0314,Y
Male,Yes,2,Not Graduate,Yes,62140,16918,53.0,300.0,1.0,836,24,0,Urban,0.2235,Y
Male,No,0,Not Graduate,No,28319,0,16.5,240.0,0.0,681,26,2,Semiurban,0.2428,N
Female,Yes,0,Graduate,No,107423,14038,17.2,360.0,0.0,642,39,0,Semiurban,0.0393,Y
Female,No,0,Not Graduate,No,88288,0,27.7,360.0,1.0,747,44,1,Rural,0.0872,Y
Female,Yes,1,Graduate,Yes,29092,0,19.5,180.0,1.0,681,56,1,Urban,0.3724,Y
Male,Yes,1,Graduate,No,34983,30903,25.0,360.0,1.0,838,36,0,Rural,0.1054,Y
Female,Yes,3+,Graduate,No,83061,0,10.1,120.0,1.0,749,40,2,Semiurban,0.1013,Y
Female,No,2,Not Graduate,No,108888,0,18.4,120.0,1.0,638,39,0,Urban,0.1408,Y
Male,No,0,Graduate,No,23568,0,6.4,180.0,0.0,576,58,1,Urban,0.1509,N
Female,Yes,0,Graduate,Yes,26853,67316,17.4,300.0,1.0,649,53,2,Semiurban,0.0616,Y
Male,Yes,0,Graduate,No,41279,0,47.8,120.0,0.0,578,42,0,Rural,0.965,N
Female,No,0,Graduate,No,14980,0,8.1,360.0,0.0,699,47,1,Semiurban,0.1502,N
Male,No,0,Graduate,,44780,0,16.3,120.0,1.0,694,42,0,Semiurban,0.3033,Y
Male,No,0,Not Graduate,No,80248,0,5.6,300.0,1.0,638,50,0,Urban,0.0233,Y
Male,Yes,0,Graduate,No,21605,42932,20.2,360.0,1.0,804,47,0,Urban,0.0869,Y
Female,No,0,Not Graduate,No,47266,0,26.6,240.0,1.0,825,35,2,Urban,0.2345,Y
Male,Yes,0,Graduate,No,33160,57886,25.3,360.0,0.0,519,39,0,Semiurban,0.0772,N
Male,,3+,Not Graduate,No,100707,80855,14.0,240.0,1.0,843,40,0,Urban,0.0321,Y
Female,Yes,1,Graduate,No,33360,47173,5.5,240.0,1.0,797,40,2,Urban,0.0285,Y
Female,No,3+,Graduate,No,94797,0,9.5,360.0,0.0,540,32,0,Urban,0.0278,Y
Male,Yes,0,Graduate,No,32901,37606,42.7,300.0,1.0,820,42,1,Rural,0.2019,Y
Male,Yes,0,Graduate,No,65224,0,34.0,360.0,1.0,599,32,1,Semiurban,0.1448,Y
Male,No,0,Not Graduate,No,50311,0,19.0,240.0,1.0,667,32,1,Urban,0.1574,Y
Male,Yes,0,Graduate,No,41393,8220,22.1,300.0,1.0,611,37,0,Rural,0.1485,Y
Female,No,0,Not Graduate,No,29874,0,10.8,180.0,1.0,622,41,1,Urban,0.2008,Y
Female,No,3+,Not Graduate,No,52133,0,43.6,300.0,1.0,787,51,2,Urban,0.2788,Y
Female,Yes,3+,Graduate,,35587,22486,13.0,300.0,1.0,709,46,0,Urban,0.0746,Y
Male,No,0,Graduate,No,31417,0,26.1,120.0,0.0,490,50,0,Urban,0.6923,N
Female,No,0,Graduate,No,92629,0,9.1,300.0,0.0,537,57,3,Urban,0.0327,N
Male,No,0,Graduate,Yes,58324,0,18.0,180.0,1.0,650,32,0,Semiurban,0.1715,Y
Female,No,0,Graduate,No,61195,0,42.5,360.0,1.0,733,46,0,Semiurban,0.1929,Y
Female,No,0,Not Graduate,No,36468,0,11.4,300.0,1.0,850,46,0,Semiurban,0.1042,Y
Female,Yes,0,Graduate,Yes,40417,43797,31.5,360.0,1.0,729,41,0,Semiurban,0.1039,Y
Female,Yes,0,Graduate,Yes,39172,12859,10.5,360.0,0.0,614,48,0,Rural,0.0561,N
Male,No,0,Graduate,No,52503,0,11.7,180.0,1.0,849,39,0,Urban,0.1238,Y
Female,Yes,0,Graduate,Yes,61139,65560,20.0,300.0,1.0,661,45,0,Semiurban,0.0526,Y
Male,Yes,0,Not Graduate,No,43690,6897,36.0,120.0,0.0,710,22,2,Semiurban,0.593,N
Female,No,0,Not Graduate,No,29842,0,16.8,120.0,1.0,672,38,1,Rural,0.4691,Y
Male,No,3+,Not Graduate,No,64879,0,29.1,,0.0,558,46,0,Urban,0.3738,N
Female,Yes,0,Not Graduate,No,45103,19410,39.9,300.0,1.0,680,49,0,Urban,0.2062,Y
Male,No,2,Graduate,No,21581,0,12.6,300.0,1.0,700,29,3,Semiurban,0.1946,N
Male,No,2,Graduate,No,15250,0,8.0,180.0,1.0,694,37,3,Semiurban,0.2914,Y
Male,Yes,3+,Graduate,No,51480,9677,16.2,240.0,1.0,742,26,3,Urban,0.1104,Y
Female,No,2,Not Graduate,No,29298,0,43.1,240.0,1.0,672,34,3,Semiurban,0.6129,N
Female,Yes,1,Not Graduate,No,55024,52168,12.3,240.0,1.0,719,41,1,Urban,0.0478,Y
Male,Yes,,Graduate,No,30097,16981,36.9,360.0,1.0,565,49,0,Rural,0.2177,Y
Male,Yes,0,Graduate,No,47410,32825,17.2,360.0,1.0,780,48,3,Urban,0.0595,Y
Female,Yes,0,Graduate,Yes,36710,15685,57.6,300.0,1.0,812,40,1,Urban,0.3664,N
Male,Yes,3+,Not Graduate,Yes,106506,9767,77.3,360.0,1.0,730,31,1,Urban,0.1847,Y
Male,No,2,Graduate,No,71336,0,37.3,300.0,1.0,777,36,2,Semiurban,0.1743,Y
Male,No,3+,Not Graduate,Yes,86999,0,7.5,360.0,1.0,635,66,1,Urban,0.0239,Y
Male,Yes,2,Graduate,No,44892,18661,4.7,180.0,1.0,847,23,1,Semiurban,0.0411,Y
Male,No,2,Graduate,No,66915,0,20.8,240.0,1.0,727,25,0,Rural,0.1295,Y
Male,Yes,1,Not Graduate,No,46436,11245,34.6,360.0,0.0,446,40,0,Urban,0.1666,N
Male,Yes,2,Graduate,Yes,92484,46278,27.1,360.0,0.0,699,46,0,Semiurban,0.0542,Y
Male,No,0,Not Graduate,No,42775,0,13.0,360.0,,775,47,1,Urban,0.0844,Y
Male,Yes,3+,Graduate,No,22054,37478,8.2,180.0,1.0,850,41,2,Urban,0.0765,Y
Male,Yes,2,Graduate,No,16329,16977,35.1,180.0,1.0,850,21,0,Urban,0.5855,Y
Male,No,,Not Graduate,No,102146,0,61.3,300.0,0.0,711,36,2,Urban,0.2,N
Female,Yes,1,Graduate,No,56345,66051,13.4,360.0,1.0,753,21,0,Semiurban,0.0304,Y
Male,No,0,Graduate,Yes,58228,0,33.0,240.0,0.0,654,42,3,Urban,0.2361,N
Male,Yes,0,Not Graduate,No,93417,88939,95.8,360.0,1.0,613,43,0,Rural,0.1459,Y
Male,Yes,3+,Graduate,No,19421,12754,17.9,360.0,1.0,685,37,1,Semiurban,0.1545,Y
Male,Yes,1,Graduate,No,37075,0,18.1,360.0,1.0,850,25,0,Semiurban,0.1356,Y
Male,Yes,0,Not Graduate,No,39417,24199,28.1,360.0,0.0,435,29,0,Rural,0.1227,N
Male,Yes,0,Graduate,No,64289,29285,16.9,360.0,1.0,738,21,0,Rural,0.0502,Y
Female,Yes,2,Not Graduate,No,31372,0,44.9,240.0,1.0,706,37,1,Semiurban,0.5963,Y
Male,No,2,Not Graduate,No,24326,0,15.8,360.0,1.0,787,70,0,Semiurban,0.1804,Y
Female,,2,Graduate,No,24217,0,19.7,360.0,1.0,728,37,3,Urban,0.226,Y
Male,Yes,1,Graduate,No,78803,20671,8.5,360.0,1.0,819,33,1,Semiurban,0.0237,Y
Male,Yes,0,Graduate,No,30599,0,17.4,120.0,0.0,591,40,0,Semiurban,0.4739,N
Male,Yes,0,Graduate,No,33658,10201,11.0,360.0,0.0,660,25,1,Rural,0.0697,N
Male,No,0,Not Graduate,,60916,0,24.7,360.0,0.0,623,26,0,Urban,0.1126,N
Male,,2,Not Graduate,No,31274,0,7.4,360.0,0.0,564,31,1,Urban,0.0657,N
Female,Yes,0,Graduate,No,18912,11124,36.2,240.0,0.0,551,48,1,Urban,0.5022,N
Male,No,1,Graduate,Yes,20114,0,11.9,360.0,1.0,825,42,0,Rural,0.1643,Y
Female,Yes,0,Not Graduate,No,43114,118582,58.6,240.0,1.0,766,36,1,Urban,0.151,Y
Female,Yes,0,Graduate,Yes,56878,15694,45.7,120.0,1.0,800,46,0,Semiurban,0.5248,Y
Male,Yes,3+,Not Graduate,Yes,40090,30298,27.7,300.0,1.0,823,57,0,Semiurban,0.1312,Y
Male,Yes,0,Not Graduate,No,55007,81890,8.0,180.0,0.0,543,46,1,Urban,0.0325,N
Male,Yes,2,Graduate,Yes,19803,0,13.8,180.0,1.0,686,27,0,Semiurban,0.3871,Y
Male,Yes,0,Graduate,No,20483,17739,11.7,300.0,1.0,679,21,0,Semiurban,0.102,Y
Male,No,0,Not Graduate,No,136895,0,12.6,360.0,0.0,683,21,0,Urban,0.0256,Y
Male,Yes,0,Graduate,Yes,82157,7612,51.7,360.0,0.0,598,48,1,Semiurban,0.16,Y
Male,Yes,0,Graduate,No,65152,66076,18.3,360.0,1.0,726,30,0,Rural,0.0387,Y
Male,Yes,2,Graduate,No,31893,14621,13.5,360.0,0.0,495,47,2,Rural,0.0806,N
Female,Yes,0,Not Graduate,No,39379,11928,12.8,300.0,1.0,784,33,1,Semiurban,0.0832,Y
Female,Yes,0,Graduate,No,44319,16137,14.6,300.0,1.0,787,42,1,Semiurban,0.0805,Y
Female,Yes,0,Graduate,No,85577,42200,27.6,360.0,1.0,760,46,0,Urban,0.06,Y
Male,Yes,1,Graduate,,54252,23838,7.6,360.0,1.0,725,29,0,Rural,0.027,Y
Male,Yes,2,Graduate,No,57697,12655,21.3,360.0,1.0,804,47,2,Urban,0.0841,Y
Male,Yes,0,Graduate,No,40789,0,25.9,240.0,0.0,586,31,0,Semiurban,0.2646,N
Male,Yes,1,Graduate,No,65929,0,7.1,300.0,1.0,838,30,0,Urban,0.0359,Y
Male,No,2,Graduate,No,51594,0,8.6,300.0,1.0,774,47,0,Urban,0.0556,Y
,No,1,Graduate,No,45343,0,19.5,120.0,1.0,596,45,0,Urban,0.3584,Y
Female,Yes,0,Graduate,No,30591,44852,47.7,360.0,0.0,578,43,0,Semiurban,0.1756,Y
Male,Yes,1,Graduate,No,41907,0,41.3,360.0,1.0,739,26,2,Semiurban,0.2737,Y
Male,Yes,1,Graduate,No,25854,0,13.9,360.0,1.0,647,34,0,Semiurban,0.1493,Y
Male,Yes,1,Graduate,No,43475,12960,46.8,240.0,1.0,807,46,2,Urban,0.3455,Y
Male,Yes,1,Not Graduate,No,46372,12751,16.6,360.0,0.0,412,63,0,Rural,0.078,N
Male,Yes,3+,Graduate,No,13330,11700,16.5,360.0,0.0,662,58,2,Urban,0.1831,N
Male,Yes,0,Graduate,No,39531,18635,21.3,240.0,1.0,772,33,2,Urban,0.1526,Y
Male,No,3+,Not Graduate,No,24638,0,33.2,300.0,1.0,531,31,0,Semiurban,0.4492,Y
Female,Yes,0,Graduate,No,56915,0,13.9,300.0,0.0,599,57,1,Rural,0.0814,Y
Female,Yes,1,Not Graduate,No,60997,23570,15.8,300.0,1.0,671,45,0,Urban,0.0623,Y
Female,Yes,0,Graduate,No,35840,32720,9.5,360.0,0.0,718,33,2,Semiurban,0.0385,Y
Male,No,0,Graduate,No,58367,0,24.8,300.0,1.0,635,39,2,Semiurban,0.1416,Y
Male,No,,Graduate,No,59607,0,35.2,360.0,0.0,662,24,0,Rural,0.164,N
Male,Yes,1,Graduate,No,39543,32769,36.5,300.0,1.0,800,49,0,Urban,0.1683,Y
Male,No,0,Graduate,No,95525,0,8.8,240.0,1.0,675,53,1,Semiurban,0.0384,Y
Male,Yes,0,Graduate,No,30868,17656,16.0,360.0,1.0,827,55,1,Urban,0.0916,Y
Female,No,0,Graduate,No,92567,0,42.4,240.0,,673,50,0,Urban,0.1909,Y
Female,No,3+,Not Graduate,No,39632,0,23.1,360.0,1.0,830,34,0,Urban,0.1619,Y
Male,Yes,2,Graduate,No,29095,29970,20.5,180.0,1.0,850,48,2,Rural,0.1928,Y
Male,No,0,Graduate,Yes,37206,0,20.2,360.0,,794,54,0,Urban,0.1508,Y
Female,Yes,2,Graduate,No,25599,15507,27.8,360.0,1.0,765,48,0,Rural,0.1879,Y
Male,Yes,3+,Graduate,No,65662,41670,23.8,300.0,0.0,547,47,0,Urban,0.0739,N
Male,Yes,0,Not Graduate,Yes,19903,48698,14.2,180.0,1.0,850,40,0,Rural,0.115,Y
Male,,1,Graduate,No,88859,0,34.1,360.0,1.0,790,28,1,Semiurban,0.1066,Y
Female,Yes,0,Graduate,No,27780,41660,9.8,240.0,1.0,669,58,1,Urban,0.0588,Y
Female,Yes,1,Graduate,Yes,67395,14401,44.4,360.0,1.0,845,38,1,Semiurban,0.1508,Y
Male,No,0,Not Graduate,No,44896,0,11.7,360.0,1.0,720,51,1,Urban,0.0724,Y
Female,Yes,0,Graduate,No,50788,19780,27.9,360.0,1.0,771,65,2,Urban,0.1098,Y
Female,Yes,0,Graduate,Yes,33024,44096,18.2,360.0,1.0,673,48,0,Semiurban,0.0656,Y
Male,Yes,0,Graduate,Yes,52913,27353,15.1,240.0,0.0,506,51,0,Semiurban,0.0784,N
Male,Yes,2,Graduate,Yes,47453,26840,45.4,360.0,0.0,510,28,0,Semiurban,0.1697,N
Male,Yes,0,Graduate,No,21398,28190,31.4,240.0,1.0,676,30,2,Rural,0.2638,Y
Female,Yes,0,Graduate,No,27412,0,19.4,240.0,1.0,756,52,1,Urban,0.2949,Y
Male,No,2,Not Graduate,No,33845,0,57.2,360.0,1.0,683,32,0,Rural,0.4694,Y
Female,No,0,Graduate,Yes,30409,0,36.2,360.0,0.0,519,23,0,Rural,0.3307,N
Male,Yes,0,Graduate,Yes,82984,13880,12.4,360.0,1.0,624,21,2,Urban,0.0356,Y
Female,Yes,3+,Graduate,No,44512,0,5.2,360.0,1.0,824,36,0,Urban,0.0324,Y
Male,Yes,2,Graduate,No,30051,0,21.4,360.0,1.0,699,35,0,Semiurban,0.1978,Y
Male,Yes,0,Graduate,No,34704,35932,46.1,240.0,0.0,414,49,1,Semiurban,0.2719,N
Female,Yes,0,Graduate,Yes,34467,37262,29.0,360.0,1.0,709,27,2,Urban,0.1123,Y
Female,Yes,3+,Graduate,No,38406,30498,51.6,180.0,1.0,673,53,0,Urban,0.416,Y
Female,No,0,Graduate,No,25909,0,14.0,240.0,0.0,608,25,2,Semiurban,0.2251,N
Male,Yes,0,Graduate,Yes,29526,4491,18.7,360.0,1.0,659,25,0,Semiurban,0.1527,Y
Female,Yes,0,Graduate,No,65076,40040,19.0,360.0,1.0,826,40,1,Urban,0.0502,Y
Male,No,0,Graduate,No,48663,0,23.2,360.0,1.0,696,39,1,Rural,0.1324,Y
Male,No,1,Graduate,Yes,41103,0,31.8,300.0,1.0,691,44,2,Semiurban,0.2579,Y
Male,Yes,2,Graduate,No,44414,13179,53.5,360.0,1.0,682,25,0,Urban,0.258,Y
Male,No,3+,Graduate,No,43357,0,60.7,360.0,1.0,753,42,1,Semiurban,0.3889,Y
Male,Yes,2,Not Graduate,No,39952,11514,54.6,300.0,1.0,746,21,1,Urban,0.3536,Y
Female,,0,Graduate,No,57443,0,30.0,240.0,1.0,675,21,2,Semiurban,0.2176,Y
Male,Yes,0,Graduate,No,55358,24809,16.4,240.0,0.0,592,58,1,Urban,0.0852,Y
Female,No,3+,Not Graduate,No,20214,0,,300.0,1.0,687,50,0,Urban,0.3793,Y
Male,No,0,Graduate,No,41532,0,29.8,180.0,1.0,786,38,0,Urban,0.3986,Y
,No,0,Not Graduate,No,20891,0,21.8,300.0,1.0,594,21,2,Urban,0.3478,Y
Male,No,3+,Graduate,Yes,60949,0,11.6,360.0,1.0,679,33,2,Semiurban,0.0529,Y
Female,Yes,1,Graduate,No,65110,0,15.2,360.0,1.0,692,43,0,Semiurban,0.0648,Y
Female,Yes,0,Graduate,No,32683,70595,33.8,360.0,1.0,836,33,0,Urban,0.0909,Y
Female,Yes,2,Graduate,No,41841,49797,17.3,300.0,1.0,816,55,1,Urban,0.0629,Y
Female,No,3+,Not Graduate,No,15433,0,20.4,120.0,0.0,625,45,0,Rural,1.1015,N
Male,No,0,Graduate,No,72142,0,,300.0,,621,28,0,Urban,0.0887,Y
Male,Yes,2,Graduate,Yes,63249,39600,11.8,360.0,1.0,715,21,0,Urban,0.0319,Y
Female,No,0,Graduate,No,78830,0,18.1,180.0,1.0,850,48,1,Semiurban,0.1276,Y
Male,No,0,Graduate,No,93272,0,15.3,240.0,1.0,697,47,2,Rural,0.0683,Y
Male,No,3+,Graduate,No,24051,0,13.3,360.0,1.0,722,46,0,Rural,0.1536,Y
Male,No,3+,Graduate,No,69149,0,10.6,240.0,1.0,727,57,3,Semiurban,0.0639,Y
Female,Yes,0,Graduate,No,92935,0,18.9,360.0,1.0,634,43,1,Urban,0.0565,Y
Male,Yes,0,Not Graduate,No,21009,21493,29.1,300.0,1.0,637,39,2,Semiurban,0.2282,Y
Male,Yes,0,Graduate,No,40717,21728,39.3,360.0,1.0,637,46,0,Urban,0.1748,Y
Male,Yes,1,Graduate,No,36986,25047,8.7,360.0,1.0,683,52,0,Urban,0.039,Y
Male,Yes,0,Graduate,No,68032,0,52.7,180.0,,750,46,0,Semiurban,0.4303,Y
Male,,0,Not Graduate,No,13400,0,23.9,300.0,1.0,725,38,0,Semiurban,0.5945,Y
Male,No,0,Graduate,No,109972,0,10.2,300.0,1.0,756,49,3,Urban,0.0309,Y
Female,Yes,0,Graduate,No,41929,5993,15.8,360.0,0.0,784,39,2,Urban,0.0916,Y
Male,Yes,0,Not Graduate,No,70126,23667,6.5,360.0,1.0,850,33,2,Rural,0.0193,Y
Male,Yes,2,Graduate,No,43040,19734,7.6,360.0,0.0,598,39,0,Rural,0.0336,N
Female,Yes,0,Graduate,No,56730,13395,56.4,300.0,1.0,793,34,0,Semiurban,0.2681,Y
Male,Yes,0,Graduate,No,13895,0,13.2,360.0,1.0,769,37,0,Semiurban,0.2639,Y
Male,Yes,2,Not Graduate,No,36591,40102,27.7,180.0,1.0,807,29,2,Rural,0.2007,Y
Female,Yes,1,Not Graduate,Yes,67770,47970,18.8,120.0,1.0,804,49,0,Semiurban,0.1354,Y
Male,Yes,0,Not Graduate,Yes,51245,7521,20.3,240.0,1.0,662,40,3,Semiurban,0.1439,N
Female,Yes,0,Graduate,Yes,19567,17110,25.0,,1.0,850,46,0,Urban,0.1893,Y
Female,Yes,1,Graduate,No,45739,0,5.8,360.0,0.0,728,43,0,Urban,0.0352,Y
Female,Yes,0,Graduate,No,29455,67321,44.3,300.0,1.0,797,28,2,Semiurban,0.1526,Y
Male,,2,Not Graduate,No,28206,12431,18.9,360.0,1.0,772,53,2,Urban,0.1292,Y
Male,Yes,0,Not Graduate,No,20737,0,14.8,300.0,1.0,746,36,1,Urban,0.2379,Y
Male,No,0,Graduate,,60437,0,26.6,360.0,1.0,728,34,2,Semiurban,0.1223,Y
Male,Yes,0,Graduate,No,77382,0,13.0,360.0,1.0,781,40,3,Urban,0.0467,Y
Female,Yes,1,Graduate,No,128037,18084,22.8,360.0,1.0,733,41,2,Rural,0.0433,Y
Male,No,3+,Graduate,No,21226,0,18.2,360.0,1.0,744,67,2,Urban,0.2382,Y
Male,Yes,0,Graduate,No,65100,15918,30.8,300.0,1.0,712,45,0,Semiurban,0.1267,Y
Male,No,0,Graduate,No,67278,0,17.7,120.0,1.0,698,33,1,Semiurban,0.2192,Y
,Yes,0,Graduate,No,33181,20063,10.8,,1.0,850,59,2,Semiurban,0.0563,Y
Male,Yes,0,Graduate,Yes,28035,7511,25.0,360.0,1.0,729,21,1,Urban,0.1954,Y
Female,Yes,2,Not Graduate,Yes,25774,6414,,300.0,1.0,684,33,1,Semiurban,0.1771,Y
,Yes,0,Not Graduate,No,34075,31480,6.7,360.0,1.0,736,32,2,Rural,0.0284,Y
Female,Yes,3+,Not Graduate,No,49085,43999,22.6,300.0,1.0,613,38,0,Rural,0.0809,Y
Female,Yes,,Graduate,No,87558,33702,14.5,360.0,1.0,806,42,1,Semiurban,0.0332,Y
Male,Yes,3+,Graduate,No,77085,9156,24.7,360.0,1.0,722,43,1,Rural,0.0796,Y
Male,Yes,2,Graduate,No,19777,30827,12.0,120.0,1.0,692,43,0,Urban,0.1976,Y
Male,Yes,0,Not Graduate,No,29899,0,9.7,,1.0,683,45,0,Rural,0.0901,Y
Female,No,0,Graduate,No,84950,0,40.8,360.0,1.0,579,37,1,Rural,0.1334,Y
Male,Yes,0,Graduate,No,30775,48626,33.3,120.0,1.0,850,52,2,Semiurban,0.3495,Y
Male,Yes,0,Graduate,No,43111,28488,20.0,300.0,1.0,739,21,1,Rural,0.0931,Y
Male,Yes,0,Not Graduate,No,18908,61573,26.1,180.0,1.0,850,21,0,Semiurban,0.1802,Y
,No,0,Graduate,No,78946,0,32.7,360.0,1.0,699,46,1,Urban,0.1151,Y
Male,Yes,3+,Graduate,No,17045,18927,20.0,120.0,1.0,763,34,3,Rural,0.4633,Y
Male,Yes,0,Graduate,No,19508,0,9.7,360.0,0.0,668,57,0,Semiurban,0.1381,N
Female,Yes,2,Not Graduate,No,75012,8605,24.0,360.0,1.0,766,49,1,Semiurban,0.0797,Y
Male,Yes,3+,Graduate,No,115848,16613,36.6,180.0,1.0,681,44,1,Semiurban,0.1535,Y
Female,No,2,Graduate,No,38357,0,28.7,360.0,1.0,563,33,1,Rural,0.2078,N
Female,No,0,Graduate,No,43329,0,20.8,360.0,1.0,850,45,0,Semiurban,0.1333,Y
Female,Yes,0,Not Graduate,No,69852,26577,28.2,360.0,1.0,656,34,3,Urban,0.0812,N
Male,Yes,0,Not Graduate,No,51263,7815,17.6,360.0,1.0,850,39,0,Semiurban,0.0828,Y
Female,No,0,Graduate,No,36805,0,37.6,360.0,1.0,668,34,0,Rural,0.2838,Y
Female,Yes,0,Graduate,Yes,34797,0,45.1,360.0,1.0,846,41,0,Semiurban,0.36,Y
Male,No,2,Not Graduate,Yes,20264,0,9.2,240.0,0.0,655,35,1,Rural,0.1892,N
Male,No,,Graduate,No,49835,0,39.2,300.0,0.0,659,49,1,Rural,0.2622,N
Male,Yes,0,Not Graduate,No,42363,16958,76.9,360.0,1.0,665,43,0,Semiurban,0.3601,Y
Male,No,3+,Graduate,No,35635,0,27.5,180.0,0.0,565,32,0,Urban,0.4287,N
Male,Yes,0,Graduate,No,26879,65557,36.2,360.0,1.0,687,33,0,Urban,0.1088,Y
Male,No,0,Not Graduate,No,28275,0,13.6,360.0,1.0,735,24,1,Semiurban,0.1336,Y
Male,Yes,2,Graduate,Yes,60427,0,14.8,300.0,1.0,702,21,2,Semiurban,0.0816,Y
Female,,,Graduate,No,68929,0,17.7,300.0,0.0,553,48,0,Rural,0.0856,N
Male,Yes,1,Graduate,No,37663,20403,15.8,180.0,1.0,637,34,1,Rural,0.1512,Y
Female,No,0,Not Graduate,No,35731,0,9.1,180.0,1.0,645,25,0,Urban,0.1415,Y
Male,Yes,2,Graduate,Yes,28946,0,,300.0,1.0,758,43,1,Semiurban,0.2084,Y
Male,Yes,0,Graduate,No,70856,13199,33.2,360.0,1.0,647,30,1,Semiurban,0.1097,Y
,Yes,0,Not Graduate,No,45049,9972,9.2,360.0,1.0,611,37,1,Urban,0.0464,Y
Male,Yes,1,Graduate,No,53314,23205,22.4,300.0,0.0,603,24,0,Semiurban,0.0976,Y
Male,Yes,0,Graduate,Yes,53063,25209,22.0,300.0,1.0,514,45,2,Rural,0.0937,Y
Male,Yes,0,Graduate,No,38031,6143,16.8,240.0,1.0,709,39,2,Urban,0.1585,N
Male,Yes,0,Not Graduate,No,24768,21865,27.1,360.0,1.0,717,43,3,Urban,0.1614,Y
Female,Yes,0,Graduate,No,26955,9332,25.6,120.0,1.0,761,33,0,Urban,0.5879,Y
Male,Yes,0,Graduate,No,77959,34159,16.1,300.0,1.0,741,41,0,Urban,0.0479,Y
Female,Yes,1,Graduate,No,30858,6232,38.0,360.0,0.0,475,22,1,Semiurban,0.2846,N
Female,Yes,1,Not Graduate,No,36128,84758,28.1,360.0,1.0,693,63,2,Urban,0.0646,Y
Female,No,1,Not Graduate,Yes,25155,0,51.6,300.0,1.0,769,43,3,Rural,0.6837,N
Female,Yes,0,Graduate,Yes,24148,0,19.3,360.0,1.0,748,57,0,Urban,0.222,Y
Male,No,0,Graduate,No,30195,0,16.6,360.0,1.0,640,35,2,Semiurban,0.1527,Y
Male,No,2,Not Graduate,No,103177,0,17.7,240.0,1.0,747,26,1,Urban,0.0715,Y
Female,Yes,2,Graduate,No,61637,41082,40.7,360.0,0.0,672,33,0,Rural,0.1101,Y
Male,Yes,0,Not Graduate,No,34085,18178,18.4,240.0,1.0,622,38,0,Semiurban,0.1467,Y
Male,No,0,Graduate,Yes,76225,0,19.1,300.0,1.0,534,37,2,Rural,0.0835,Y
Female,Yes,0,Graduate,No,41104,0,65.1,360.0,1.0,850,58,0,Rural,0.4399,Y
Female,Yes,0,Graduate,No,87306,0,9.0,360.0,1.0,738,29,1,Semiurban,0.0286,Y
Female,No,1,Not Graduate,No,134036,0,24.9,300.0,1.0,669,31,1,Rural,0.0619,Y
Female,Yes,0,Graduate,No,74167,0,19.4,180.0,0.0,546,46,0,Urban,0.1453,Y
Female,No,1,Graduate,No,46503,0,17.3,360.0,1.0,723,21,2,Semiurban,0.1033,Y
Male,Yes,0,Graduate,No,62922,0,11.3,360.0,1.0,804,38,0,Urban,0.0499,Y
Female,,0,Graduate,No,44691,0,13.5,360.0,1.0,574,40,2,Rural,0.0839,Y
Male,Yes,2,Graduate,No,17712,50678,15.7,360.0,1.0,674,43,0,Rural,0.0638,Y
Male,Yes,0,Graduate,No,31974,42000,27.0,300.0,1.0,850,42,0,Rural,0.1217,Y
Female,Yes,0,Not Graduate,No,27562,12524,33.5,360.0,1.0,784,60,1,Urban,0.2321,Y
Male,Yes,3+,Graduate,No,31622,0,6.9,360.0,0.0,657,28,2,Urban,0.0606,N
Male,No,2,Not Graduate,No,108753,0,9.8,300.0,0.0,627,31,0,Urban,0.03,Y
Male,Yes,2,Graduate,No,77736,34733,27.9,240.0,1.0,738,45,1,Urban,0.1034,Y
Female,No,0,Graduate,No,55295,0,29.4,300.0,1.0,668,40,0,Urban,0.1772,Y
Male,Yes,0,Graduate,Yes,66581,28311,8.3,300.0,1.0,660,42,2,Urban,0.0292,Y
Female,Yes,3+,Not Graduate,No,17222,20501,33.9,300.0,1.0,783,23,3,Rural,0.2995,Y
Male,Yes,0,Not Graduate,,63837,10416,19.9,180.0,1.0,661,62,0,Semiurban,0.1489,Y
Female,Yes,2,Graduate,No,70956,17898,31.4,300.0,1.0,736,43,0,Semiurban,0.1178,Y
Female,Yes,0,Not Graduate,No,14474,25565,12.0,360.0,1.0,724,21,2,Semiurban,0.0833,Y
Male,Yes,0,Graduate,No,65031,26751,8.7,300.0,1.0,850,45,1,Semiurban,0.0316,Y
Male,No,3+,Graduate,No,21763,0,,360.0,1.0,696,26,0,Rural,0.2131,Y
Male,No,0,Graduate,No,16564,0,17.1,360.0,1.0,815,48,0,Semiurban,0.2867,Y
Female,Yes,0,Graduate,Yes,86091,0,16.6,300.0,1.0,774,24,1,Urban,0.0643,Y
Female,Yes,0,Graduate,Yes,26809,21090,15.9,240.0,0.0,579,49,1,Semiurban,0.1383,N
Female,Yes,0,Graduate,No,31009,12172,55.5,360.0,,478,25,0,Rural,0.357,N
Male,Yes,0,Graduate,Yes,72751,28806,7.2,300.0,1.0,705,27,0,Urban,0.0236,Y
Female,Yes,0,Not Graduate,No,38078,0,12.1,360.0,1.0,791,40,0,Semiurban,0.0883,Y
Female,Yes,0,Graduate,No,40535,27581,15.6,180.0,1.0,600,31,0,Urban,0.1272,Y
Female,No,2,Graduate,No,40093,0,20.4,120.0,0.0,665,32,0,Urban,0.424,N
Female,No,0,Not Graduate,No,52775,0,30.8,,,831,21,0,Rural,0.2432,Y
Male,Yes,3+,Not Graduate,No,39610,33424,33.8,360.0,1.0,719,34,0,Urban,0.1286,Y
Male,Yes,0,Not Graduate,Yes,46961,0,38.3,360.0,1.0,792,48,2,Urban,0.2265,Y
Female,Yes,1,Graduate,No,34483,0,26.8,240.0,1.0,723,59,0,Urban,0.3238,Y
Female,No,0,Not Graduate,No,52887,0,7.1,360.0,0.0,641,47,2,Rural,0.0373,N
Male,Yes,1,Not Graduate,No,51892,55703,7.4,180.0,1.0,844,46,1,Urban,0.0382,Y
Male,Yes,3+,Graduate,No,114570,0,40.0,360.0,1.0,570,21,1,Rural,0.097,Y
Male,No,2,Graduate,No,36658,0,38.5,120.0,0.0,521,38,2,Urban,0.8752,N
Male,Yes,1,Graduate,,40454,51262,29.4,,1.0,823,31,0,Rural,0.089,Y
Male,Yes,0,Graduate,No,49982,41993,12.3,360.0,1.0,839,21,1,Rural,0.0371,Y
Female,Yes,,Graduate,,71842,38270,16.6,120.0,1.0,583,24,1,Urban,0.1256,Y
Female,Yes,3+,Not Graduate,No,25699,110311,15.8,360.0,0.0,731,45,3,Urban,0.0323,N
Male,Yes,3+,Graduate,No,46713,0,10.9,360.0,1.0,479,32,0,Urban,0.0648,Y
Male,Yes,0,Not Graduate,No,12659,12155,23.5,360.0,1.0,766,22,0,Rural,0.2631,Y
Male,Yes,3+,Graduate,Yes,38725,26164,73.2,360.0,1.0,730,31,3,Urban,0.3134,N
Male,Yes,0,Graduate,No,75839,18301,14.9,360.0,0.0,524,41,0,Urban,0.044,Y
Female,No,0,Graduate,No,30851,0,43.7,360.0,1.0,650,31,3,Urban,0.3935,N
Female,Yes,0,Graduate,No,48456,52892,11.8,360.0,1.0,653,25,2,Urban,0.0323,Y
Male,Yes,0,Graduate,No,34049,91342,8.0,360.0,1.0,692,28,0,Urban,0.0177,Y
Female,No,2,Not Graduate,No,28863,0,36.3,360.0,1.0,850,48,0,Rural,0.3493,Y
Female,No,2,Graduate,No,72095,0,17.6,360.0,1.0,784,21,0,Rural,0.0678,Y
Female,No,2,Not Graduate,No,26301,0,43.1,360.0,0.0,719,35,0,Semiurban,0.4552,N
Male,Yes,1,Graduate,No,51353,7226,48.5,240.0,1.0,681,37,0,Semiurban,0.345,Y
Female,Yes,0,Graduate,No,51750,16683,17.0,360.0,1.0,731,30,3,Semiurban,0.069,Y
Male,No,1,Graduate,No,28972,0,45.0,240.0,1.0,614,27,1,Semiurban,0.6472,Y
Male,No,0,Graduate,No,47947,0,11.9,120.0,1.0,685,49,0,Semiurban,0.2068,Y
Male,Yes,2,Graduate,No,27793,21769,11.8,360.0,1.0,660,49,0,Semiurban,0.0661,Y
Male,No,1,Graduate,No,57578,0,38.2,240.0,1.0,754,39,1,Semiurban,0.2764,Y
Male,Yes,1,Graduate,No,22983,39835,7.9,360.0,1.0,646,32,0,Semiurban,0.0349,Y
Male,No,0,Not Graduate,No,37429,0,20.1,360.0,1.0,635,39,1,Urban,0.1492,N
Male,No,2,Graduate,No,39090,0,42.5,120.0,1.0,746,42,1,Urban,0.906,N
Female,No,0,Graduate,Yes,77380,0,44.3,240.0,1.0,705,37,2,Urban,0.2385,Y
Female,No,0,Graduate,Yes,47573,0,15.5,360.0,1.0,647,43,2,Semiurban,0.0905,Y
Male,No,2,Not Graduate,No,71504,0,36.8,360.0,1.0,634,34,0,Urban,0.143,Y
Female,Yes,0,Not Graduate,No,58533,0,10.2,360.0,0.0,527,21,0,Semiurban,0.0484,N
Female,Yes,2,Not Graduate,Yes,58346,6263,13.5,360.0,1.0,783,36,0,Semiurban,0.058,Y
Female,Yes,0,Graduate,No,37573,87062,23.1,240.0,1.0,748,46,0,Rural,0.0772,Y
Male,Yes,0,Graduate,No,73899,0,25.2,300.0,1.0,642,38,0,Urban,0.1137,Y
Female,No,2,Not Graduate,No,37120,0,10.7,360.0,1.0,646,42,0,Semiurban,0.0801,Y
Female,Yes,0,Graduate,Yes,18678,12240,61.4,360.0,1.0,607,35,0,Semiurban,0.5516,Y
Female,Yes,0,Graduate,Yes,39839,16315,6.5,300.0,1.0,675,36,0,Urban,0.0386,Y
,Yes,0,Graduate,No,55644,12801,20.7,300.0,1.0,721,40,0,Semiurban,0.1008,Y
Male,No,0,Graduate,No,19864,0,22.6,300.0,1.0,631,59,1,Rural,0.3792,N
Female,Yes,1,Graduate,No,28494,40600,7.0,360.0,1.0,850,47,3,Urban,0.0281,Y
Male,Yes,0,Graduate,Yes,23974,0,44.5,360.0,0.0,646,46,1,Rural,0.5156,N
Male,Yes,2,Graduate,No,65733,0,12.9,120.0,1.0,707,40,1,Rural,0.1635,Y
Male,No,2,Graduate,No,102378,0,21.3,300.0,0.0,598,23,2,Semiurban,0.0694,Y
Female,Yes,0,Not Graduate,No,39941,47818,24.5,300.0,1.0,585,51,0,Rural,0.0931,Y
Female,No,1,Graduate,Yes,57859,0,8.4,360.0,1.0,602,48,0,Semiurban,0.0403,Y
Male,Yes,1,Graduate,No,57111,0,10.6,360.0,1.0,829,42,3,Semiurban,0.0516,Y
Female,Yes,0,Graduate,No,96461,23981,51.3,360.0,1.0,850,38,2,Rural,0.1183,Y
Male,No,0,Graduate,No,32007,0,19.3,120.0,1.0,511,44,0,Urban,0.5025,Y
Female,Yes,0,Graduate,No,39738,0,4.0,240.0,1.0,752,35,0,Urban,0.0419,Y
Female,Yes,1,Graduate,No,37407,0,16.8,300.0,1.0,834,46,0,Urban,0.1497,Y
Female,Yes,1,Graduate,No,46059,35288,19.7,360.0,1.0,679,29,3,Semiurban,0.0673,Y
Female,Yes,0,Graduate,Yes,155152,14441,22.9,180.0,1.0,847,21,1,Urban,0.075,Y
Male,Yes,2,Not Graduate,Yes,45044,0,6.1,360.0,0.0,659,25,0,Rural,0.0376,N
Female,Yes,2,Graduate,No,28930,0,19.7,240.0,1.0,751,40,1,Semiurban,0.2837,Y
Male,Yes,1,Graduate,No,24903,21584,12.2,360.0,1.0,688,35,0,Rural,0.0729,Y
Female,Yes,2,Graduate,No,82977,12970,22.9,360.0,1.0,718,36,0,Urban,0.0663,Y
Female,No,0,Not Graduate,,28865,0,27.2,360.0,0.0,550,24,0,Urban,0.2617,N
Female,No,2,Graduate,No,61808,0,25.5,360.0,1.0,737,41,0,Urban,0.1146,Y
Male,Yes,1,Not Graduate,Yes,31576,8519,46.6,360.0,1.0,733,27,1,Urban,0.3228,Y
Female,Yes,2,Graduate,No,23545,0,74.8,300.0,1.0,671,43,1,Semiurban,1.0589,N
Male,Yes,0,Graduate,Yes,60030,8308,10.2,300.0,1.0,535,22,1,Rural,0.0498,Y
Male,Yes,0,Graduate,No,32358,0,16.0,,1.0,692,29,1,Urban,0.1373,Y
Female,Yes,0,Graduate,Yes,54869,9910,31.4,120.0,1.0,618,27,2,Semiurban,0.4039,Y
Male,Yes,0,Graduate,Yes,56934,42934,,360.0,1.0,609,44,0,Semiurban,0.0517,Y
Female,Yes,1,Graduate,No,58287,62468,3.9,360.0,0.0,528,33,0,Urban,0.009,Y
Male,Yes,0,Graduate,No,38790,7516,17.9,360.0,0.0,664,43,0,Semiurban,0.1074,Y
Male,Yes,2,Graduate,Yes,62511,66578,42.1,360.0,0.0,490,51,0,Urban,0.0906,N
Female,No,1,Graduate,No,27965,0,8.7,120.0,1.0,630,58,0,Rural,0.2592,Y
Male,Yes,1,Not Graduate,No,13003,0,22.9,360.0,1.0,774,41,2,Rural,0.4892,N
Male,Yes,0,Not Graduate,Yes,63161,26397,6.4,360.0,1.0,641,26,0,Urban,0.0199,Y
Female,No,3+,Graduate,Yes,48185,0,33.9,360.0,1.0,609,52,0,Semiurban,0.1954,Y
Male,Yes,2,Not Graduate,No,32694,9740,23.2,240.0,1.0,783,55,0,Urban,0.2278,N
Female,Yes,2,Graduate,No,21257,0,14.3,300.0,0.0,578,37,0,Semiurban,0.2242,N
Male,Yes,0,Graduate,No,16022,12556,15.6,360.0,1.0,716,53,0,Rural,0.1516,Y
Female,Yes,0,Graduate,No,45518,0,8.2,360.0,1.0,690,42,0,Rural,0.05,Y
Female,Yes,0,Graduate,No,101153,0,36.8,300.0,1.0,748,21,2,Urban,0.1213,Y
Female,No,0,Graduate,No,41387,0,12.4,300.0,1.0,772,31,0,Urban,0.0999,Y
Male,Yes,0,Graduate,No,37024,20554,27.1,360.0,1.0,699,32,0,Semiurban,0.1307,Y
Female,Yes,1,Graduate,No,43819,13038,11.3,360.0,1.0,575,34,2,Rural,0.0552,Y
Female,No,1,Graduate,No,131874,0,75.1,360.0,1.0,737,28,0,Rural,0.1582,Y
Female,,0,Not Graduate,No,64599,0,51.2,300.0,1.0,679,27,0,Urban,0.2642,Y
Male,Yes,0,Not Graduate,Yes,27812,62858,69.7,360.0,1.0,787,53,0,Rural,0.2135,Y
Female,No,2,Graduate,No,44984,0,74.8,120.0,1.0,629,21,2,Rural,1.3856,N
Female,Yes,0,Graduate,No,52377,0,13.7,180.0,0.0,562,30,1,Urban,0.1453,N
Male,Yes,2,Graduate,No,26156,0,11.8,360.0,0.0,457,45,0,Rural,0.1253,N
Male,Yes,0,Graduate,No,64833,0,67.7,240.0,1.0,780,32,3,Urban,0.4351,Y
Female,Yes,0,Graduate,No,29469,0,18.5,360.0,1.0,820,42,1,Urban,0.1744,Y
Male,No,0,Graduate,,20838,0,33.1,360.0,1.0,666,34,2,Urban,0.4412,Y
Female,Yes,2,Graduate,No,46077,0,13.8,360.0,1.0,693,43,1,Semiurban,0.0832,Y
Female,Yes,0,Graduate,No,42571,12635,14.0,360.0,1.0,637,27,1,Rural,0.0704,Y
Female,Yes,2,Not Graduate,No,44333,0,33.0,180.0,1.0,646,21,1,Semiurban,0.4135,Y
Male,Yes,0,Not Graduate,No,30263,10840,6.2,240.0,1.0,772,34,0,Urban,0.0628,Y
Male,Yes,0,Graduate,No,32450,13140,32.1,240.0,0.0,545,21,0,Urban,0.2934,N
Female,Yes,1,Graduate,No,77981,0,27.5,360.0,1.0,753,37,0,Semiurban,0.098,Y
Male,No,0,Not Graduate,No,55301,0,14.6,360.0,1.0,709,25,0,Semiurban,0.0733,Y
Female,Yes,2,Graduate,No,27491,0,20.4,240.0,1.0,778,26,3,Semiurban,0.3092,Y
Male,Yes,0,Graduate,No,16725,29046,22.4,180.0,1.0,675,54,2,Urban,0.2719,Y
Male,Yes,0,Graduate,No,28079,17635,23.2,360.0,1.0,808,41,0,Rural,0.141,Y
Male,Yes,2,Graduate,No,47985,58564,30.4,360.0,1.0,850,21,0,Rural,0.0793,Y
Male,Yes,3+,Not Graduate,No,32339,24207,12.3,360.0,1.0,557,37,1,Semiurban,0.0604,Y
Female,No,0,Graduate,No,31107,0,101.4,360.0,1.0,702,36,0,Semiurban,0.9054,Y
Male,No,2,Graduate,No,33038,0,17.8,360.0,0.0,582,21,1,Rural,0.1497,N
Male,Yes,0,Graduate,No,42772,7538,18.6,240.0,1.0,646,42,1,Semiurban,0.154,Y
Male,Yes,2,Graduate,No,65665,37521,64.5,,1.0,747,48,1,Semiurban,0.1736,Y
Male,No,1,Graduate,Yes,44347,0,6.7,300.0,1.0,811,33,1,Semiurban,0.0504,Y
Male,Yes,0,Graduate,No,45751,28687,64.1,360.0,1.0,532,35,0,Urban,0.2392,Y
Female,Yes,0,Graduate,Yes,39639,14479,21.2,180.0,1.0,526,32,0,Semiurban,0.2176,Y
Male,Yes,0,Graduate,No,34555,19890,14.6,300.0,1.0,850,42,0,Rural,0.0894,Y
Male,No,0,Graduate,No,69364,0,10.3,360.0,1.0,688,35,1,Urban,0.0412,Y
Male,Yes,0,Graduate,No,64293,43804,9.4,360.0,1.0,718,36,0,Rural,0.0242,Y
Female,No,1,Graduate,Yes,123333,0,16.4,360.0,1.0,614,29,2,Semiurban,0.0369,Y
Male,No,3+,Graduate,,60191,0,23.7,360.0,1.0,714,60,0,Semiurban,0.1094,Y
Male,Yes,0,Graduate,No,34572,8326,29.2,360.0,1.0,833,35,1,Semiurban,0.1891,Y
Female,No,0,Graduate,No,28217,0,23.6,360.0,0.0,635,46,0,Semiurban,0.2323,Y
Female,No,1,Graduate,No,71430,0,14.8,360.0,0.0,607,41,3,Rural,0.0576,N
Male,Yes,3+,Not Graduate,No,29511,18122,44.9,360.0,1.0,551,21,0,Semiurban,0.2618,Y
Male,Yes,0,Graduate,No,66494,13849,99.9,360.0,1.0,777,34,1,Rural,0.3454,Y
Female,Yes,0,Graduate,No,30335,17419,49.2,360.0,1.0,711,25,3,Semiurban,0.2862,Y
Male,Yes,0,Graduate,No,52817,110682,16.2,120.0,1.0,655,49,0,Semiurban,0.0826,Y
Female,Yes,0,Graduate,No,26111,50734,27.1,300.0,1.0,768,24,1,Rural,0.1176,Y
Female,,0,Graduate,No,65509,0,28.2,300.0,1.0,634,43,1,Urban,0.1435,Y
Male,Yes,,Graduate,No,23937,27558,52.6,360.0,1.0,760,49,0,Semiurban,0.2837,Y
Male,No,0,Graduate,Yes,50842,0,16.4,300.0,1.0,820,41,1,Urban,0.1075,Y
Male,Yes,1,Graduate,No,40178,11677,11.3,300.0,1.0,724,38,1,Rural,0.0726,Y
Female,Yes,0,Graduate,No,46672,10476,39.7,300.0,0.0,552,34,0,Semiurban,0.2316,N
Male,Yes,0,Graduate,No,36392,14801,25.6,360.0,1.0,659,37,1,Rural,0.1389,Y
Male,Yes,,Graduate,Yes,35967,11298,10.3,300.0,0.0,624,23,0,Rural,0.0726,Y
Female,Yes,3+,Graduate,No,47925,14393,30.7,180.0,0.0,551,40,0,Urban,0.2737,N
Female,Yes,2,Not Graduate,No,26874,0,60.5,120.0,0.0,803,50,3,Urban,1.876,N
Male,Yes,0,Not Graduate,No,26795,0,13.2,240.0,1.0,583,28,1,Semiurban,0.2053,Y
Female,No,0,Graduate,Yes,37076,0,11.8,360.0,1.0,698,38,2,Semiurban,0.0884,Y
Male,No,1,Graduate,No,36361,0,,360.0,0.0,615,37,2,Urban,0.1566,N
Male,Yes,0,Graduate,No,26831,0,30.2,360.0,0.0,604,41,1,Urban,0.3126,N
Male,No,0,Graduate,No,70411,0,19.2,360.0,1.0,660,32,2,Semiurban,0.0757,Y
Male,No,0,Graduate,No,37525,0,39.7,360.0,1.0,821,21,0,Urban,0.2939,Y
Male,Yes,3+,Graduate,,39603,35775,23.5,180.0,1.0,770,26,0,Rural,0.1732,Y
Male,No,2,Graduate,Yes,22839,0,36.9,300.0,1.0,777,21,1,Rural,0.5385,Y
Female,No,1,Graduate,No,124969,0,13.0,360.0,1.0,650,47,2,Rural,0.0289,Y
Female,Yes,0,Graduate,No,149273,0,9.6,360.0,1.0,674,42,0,Urban,0.0179,Y
Female,Yes,3+,Not Graduate,No,30025,0,16.4,360.0,1.0,754,38,1,Urban,0.1517,Y
Male,Yes,3+,Graduate,Yes,81883,33373,9.0,300.0,1.0,611,30,0,Semiurban,0.026,Y
Male,Yes,3+,Graduate,No,42366,38882,25.7,360.0,0.0,650,36,0,Rural,0.0879,N
Male,No,0,Graduate,Yes,98902,0,6.0,360.0,1.0,701,38,1,Urban,0.0169,Y
Female,Yes,0,Graduate,No,52476,0,15.3,360.0,1.0,806,32,0,Urban,0.081,Y
Female,No,1,Graduate,Yes,46624,0,16.9,300.0,0.0,552,33,0,Urban,0.1208,N
Male,No,0,Graduate,No,12713,0,10.7,120.0,1.0,850,52,0,Semiurban,0.7013,Y
Male,Yes,0,Graduate,Yes,28587,15203,16.7,240.0,,747,24,3,Semiurban,0.1589,Y
Male,No,0,Graduate,No,44813,0,20.1,360.0,1.0,757,49,1,Urban,0.1246,Y
Male,Yes,2,Graduate,No,48988,0,43.0,120.0,1.0,648,21,0,Semiurban,0.7315,Y
Male,Yes,2,Graduate,No,24163,8343,10.8,360.0,1.0,733,56,0,Semiurban,0.0923,Y
Female,Yes,0,Graduate,No,30811,12415,24.9,300.0,1.0,661,21,0,Semiurban,0.192,Y
Female,Yes,2,Graduate,No,58497,18896,28.0,300.0,1.0,571,43,1,Semiurban,0.1206,Y
Male,Yes,1,Graduate,No,22212,12300,19.8,300.0,1.0,692,31,1,Rural,0.1912,Y
Male,No,2,Graduate,Yes,47423,0,14.9,180.0,,815,36,3,Semiurban,0.1745,Y
Female,No,0,Graduate,No,82370,0,10.1,180.0,1.0,704,37,2,Semiurban,0.0681,Y
Male,,0,Not Graduate,No,53784,17878,62.7,180.0,1.0,684,45,1,Rural,0.4861,Y
Male,No,0,Graduate,No,52457,0,21.0,180.0,0.0,562,21,1,Rural,0.2224,N
Male,No,0,Not Graduate,Yes,16154,0,16.6,,,850,38,1,Urban,0.5709,N
Male,Yes,1,Graduate,No,29409,10181,71.7,360.0,1.0,765,40,0,Urban,0.5031,N
Male,Yes,0,Not Graduate,No,123884,42314,23.0,180.0,1.0,567,31,2,Rural,0.0769,Y
Female,No,3+,Graduate,No,32873,0,92.4,240.0,1.0,661,37,0,Urban,1.1711,N
Male,Yes,0,Not Graduate,No,83470,0,8.6,360.0,1.0,674,31,0,Rural,0.0286,Y
Male,Yes,0,Graduate,No,32682,17779,17.4,,1.0,645,44,3,Urban,0.1916,Y
Female,Yes,0,Graduate,No,38603,31173,8.8,360.0,1.0,716,42,1,Rural,0.035,Y
Male,No,0,Graduate,Yes,57400,0,18.7,300.0,1.0,658,40,0,Semiurban,0.1086,Y
Female,Yes,0,Not Graduate,No,46646,25858,18.6,360.0,1.0,664,45,2,Rural,0.0713,Y
Female,Yes,2,Graduate,No,53678,0,15.3,,1.0,724,52,1,Urban,0.1188,Y
Male,Yes,0,Graduate,No,29460,38402,20.7,120.0,1.0,571,27,0,Rural,0.2542,Y
Female,No,1,Graduate,Yes,25131,0,15.7,360.0,1.0,516,62,1,Urban,0.1735,Y
Male,Yes,1,Graduate,Yes,28483,14188,18.8,300.0,1.0,822,42,0,Urban,0.1469,Y
Female,Yes,0,Graduate,No,33991,0,12.8,360.0,1.0,785,32,0,Urban,0.1046,Y
Male,No,1,Graduate,No,39552,0,47.7,300.0,1.0,743,63,3,Rural,0.402,Y
Female,Yes,2,Not Graduate,No,74506,16935,10.3,300.0,1.0,737,33,1,Semiurban,0.0375,Y
Female,No,0,Not Graduate,No,46336,0,22.8,360.0,1.0,693,25,3,Semiurban,0.1367,Y
Male,No,0,Graduate,No,56517,0,9.8,240.0,0.0,850,32,2,Semiurban,0.0722,N
Male,No,3+,Graduate,No,47610,0,12.2,300.0,1.0,727,32,0,Rural,0.0854,Y
Female,Yes,0,Graduate,No,25394,0,13.0,300.0,1.0,850,50,2,Semiurban,0.1706,Y
Female,Yes,0,Graduate,No,44741,26257,18.6,360.0,1.0,850,37,2,Semiurban,0.0728,Y
Male,No,3+,Graduate,No,47353,0,22.3,180.0,1.0,752,39,0,Semiurban,0.2616,Y
Female,No,0,Not Graduate,No,64858,0,10.3,360.0,0.0,571,39,1,Rural,0.0441,N
Male,Yes,0,Graduate,No,25996,0,15.7,300.0,1.0,711,51,0,Urban,0.2013,Y
Male,No,2,Not Graduate,No,15991,0,11.1,360.0,1.0,674,34,0,Urban,0.1928,Y
Male,Yes,2,Not Graduate,Yes,48442,0,10.8,360.0,0.0,631,36,0,Urban,0.0619,N
Male,Yes,0,Graduate,No,52941,0,39.7,240.0,1.0,771,30,1,Urban,0.3124,Y
Female,Yes,0,Not Graduate,Yes,40551,12218,8.7,360.0,1.0,600,33,0,Semiurban,0.0458,Y
Male,No,2,Graduate,Yes,44982,0,21.0,360.0,1.0,850,44,0,Semiurban,0.1297,Y
Female,Yes,1,Graduate,No,68829,0,55.6,360.0,0.0,520,46,1,Rural,0.2244,N
Male,Yes,0,Graduate,No,35263,46785,41.4,300.0,1.0,468,57,1,Urban,0.1682,Y
Male,No,0,Graduate,No,38587,0,25.9,300.0,1.0,703,37,0,Rural,0.2237,Y
Male,Yes,0,Graduate,No,46144,11751,19.9,300.0,0.0,487,35,3,Semiurban,0.1146,N
Male,Yes,2,Graduate,No,24103,22954,31.2,120.0,1.0,705,42,1,Urban,0.5525,N
,Yes,2,Graduate,No,41112,65882,25.1,360.0,1.0,716,33,2,Semiurban,0.0652,Y
Male,Yes,3+,Graduate,No,42964,7264,47.2,360.0,1.0,750,31,0,Rural,0.261,Y
Male,No,2,Graduate,No,100561,0,18.5,240.0,1.0,801,42,3,Urban,0.0767,Y
Male,No,1,Graduate,No,38213,0,36.6,360.0,0.0,499,34,3,Semiurban,0.266,N
Male,Yes,0,Graduate,No,49021,0,16.5,300.0,1.0,677,35,1,Urban,0.1122,Y
Male,No,2,Graduate,No,70214,0,62.6,240.0,1.0,771,45,3,Urban,0.3715,Y
Female,Yes,1,Graduate,No,29181,25158,18.2,360.0,0.0,531,41,1,Semiurban,0.093,N
Female,Yes,0,Graduate,No,88245,0,7.6,360.0,1.0,541,60,0,Rural,0.0239,Y
Male,Yes,0,Not Graduate,No,107145,17844,21.0,360.0,1.0,766,48,2,Semiurban,0.0467,Y
Male,Yes,3+,Graduate,Yes,43720,6991,31.8,360.0,1.0,659,30,1,Semiurban,0.1742,Y
Male,Yes,0,Graduate,No,33870,28269,,300.0,,653,34,0,Rural,0.2864,Y
Female,Yes,0,Graduate,No,100063,19555,11.0,180.0,1.0,721,23,0,Urban,0.0511,Y
Male,Yes,1,Graduate,No,66027,32479,7.1,360.0,0.0,590,27,1,Rural,0.02,N
Male,Yes,1,Graduate,No,46212,40842,27.1,240.0,1.0,800,52,1,Semiurban,0.1297,Y
Male,Yes,0,Graduate,No,90529,21513,26.6,360.0,,598,35,2,Rural,0.0659,Y
Male,Yes,2,Not Graduate,No,85862,29894,,300.0,1.0,850,23,1,Rural,0.0248,Y
Male,No,0,Not Graduate,No,37492,0,16.5,360.0,,583,21,0,Rural,0.1222,Y
Female,Yes,0,Graduate,No,50230,0,16.9,360.0,0.0,555,22,1,Urban,0.0935,N
Male,Yes,0,Not Graduate,No,59183,16994,32.9,360.0,0.0,512,29,0,Semiurban,0.12,N
Female,No,1,Graduate,No,44998,0,15.7,360.0,1.0,715,38,1,Semiurban,0.0969,Y
Male,No,3+,Not Graduate,No,22127,0,15.5,180.0,0.0,592,34,1,Semiurban,0.3891,N
Male,Yes,2,Graduate,No,27747,11494,21.5,240.0,,725,46,3,Semiurban,0.2283,Y
Female,Yes,3+,Graduate,No,22491,28984,8.8,360.0,1.0,734,28,1,Urban,0.0475,Y
Male,No,0,Graduate,No,56753,0,62.8,300.0,0.0,708,51,1,Urban,0.3688,N
Female,Yes,0,Graduate,No,24534,20518,35.2,360.0,0.0,604,37,2,Urban,0.217,N
Male,No,1,Not Graduate,No,48835,0,13.2,240.0,1.0,835,43,2,Rural,0.1126,Y
Male,No,0,Graduate,No,110852,0,10.3,360.0,1.0,552,32,0,Rural,0.0258,Y
Female,Yes,2,Graduate,No,90571,45031,10.8,240.0,1.0,513,49,0,Urban,0.0332,Y
Male,No,1,Graduate,No,17700,0,28.6,360.0,1.0,721,23,3,Rural,0.4488,Y
Female,Yes,3+,Graduate,No,23404,13574,11.0,240.0,1.0,739,24,3,Urban,0.1239,Y
Male,Yes,0,Graduate,Yes,30084,0,17.3,300.0,1.0,662,27,0,Semiurban,0.1917,Y
Female,No,0,Not Graduate,No,24723,0,7.3,180.0,1.0,709,51,0,Urban,0.164,Y
Male,Yes,,Not Graduate,No,19401,0,27.8,360.0,1.0,807,35,0,Rural,0.398,Y
Male,No,0,Graduate,No,44116,0,28.4,360.0,0.0,650,28,2,Semiurban,0.1788,N
Female,No,,Graduate,No,63105,0,18.0,240.0,1.0,680,36,2,Urban,0.1188,Y
Female,No,0,Graduate,No,71469,0,22.6,120.0,1.0,728,40,0,Semiurban,0.2635,Y
Female,Yes,0,Not Graduate,No,34988,15246,32.4,300.0,1.0,778,26,1,Urban,0.215,Y
Female,Yes,0,Not Graduate,No,38718,36040,22.2,360.0,0.0,479,40,2,Urban,0.0825,N
Female,Yes,0,Graduate,No,52989,5372,32.1,360.0,1.0,638,37,1,Urban,0.1528,Y
Male,,0,Not Graduate,No,42014,57018,10.0,180.0,1.0,793,32,0,Urban,0.0561,Y
Male,,0,Graduate,No,66523,8794,25.2,360.0,0.0,434,24,1,Rural,0.0929,N
Male,No,0,Graduate,Yes,55005,0,22.6,300.0,1.0,612,48,0,Semiurban,0.137,Y
Male,No,0,Not Graduate,No,36748,0,41.3,240.0,1.0,601,33,1,Urban,0.4683,Y
Male,Yes,0,Graduate,No,17530,0,20.5,240.0,1.0,793,21,0,Urban,0.4872,Y
Male,Yes,0,Graduate,No,93856,94353,18.9,360.0,0.0,492,42,0,Urban,0.0279,N
Male,No,0,Graduate,No,31475,0,14.4,360.0,1.0,781,42,0,Urban,0.1271,Y
,Yes,0,Graduate,No,53039,0,49.1,300.0,0.0,558,48,0,Semiurban,0.3086,N
Male,Yes,1,Graduate,Yes,17013,25183,4.9,360.0,1.0,850,43,3,Urban,0.0323,Y
Male,No,1,Not Graduate,No,44106,0,27.3,180.0,1.0,722,40,0,Semiurban,0.3439,Y
Male,No,2,Graduate,No,46636,0,19.8,300.0,1.0,806,33,3,Semiurban,0.1415,Y
Female,Yes,0,Not Graduate,Yes,47777,0,18.0,360.0,0.0,631,33,0,Urban,0.1047,N
Female,No,0,Graduate,No,200165,0,16.5,360.0,1.0,669,45,3,Rural,0.0229,Y
Female,Yes,2,Graduate,No,32352,20909,19.4,300.0,1.0,709,36,3,Urban,0.1214,Y
Male,No,0,Not Graduate,No,66858,0,26.8,360.0,1.0,711,22,0,Urban,0.1113,Y
Male,Yes,1,Graduate,No,57619,0,12.5,360.0,1.0,668,34,2,Urban,0.0603,Y
Male,Yes,0,Graduate,Yes,31593,11522,21.8,120.0,1.0,790,37,1,Urban,0.4213,Y
Male,No,0,Graduate,No,66359,0,24.8,240.0,1.0,850,21,1,Urban,0.1557,Y
Male,Yes,2,Graduate,No,40857,27507,11.3,180.0,1.0,720,46,1,Urban,0.0918,Y
Male,No,0,Graduate,No,68708,0,27.2,360.0,1.0,774,38,0,Rural,0.11,Y
Male,No,0,Not Graduate,,118241,0,24.9,360.0,1.0,758,23,2,Rural,0.0585,Y
Female,No,0,Not Graduate,No,47830,0,12.4,180.0,1.0,475,35,0,Semiurban,0.144,Y
Female,No,0,Graduate,No,38539,0,9.8,300.0,1.0,754,37,1,Semiurban,0.0848,Y
Male,Yes,0,Not Graduate,No,75040,23805,12.3,360.0,1.0,750,48,1,Semiurban,0.0346,Y
Male,No,1,Not Graduate,No,89172,0,21.8,360.0,1.0,598,48,1,Urban,0.0679,Y
Male,Yes,2,Graduate,Yes,28520,32136,19.2,360.0,1.0,549,50,1,Urban,0.0879,Y
Male,Yes,2,Graduate,No,35367,5591,46.4,180.0,1.0,748,42,2,Urban,0.6294,N
Female,No,0,Graduate,No,62175,0,16.1,300.0,0.0,738,31,2,Semiurban,0.0863,N
Male,Yes,3+,Graduate,Yes,41522,7325,11.8,240.0,1.0,677,28,0,Urban,0.1007,Y
Female,Yes,1,Graduate,Yes,27525,21446,29.8,360.0,1.0,680,30,0,Urban,0.169,Y
Male,Yes,0,Graduate,No,58125,15573,11.2,360.0,0.0,798,37,0,Urban,0.0422,Y
Female,Yes,2,Graduate,No,62053,0,12.5,360.0,1.0,791,38,2,Urban,0.056,Y
Male,No,1,Graduate,No,37527,0,12.6,180.0,0.0,481,49,3,Urban,0.1865,N
Female,Yes,1,Graduate,,45738,30676,3.3,360.0,1.0,646,35,0,Urban,0.012,Y
Male,Yes,0,Graduate,No,33247,19264,28.2,360.0,1.0,850,21,0,Urban,0.1492,Y
Female,No,0,Graduate,No,25652,0,35.3,360.0,1.0,650,25,1,Urban,0.3822,Y
Male,Yes,2,Not Graduate,No,34595,0,34.8,360.0,1.0,662,27,1,Urban,0.2794,N
Male,Yes,0,Graduate,No,46026,11768,62.3,240.0,1.0,770,27,2,Urban,0.4491,Y
Female,Yes,1,Not Graduate,Yes,21215,54199,49.6,,1.0,686,21,0,Urban,0.274,Y
Female,Yes,1,Not Graduate,No,35882,0,16.4,300.0,1.0,750,55,2,Semiurban,0.1523,Y
Female,Yes,2,Graduate,No,46347,4905,,360.0,1.0,736,21,0,Urban,0.2119,Y
Female,No,0,Not Graduate,Yes,80606,0,18.9,240.0,1.0,697,32,0,Urban,0.0977,Y
Female,Yes,1,Not Graduate,No,37938,46810,15.6,300.0,0.0,699,45,0,Urban,0.0614,Y
,No,0,Graduate,No,23791,0,12.8,360.0,1.0,595,44,2,Urban,0.1494,Y
Male,No,1,Not Graduate,No,39941,0,17.1,360.0,1.0,721,22,0,Urban,0.1189,Y
Male,No,1,Not Graduate,No,33414,0,24.5,180.0,0.0,538,51,0,Rural,0.4073,N
Female,Yes,0,Not Graduate,No,58459,53158,51.9,360.0,1.0,850,50,2,Rural,0.1292,Y
Male,Yes,1,Graduate,No,37461,0,31.1,360.0,0.0,574,36,1,Urban,0.2306,N
Male,Yes,0,Graduate,No,12000,35841,12.6,300.0,1.0,850,38,2,Semiurban,0.0878,Y
Female,No,0,Graduate,No,280916,0,10.7,360.0,0.0,552,28,1,Urban,0.0106,Y
Female,Yes,0,Graduate,No,47628,16657,28.3,180.0,1.0,720,41,0,Urban,0.2446,Y
Male,Yes,0,Graduate,No,46379,9061,,360.0,1.0,808,40,0,Semiurban,0.1729,Y
Male,Yes,0,Graduate,No,20523,31302,42.0,360.0,0.0,504,33,0,Urban,0.2251,N
Male,Yes,0,Graduate,Yes,21327,0,17.1,300.0,0.0,726,45,0,Semiurban,0.2673,N
Male,Yes,1,Graduate,No,42363,17243,26.6,360.0,1.0,712,42,0,Semiurban,0.124,Y
Male,Yes,2,Graduate,Yes,52475,33846,33.6,360.0,1.0,747,70,2,Semiurban,0.1081,Y
Female,Yes,1,Graduate,No,63011,17457,8.9,240.0,1.0,759,28,0,Rural,0.0461,Y
Female,Yes,0,Graduate,No,49947,0,23.7,240.0,1.0,703,53,0,Rural,0.1977,Y
Female,Yes,3+,Graduate,Yes,24515,11879,34.6,300.0,1.0,637,29,3,Rural,0.3169,Y
Male,No,1,Graduate,No,12680,0,27.3,300.0,1.0,718,44,1,Urban,0.7176,N
Female,Yes,0,Graduate,Yes,42188,0,19.1,180.0,,529,21,1,Urban,0.2515,Y
Male,Yes,2,Not Graduate,No,33963,39346,96.2,240.0,1.0,592,32,2,Semiurban,0.5468,Y
Male,Yes,0,Not Graduate,No,23593,9787,64.0,360.0,1.0,697,43,1,Rural,0.5326,N
,Yes,1,Not Graduate,Yes,67106,45926,20.2,360.0,1.0,849,41,2,Semiurban,0.0496,Y
Male,No,0,Graduate,No,20175,0,17.9,240.0,1.0,847,21,1,Rural,0.3697,Y
Male,Yes,0,Graduate,No,60384,18532,30.6,360.0,1.0,798,33,1,Urban,0.1077,Y
Female,No,2,Graduate,Yes,21915,0,19.4,360.0,1.0,571,54,1,Urban,0.2459,Y
Male,No,0,Not Graduate,No,47432,0,43.1,300.0,1.0,737,49,1,Urban,0.3029,Y
Female,No,0,Not Graduate,Yes,70756,0,9.4,360.0,1.0,633,49,0,Semiurban,0.0369,Y
Male,Yes,3+,Graduate,No,37460,19449,17.4,360.0,1.0,704,64,0,Rural,0.0849,Y
Female,Yes,3+,Not Graduate,No,103255,8284,30.3,,1.0,796,21,0,Urban,0.0755,Y
Male,No,1,Graduate,No,115722,0,36.7,300.0,1.0,769,34,0,Rural,0.1057,Y
Male,Yes,0,Graduate,No,49940,0,8.3,240.0,1.0,825,38,1,Semiurban,0.0692,Y
Female,No,0,Graduate,Yes,58145,0,11.3,240.0,1.0,583,30,1,Semiurban,0.081,Y
Male,No,2,Graduate,No,75384,0,7.3,180.0,1.0,618,39,1,Rural,0.0538,Y
Male,No,0,Graduate,Yes,58233,0,11.9,300.0,0.0,726,52,2,Urban,0.0681,N
Male,Yes,0,Not Graduate,No,55195,0,9.3,300.0,1.0,847,39,1,Rural,0.0562,Y
Male,No,0,Graduate,No,34131,0,27.8,120.0,1.0,709,21,0,Urban,0.6787,Y
Male,No,0,Graduate,No,19079,0,23.0,360.0,1.0,708,45,0,Urban,0.3348,N
Male,No,0,Not Graduate,Yes,22136,0,18.3,360.0,1.0,816,38,0,Semiurban,0.2296,Y
Female,Yes,0,Graduate,Yes,145974,10806,20.4,300.0,1.0,758,21,2,Rural,0.0434,Y
Male,Yes,0,Graduate,No,52116,16885,41.1,360.0,,765,31,1,Semiurban,0.1655,Y
Male,Yes,0,Graduate,No,39228,14074,10.7,360.0,1.0,627,21,2,Semiurban,0.0558,Y
Male,Yes,0,Graduate,Yes,83422,10403,6.3,180.0,1.0,813,35,0,Rural,0.0373,Y
Male,Yes,0,Graduate,Yes,30494,37655,30.8,360.0,1.0,692,32,1,Urban,0.1255,Y
Female,No,1,Graduate,No,59371,0,15.9,360.0,1.0,585,21,1,Rural,0.0744,Y
Male,Yes,2,Graduate,No,46101,22025,10.9,240.0,1.0,640,41,2,Semiurban,0.0667,Y
Female,No,0,Graduate,No,55827,0,28.0,180.0,0.0,536,26,1,Urban,0.2786,N
Male,Yes,0,Graduate,No,37489,13564,6.2,240.0,1.0,843,53,2,Urban,0.0506,Y
Female,Yes,0,Not Graduate,No,27382,0,12.0,240.0,1.0,647,40,3,Urban,0.1826,Y
Male,Yes,0,Not Graduate,No,29395,74364,4.8,360.0,0.0,625,35,3,Urban,0.0129,N
Female,Yes,0,Graduate,No,29973,19640,23.5,360.0,1.0,520,52,0,Urban,0.1316,Y
Male,No,0,Graduate,Yes,44290,0,51.6,180.0,1.0,794,41,1,Urban,0.6472,Y
Male,Yes,1,Graduate,Yes,20372,27974,14.2,360.0,0.0,519,42,0,Semiurban,0.0816,N
Male,Yes,1,Graduate,Yes,23773,0,12.5,240.0,1.0,745,37,2,Semiurban,0.2191,Y
Male,Yes,0,Graduate,No,47466,15520,58.6,300.0,1.0,745,35,3,Semiurban,0.3101,Y
Female,No,0,Not Graduate,No,41613,0,29.3,300.0,1.0,767,42,0,Urban,0.2347,Y
Male,Yes,2,Graduate,No,48782,0,83.8,240.0,1.0,740,55,3,Rural,0.7158,N
Male,Yes,0,Graduate,No,43368,0,22.1,300.0,0.0,762,21,1,Urban,0.1699,N
Female,Yes,1,Not Graduate,No,156291,130539,23.0,360.0,1.0,729,59,1,Semiurban,0.0223,Y
Male,Yes,0,Not Graduate,No,47258,0,47.8,240.0,1.0,850,27,1,Urban,0.4214,Y
Female,Yes,1,Graduate,No,36697,12135,18.4,360.0,1.0,767,40,0,Semiurban,0.1047,Y
Female,No,3+,Graduate,No,46656,0,23.3,180.0,1.0,735,21,3,Urban,0.2774,Y
Female,Yes,3+,Graduate,Yes,73864,106172,4.7,360.0,1.0,790,54,0,Rural,0.0073,Y
Female,Yes,0,Not Graduate,No,43269,14856,57.0,360.0,1.0,728,23,2,Rural,0.2724,Y
Male,Yes,0,Graduate,Yes,62465,10446,25.4,180.0,1.0,750,50,0,Semiurban,0.1935,Y
Male,Yes,0,Graduate,No,54069,32353,18.8,360.0,0.0,621,35,1,Urban,0.0604,Y
Male,Yes,3+,Not Graduate,No,38361,0,34.6,360.0,1.0,732,36,0,Urban,0.2505,Y
Male,No,0,Graduate,No,46884,0,9.9,300.0,1.0,850,24,0,Rural,0.0704,Y
Female,No,0,Not Graduate,No,98663,0,14.4,180.0,,850,51,3,Semiurban,0.0811,Y
Female,No,0,Not Graduate,No,50088,0,28.0,360.0,1.0,739,36,1,Rural,0.1553,Y
Male,No,0,Graduate,No,27092,0,20.6,300.0,1.0,823,46,0,Urban,0.2534,Y
Male,Yes,0,Not Graduate,No,37807,2785,26.3,300.0,1.0,818,21,1,Rural,0.216,N
Female,Yes,1,Graduate,No,15412,78761,23.3,360.0,1.0,808,28,0,Rural,0.0687,Y
Male,Yes,0,Not Graduate,No,47510,42331,29.3,360.0,1.0,759,41,0,Semiurban,0.0906,Y
Male,Yes,0,Not Graduate,No,85479,13070,9.1,300.0,1.0,770,21,1,Urban,0.0308,Y
Male,Yes,3+,Graduate,No,22681,81691,43.2,360.0,,641,42,3,Semiurban,0.115,N
Female,Yes,2,Graduate,No,47804,8434,15.0,360.0,1.0,645,31,2,Rural,0.0741,Y
Male,No,2,Not Graduate,No,72600,0,20.8,180.0,,704,29,0,Rural,0.1592,Y
Female,No,0,Graduate,Yes,76540,0,14.0,360.0,1.0,602,44,2,Urban,0.0508,Y
Female,No,2,Graduate,Yes,84112,0,16.9,120.0,0.0,642,40,1,Urban,0.1674,N
Male,No,0,Graduate,Yes,17429,0,23.0,360.0,1.0,749,26,0,Rural,0.3665,Y
Male,Yes,0,Graduate,Yes,57095,13024,31.2,240.0,,653,50,2,Semiurban,0.1854,N
Female,Yes,0,Not Graduate,No,20894,0,34.5,300.0,0.0,520,44,0,Rural,0.5504,N
Male,No,0,Not Graduate,No,26926,0,26.0,360.0,0.0,677,21,0,Rural,0.2682,N
Female,Yes,0,Graduate,No,66874,5295,14.0,360.0,,752,35,0,Rural,0.0539,Y
Female,Yes,3+,Graduate,No,48003,30467,25.1,300.0,1.0,850,42,3,Urban,0.1066,N
Female,Yes,0,Graduate,Yes,63778,22794,23.2,360.0,0.0,663,37,2,Urban,0.0744,N
Female,Yes,0,Graduate,No,27874,29327,20.8,360.0,1.0,656,21,0,Urban,0.101,Y
Female,Yes,0,Graduate,No,92670,24843,27.7,360.0,1.0,588,39,0,Rural,0.0655,Y
Female,Yes,0,Graduate,No,62578,42957,9.3,360.0,1.0,730,46,0,Semiurban,0.0245,Y
Male,Yes,1,Graduate,Yes,69193,20893,6.0,360.0,1.0,617,37,0,Urban,0.0185,Y
Male,No,0,Not Graduate,No,25846,0,41.0,360.0,1.0,644,39,2,Urban,0.4406,Y
Male,,2,Graduate,No,79674,12798,18.6,360.0,0.0,503,49,2,Urban,0.0559,N
Female,Yes,0,Graduate,No,37870,13319,25.8,360.0,0.0,538,21,3,Rural,0.14,N
Male,Yes,1,Graduate,No,32676,57712,11.9,360.0,1.0,841,46,0,Semiurban,0.0366,Y
Female,Yes,1,Not Graduate,No,60641,56895,42.8,360.0,1.0,623,42,1,Semiurban,0.1012,Y
Male,No,2,Not Graduate,No,59374,0,24.8,360.0,1.0,672,21,0,Urban,0.116,Y
Female,No,2,Not Graduate,No,29045,0,18.0,120.0,1.0,581,46,0,Rural,0.5164,N
Male,No,1,Graduate,No,124014,0,23.8,120.0,1.0,556,58,2,Urban,0.1599,Y
Female,Yes,0,Graduate,No,109883,55806,7.1,360.0,1.0,685,42,0,Semiurban,0.0119,Y
,Yes,0,Graduate,Yes,60025,53684,25.1,360.0,0.0,609,44,0,Urban,0.0613,N
Male,Yes,2,Graduate,No,55006,21068,49.0,360.0,1.0,606,26,0,Urban,0.1789,Y
Male,Yes,2,Graduate,No,52307,113473,24.3,360.0,1.0,573,31,1,Urban,0.0407,Y
Female,Yes,0,Not Graduate,No,20435,30371,22.5,300.0,1.0,542,27,0,Semiurban,0.1476,Y
Male,Yes,0,Graduate,No,46930,10147,16.6,180.0,1.0,723,42,0,Semiurban,0.1616,Y
Male,Yes,2,Graduate,No,46619,18161,38.5,360.0,1.0,794,32,1,Urban,0.1651,Y
Female,No,0,Not Graduate,No,33256,0,42.0,180.0,1.0,581,32,1,Urban,0.7016,N
,Yes,0,Graduate,No,37999,23400,15.5,360.0,1.0,652,46,1,Rural,0.0701,Y
Female,No,0,Graduate,No,13485,0,24.9,360.0,1.0,807,56,0,Urban,0.5129,Y
Male,Yes,1,Graduate,No,25626,11278,23.1,360.0,1.0,691,37,0,Urban,0.1739,Y
Male,,3+,Graduate,No,70327,8673,25.6,300.0,,701,21,2,Semiurban,0.108,Y
Female,No,0,Not Graduate,Yes,105408,0,12.6,180.0,1.0,744,38,0,Rural,0.0664,Y
Male,No,0,Graduate,No,27676,0,,240.0,0.0,550,40,0,Urban,0.6007,N
Female,Yes,0,Not Graduate,Yes,48602,0,28.2,360.0,0.0,520,47,0,Rural,0.1612,N
Male,Yes,0,Not Graduate,No,76818,42627,41.3,300.0,1.0,738,34,0,Urban,0.1153,Y
Male,Yes,1,Not Graduate,Yes,34197,15248,10.3,360.0,1.0,586,48,1,Urban,0.0579,N
Male,Yes,0,Graduate,Yes,62201,0,10.7,300.0,1.0,565,46,2,Urban,0.0573,Y
Male,No,0,Graduate,No,43613,0,69.1,360.0,1.0,648,35,0,Semiurban,0.4401,Y
,No,1,Graduate,,80435,0,40.0,360.0,1.0,774,47,1,Urban,0.1381,Y
Male,,1,Graduate,No,23360,20220,12.3,300.0,1.0,815,48,0,Semiurban,0.0941,Y
Female,Yes,0,Not Graduate,No,25533,0,33.8,360.0,1.0,667,26,3,Urban,0.3677,N
Male,Yes,0,Graduate,No,51010,5054,15.2,240.0,1.0,785,49,0,Urban,0.113,Y
Female,Yes,3+,Not Graduate,No,46542,55379,7.2,360.0,1.0,834,37,0,Rural,0.0196,Y
Female,No,0,Graduate,No,43124,0,5.7,300.0,1.0,713,35,0,Semiurban,0.0441,Y
Male,No,2,Graduate,No,59155,0,19.8,360.0,1.0,767,37,0,Urban,0.093,Y
Male,Yes,0,Not Graduate,No,27852,0,51.2,240.0,1.0,850,52,1,Semiurban,0.7659,N
Female,Yes,2,Graduate,No,22366,15513,50.0,,1.0,647,52,1,Semiurban,0.3667,Y
Female,Yes,2,Not Graduate,No,34543,20913,42.8,240.0,1.0,688,43,1,Urban,0.3216,Y
Female,Yes,1,Graduate,No,36529,9530,33.0,360.0,1.0,850,41,2,Semiurban,0.199,Y
Female,No,2,Not Graduate,No,38489,0,24.3,180.0,0.0,505,37,0,Urban,0.3507,N
Female,Yes,,Graduate,No,83661,0,40.1,240.0,1.0,724,68,1,Semiurban,0.1997,Y
Male,Yes,1,Not Graduate,No,65200,94893,6.0,360.0,1.0,653,30,0,Rural,0.0104,Y
Male,Yes,0,Graduate,No,57909,0,36.4,360.0,1.0,833,33,1,Urban,0.1746,Y
Female,No,0,Graduate,,49563,0,10.3,360.0,1.0,603,41,2,Urban,0.0577,Y
Male,Yes,2,Not Graduate,Yes,35700,63137,11.6,240.0,1.0,704,28,3,Urban,0.0489,Y
Female,No,1,Not Graduate,No,28941,0,30.5,,1.0,616,50,1,Rural,0.2927,Y
Male,No,0,Graduate,No,24378,0,35.1,360.0,0.0,458,22,3,Semiurban,0.3999,N
Male,No,0,Graduate,No,31343,0,13.9,240.0,1.0,539,30,1,Urban,0.1848,Y
Female,Yes,1,Graduate,No,43414,12527,29.6,360.0,1.0,695,34,3,Semiurban,0.147,Y
Female,Yes,0,Graduate,No,24897,0,28.2,360.0,0.0,634,27,2,Urban,0.3146,N
